2.086110305786132812e+01,1.940453357696533132e+01,2.086111640930175781e+01,1.940454692840576101e+01,9.576875567436218262e-01,9.591273486614226851e-01,1.021820545196533203e+00,1.025283038616180420e+00,7.367332458496093750e+00,5.975797557830810902e+00,9.743599891662597656e-01,9.734711229801178423e-01,1.053990268707275391e+01,1.047085456848144602e+01,1.280566175410058349e-05,1.280566175410058349e-05
1.736891174316406250e+01,1.907215805053710866e+01,1.736892509460449219e+01,1.907217140197753835e+01,9.574687480926513672e-01,9.588561177253722700e-01,9.656401276588439941e-01,1.024168622493743852e+00,4.101832866668701172e+00,5.985272073745727894e+00,9.675096273422241211e-01,9.731190264225005881e-01,1.037646007537841797e+01,1.013074207305908203e+01,1.280546803172910586e-05,1.280546803172910586e-05
2.479205131530761719e+01,1.875868053436279226e+01,2.479206466674804688e+01,1.875869388580322195e+01,9.654625058174133301e-01,9.586453974246978982e-01,1.051009416580200195e+00,1.023288774490356490e+00,1.239260482788085938e+01,5.998165607452392578e+00,9.794282913208007812e-01,9.727981030941009744e-01,9.403546333312988281e+00,9.805782699584961293e+00,1.280527612834703177e-05,1.280527612834703177e-05
1.394936275482177734e+01,1.849398288726806783e+01,1.394937515258789062e+01,1.849399623870849751e+01,9.750615358352661133e-01,9.584745407104492410e-01,9.767897129058837891e-01,1.023057889938354448e+00,1.606628060340881348e+00,6.042789363861084340e+00,9.866141676902770996e-01,9.724983930587768333e-01,9.404269218444824219e+00,9.497162342071533203e+00,1.280508695344906300e-05,1.280508695344906300e-05
1.547170543670654297e+01,1.823958435058593608e+01,1.547171783447265625e+01,1.823959770202636577e+01,9.423745274543762207e-01,9.583277642726898415e-01,9.709972143173217773e-01,1.022880434989929199e+00,3.536005496978759766e+00,6.079306554794311701e+00,9.555178880691528320e-01,9.722243845462799072e-01,9.066810607910156250e+00,9.206845569610596414e+00,1.280490141652990133e-05,1.280490141652990133e-05
1.458992385864257812e+01,1.799855880737304759e+01,1.458993625640869141e+01,1.799857215881347727e+01,9.503012895584106445e-01,9.581932902336121050e-01,9.811275601387023926e-01,1.022642266750335649e+00,3.453742504119873047e+00,6.115488767623901367e+00,9.719825387001037598e-01,9.719699978828429954e-01,8.232769966125488281e+00,8.930264282226563211e+00,1.280471406062133610e-05,1.280471406062133610e-05
1.299705123901367188e+01,1.774777946472168111e+01,1.299706363677978516e+01,1.774779281616211080e+01,9.611335396766662598e-01,9.580828905105590598e-01,9.635030627250671387e-01,1.022032558917999268e+00,1.784982919692993164e+00,6.126905632019043146e+00,9.729725122451782227e-01,9.717341899871826394e-01,8.314458847045898438e+00,8.669024658203124289e+00,1.280452852370217443e-05,1.280452852370217443e-05
1.812011337280273438e+01,1.753071632385253764e+01,1.812012672424316406e+01,1.753072967529296733e+01,9.623922705650329590e-01,9.579761266708374245e-01,1.006707787513732910e+00,1.021840512752532959e+00,6.290167808532714844e+00,6.162992286682128729e+00,9.756259322166442871e-01,9.715088784694672075e-01,8.885219573974609375e+00,8.416398143768310192e+00,1.280434662476181984e-05,1.280434662476181984e-05
1.212893295288085938e+01,1.734332790374755717e+01,1.212894535064697266e+01,1.734334125518798686e+01,9.693931341171264648e-01,9.578759193420409712e-01,9.735453128814697266e-01,1.022025036811828658e+00,1.662938952445983887e+00,6.213738489151000799e+00,9.805359244346618652e-01,9.712985932826996294e-01,7.542520046234130859e+00,8.178389358520508523e+00,1.280416745430557057e-05,1.280416745430557057e-05
1.355580902099609375e+01,1.716730384826660227e+01,1.355582141876220703e+01,1.716731719970703196e+01,9.690836668014526367e-01,9.577799320220947710e-01,9.734008908271789551e-01,1.022285282611846924e+00,2.382465600967407227e+00,6.264412403106689453e+00,9.822869896888732910e-01,9.710989892482757568e-01,8.248572349548339844e+00,7.951727056503296254e+00,1.280399010283872485e-05,1.280399010283872485e-05
3.388233947753906250e+01,1.711332950592041158e+01,3.388235092163085938e+01,1.711334285736084126e+01,9.484963417053222656e-01,9.577487528324126753e-01,1.389382958412170410e+00,1.022317898273467973e+00,2.281073188781738281e+01,6.276045799255371094e+00,9.617345333099365234e-01,9.710408687591552956e-01,7.771994113922119141e+00,7.886176300048828303e+00,1.280393735214602202e-05,1.280393735214602202e-05
1.465398788452148438e+01,1.694071636199951314e+01,1.465400028228759766e+01,1.694072971343994283e+01,9.533888697624206543e-01,9.576697647571563721e-01,9.988578557968139648e-01,1.022323751449584872e+00,4.255618572235107422e+00,6.316476726531982777e+00,9.678247570991516113e-01,9.708573639392852339e-01,7.478297233581542969e+00,7.673388624191284535e+00,1.280375909118447453e-05,1.280375909118447453e-05
1.414950752258300781e+01,1.677033796310424663e+01,1.414951992034912109e+01,1.677035112380981374e+01,9.444092512130737305e-01,9.575998604297637495e-01,9.938127398490905762e-01,1.022205710411071777e+00,3.988549709320068359e+00,6.352236700057983576e+00,9.600565433502197266e-01,9.706830561161041704e-01,7.262679100036621094e+00,7.467612934112549006e+00,1.280358628719113767e-05,1.280358628719113767e-05
1.330481147766113281e+01,1.661404104232788015e+01,1.330482387542724609e+01,1.661405420303344727e+01,9.489440917968750000e-01,9.575362682342529741e-01,9.669563174247741699e-01,1.022221648693084628e+00,3.413741350173950195e+00,6.391364812850952148e+00,9.647704362869262695e-01,9.705205142498016802e-01,7.010398864746093750e+00,7.272397804260253729e+00,1.280341166420839727e-05,1.280341166420839727e-05
1.388627433776855469e+01,1.647771492004394389e+01,1.388628673553466797e+01,1.647772808074951101e+01,9.817067980766296387e-01,9.574633300304412620e-01,9.838793873786926270e-01,1.022531127929687589e+00,3.461131095886230469e+00,6.442996740341186523e+00,9.914674162864685059e-01,9.703547954559326172e-01,7.468090057373046875e+00,7.084368848800659535e+00,1.280323704122565687e-05,1.280323704122565687e-05
1.910949707031250000e+01,1.636694326400756694e+01,1.910951042175292969e+01,1.636695642471313406e+01,9.551106691360473633e-01,9.573966920375823753e-01,1.094390749931335449e+00,1.023119401931762651e+00,9.141208648681640625e+00,6.512325620651244762e+00,9.696696996688842773e-01,9.701950430870056596e-01,6.949117660522460938e+00,6.903906631469726385e+00,1.280306423723232001e-05,1.280306423723232001e-05
1.538760089874267578e+01,1.625228576660156321e+01,1.538761329650878906e+01,1.625229873657226420e+01,9.442587494850158691e-01,9.573398888111114280e-01,1.013997912406921387e+00,1.023532772064208896e+00,5.800819396972656250e+00,6.569389009475708363e+00,9.593880772590637207e-01,9.700459539890289307e-01,6.669137001037597656e+00,6.731978368759155451e+00,1.280289416172308847e-05,1.280289416172308847e-05
1.292304420471191406e+01,1.613029413223266673e+01,1.292305660247802734e+01,1.613030710220336772e+01,9.613656401634216309e-01,9.572885215282440630e-01,9.664013385772705078e-01,1.023650288581848145e+00,3.367398023605346680e+00,6.612741756439208807e+00,9.719349145889282227e-01,9.699054598808288796e-01,6.655944347381591797e+00,6.566707801818847834e+00,1.280272681469796225e-05,1.280272681469796225e-05
1.138300704956054688e+01,1.602331523895263743e+01,1.138301944732666016e+01,1.602332811355590891e+01,9.607280492782592773e-01,9.572305738925933616e-01,9.617536664009094238e-01,1.024035167694091752e+00,2.086740255355834961e+00,6.663469409942626598e+00,9.747352004051208496e-01,9.697673141956328902e-01,6.399049758911132812e+00,6.408812904357910512e+00,1.280255673918873072e-05,1.280255673918873072e-05
1.490364742279052734e+01,1.593585624694824254e+01,1.490365982055664062e+01,1.593586893081664968e+01,9.604731798171997070e-01,9.571648180484771951e-01,9.788497686386108398e-01,1.024687910079955966e+00,5.801498889923095703e+00,6.728852987289428711e+00,9.720723628997802734e-01,9.696239352226256880e-01,6.190752983093261719e+00,6.255526733398437678e+00,1.280238848266890272e-05,1.280238848266890272e-05
1.218250274658203125e+01,1.591698169708251953e+01,1.218251514434814453e+01,1.591699438095092844e+01,9.812862277030944824e-01,9.571477770805358887e-01,9.840368032455444336e-01,1.024974536895751909e+00,2.624345302581787109e+00,6.754567098617553889e+00,9.909752607345581055e-01,9.695816874504089578e-01,6.601859092712402344e+00,6.210710477828979670e+00,1.280233755096560344e-05,1.280233755096560344e-05
1.749639511108398438e+01,1.585253591537475515e+01,1.749640846252441406e+01,1.585254859924316406e+01,9.507660865783691406e-01,9.570891618728637473e-01,1.070454001426696777e+00,1.025822460651397705e+00,8.628050804138183594e+00,6.833437252044677557e+00,9.619317650794982910e-01,9.694469034671783225e-01,5.885192394256591797e+00,6.066739940643310902e+00,1.280216929444577545e-05,1.280216929444577545e-05
1.916757965087890625e+01,1.577545261383056641e+01,1.916759300231933594e+01,1.577546529769897532e+01,9.731724858283996582e-01,9.570188164710998757e-01,1.067513585090637207e+00,1.026435041427612216e+00,9.780755043029785156e+00,6.893462276458739879e+00,9.843578934669494629e-01,9.693151175975799339e-01,6.361780643463134766e+00,5.929221391677856445e+00,1.280200558539945632e-05,1.280200558539945632e-05
1.728918457031250000e+01,1.573066711425781250e+01,1.728919792175292969e+01,1.573067979812622141e+01,9.638706445693969727e-01,9.569457888603210005e-01,1.046952247619628906e+00,1.027536916732788130e+00,8.102200508117675781e+00,6.982891893386840465e+00,9.762507677078247070e-01,9.691798686981201172e-01,6.199909210205078125e+00,5.794112730026244940e+00,1.280183914786903188e-05,1.280183914786903188e-05
1.558173370361328125e+01,1.569469881057739258e+01,1.558174610137939453e+01,1.569471149444580149e+01,9.646458625793457031e-01,9.568938434123992476e-01,9.996530413627624512e-01,1.028714680671691806e+00,7.035113811492919922e+00,7.076317834854125799e+00,9.756847620010375977e-01,9.690511047840117964e-01,5.606636047363281250e+00,5.663721084594726562e+00,1.280167634831741452e-05,1.280167634831741452e-05
1.853284072875976562e+01,1.565194854736328089e+01,1.853285408020019531e+01,1.565196123123168981e+01,9.387673735618591309e-01,9.568410813808441162e-01,1.061885476112365723e+00,1.029749393463134766e+00,1.001197338104248047e+01,7.156671810150146307e+00,9.508825540542602539e-01,9.689273655414580855e-01,5.569330692291259766e+00,5.539759063720703480e+00,1.280151354876579717e-05,1.280151354876579717e-05
1.283727169036865234e+01,1.561697959899902344e+01,1.283728408813476562e+01,1.561699228286743235e+01,9.593582749366760254e-01,9.567797899246215376e-01,9.920912384986877441e-01,1.030730092525482089e+00,4.490071773529052734e+00,7.239792394638061346e+00,9.695771336555480957e-01,9.688016593456267866e-01,5.426173210144042969e+00,5.420875787734985352e+00,1.280135074921417981e-05,1.280135074921417981e-05
1.652527236938476562e+01,1.557085247039794851e+01,1.652528572082519531e+01,1.557086515426635742e+01,9.576240777969360352e-01,9.567042648792266624e-01,1.014751791954040527e+00,1.031540799140930220e+00,7.950816631317138672e+00,7.307724285125732244e+00,9.704722166061401367e-01,9.686740279197693093e-01,5.631607532501220703e+00,5.306209087371826172e+00,1.280119067814666778e-05,1.280119067814666778e-05
1.917103004455566406e+01,1.556544437408447301e+01,1.917104339599609375e+01,1.556545705795288015e+01,9.566898941993713379e-01,9.566369950771331787e-01,1.089771986007690430e+00,1.032959806919097945e+00,1.115344715118408203e+01,7.414496803283691762e+00,9.680837988853454590e-01,9.685458719730377641e-01,5.003036975860595703e+00,5.192804622650146307e+00,1.280103060707915574e-05,1.280103060707915574e-05
1.811042404174804688e+01,1.555029926300048793e+01,1.811043739318847656e+01,1.555031194686889684e+01,9.464548826217651367e-01,9.565875530242919922e-01,1.132631778717041016e+00,1.034267568588256747e+00,1.008745288848876953e+01,7.506072187423706410e+00,9.582745432853698730e-01,9.684244215488433394e-01,4.985609054565429688e+00,5.084947586059570312e+00,1.280087235500104725e-05,1.280087235500104725e-05
1.346934509277343750e+01,1.554729032516479492e+01,1.346935749053955078e+01,1.554730300903320384e+01,9.263670444488525391e-01,9.565708696842193381e-01,9.645364880561828613e-01,1.034648168087005660e+00,6.069103717803955078e+00,7.534246444702148438e+00,9.374650716781616211e-01,9.683879852294922097e-01,4.571872234344482422e+00,5.053436851501464488e+00,1.280082506127655506e-05,1.280082506127655506e-05
1.070826816558837891e+01,1.551608295440673757e+01,1.070828056335449219e+01,1.551609554290771520e+01,9.643257260322570801e-01,9.565068066120148149e-01,9.661788940429687500e-01,1.035475337505340487e+00,2.594756364822387695e+00,7.604609632492065785e+00,9.750378131866455078e-01,9.682691097259521484e-01,5.207969665527343750e+00,4.951221990585326971e+00,1.280066680919844657e-05,1.280066680919844657e-05
1.438257789611816406e+01,1.549473762512207031e+01,1.438259029388427734e+01,1.549475021362304616e+01,9.687304496765136719e-01,9.564399063587188943e-01,9.870309233665466309e-01,1.036390018463134721e+00,6.292673110961914062e+00,7.681562852859497248e+00,9.813519120216369629e-01,9.681451559066772683e-01,5.152792453765869141e+00,4.852199411392211559e+00,1.280051037610974163e-05,1.280051037610974163e-05
1.118801116943359375e+01,1.551247119903564453e+01,1.118802356719970703e+01,1.551248388290405344e+01,9.547300934791564941e-01,9.563774526119231956e-01,9.597043395042419434e-01,1.038146960735321089e+00,3.685786724090576172e+00,7.795393991470336736e+00,9.662728309631347656e-01,9.680230677127837913e-01,4.621516704559326172e+00,4.754529619216919301e+00,1.280035576201044023e-05,1.280035576201044023e-05
1.767179489135742188e+01,1.550157213211059570e+01,1.767180824279785156e+01,1.550158481597900462e+01,9.610816836357116699e-01,9.563257396221160889e-01,1.120743989944458008e+00,1.039182925224304110e+00,9.665700912475585938e+00,7.877175998687744318e+00,9.715012311935424805e-01,9.679038941860198531e-01,4.952767372131347656e+00,4.660983753204345881e+00,1.280020114791113883e-05,1.280020114791113883e-05
2.044299125671386719e+01,1.550255260467529261e+01,2.044300460815429688e+01,1.550256528854370153e+01,9.578028917312622070e-01,9.562642872333526611e-01,1.105850100517272949e+00,1.040349698066711515e+00,1.281473159790039062e+01,7.966731739044189631e+00,9.678949713706970215e-01,9.677803635597228560e-01,4.596712112426757812e+00,4.571426343917846857e+00,1.280004653381183743e-05,1.280004653381183743e-05
1.531384277343750000e+01,1.549262018203735281e+01,1.531385517120361328e+01,1.549263286590576172e+01,9.575981497764587402e-01,9.561943888664246050e-01,1.007813930511474609e+00,1.041306900978088423e+00,7.982862472534179688e+00,8.043092536926270242e+00,9.678396582603454590e-01,9.676591753959655762e-01,4.397729396820068359e+00,4.484367132186889648e+00,1.279989191971253604e-05,1.279989191971253604e-05
1.744561767578125000e+01,1.549984636306762731e+01,1.744563102722167969e+01,1.549985904693603445e+01,9.626820683479309082e-01,9.561199188232422097e-01,1.028856039047241211e+00,1.042561876773834273e+00,1.004388236999511719e+01,8.133947706222533824e+00,9.734431505203247070e-01,9.675338208675384744e-01,4.436753273010253906e+00,4.399683094024657848e+00,1.279974003409733996e-05,1.279974003409733996e-05
1.361126899719238281e+01,1.552276535034179616e+01,1.361128139495849609e+01,1.552277803421020508e+01,9.577887058258056641e-01,9.560549020767211692e-01,1.052326798439025879e+00,1.044144678115844771e+00,6.280622482299804688e+00,8.238293695449829812e+00,9.708686470985412598e-01,9.674112617969512495e-01,4.349661350250244141e+00,4.316861200332641424e+00,1.279958996747154742e-05,1.279958996747154742e-05
1.158766555786132812e+01,1.554115295410156250e+01,1.158767795562744141e+01,1.554116563796997141e+01,9.585084319114685059e-01,9.559964895248412864e-01,9.826670289039611816e-01,1.045490515232086137e+00,4.794312000274658203e+00,8.335240793228148704e+00,9.722378253936767578e-01,9.672857761383056863e-01,3.879939556121826172e+00,4.237139511108398260e+00,1.279943626286694780e-05,1.279943626286694780e-05
1.428066635131835938e+01,1.554454784393310618e+01,1.428067874908447266e+01,1.554456052780151332e+01,9.564933776855468750e-01,9.559777557849884477e-01,1.010936260223388672e+00,1.045835900306701705e+00,6.998334407806396484e+00,8.361569404602050781e+00,9.718102216720581055e-01,9.672482550144195779e-01,4.343092441558837891e+00,4.213916492462158381e+00,1.279939169762656093e-05,1.279939169762656093e-05
1.844278717041015625e+01,1.555914688110351562e+01,1.844280052185058594e+01,1.555915956497192454e+01,9.640321731567382812e-01,9.558992385864257812e-01,1.032749414443969727e+00,1.047048795223236128e+00,1.143661975860595703e+01,8.450770139694213867e+00,9.739047288894653320e-01,9.671191275119781494e-01,4.035482406616210938e+00,4.138309526443481268e+00,1.279924254049547017e-05,1.279924254049547017e-05
1.258524131774902344e+01,1.557759103775024379e+01,1.258525371551513672e+01,1.557760372161865270e+01,9.660041928291320801e-01,9.558225035667419212e-01,9.995217919349670410e-01,1.048381638526916459e+00,5.649399280548095703e+00,8.541417121887207031e+00,9.765882492065429688e-01,9.669898986816406472e-01,3.993727445602416992e+00,4.064979887008666637e+00,1.279909156437497586e-05,1.279909156437497586e-05
1.400467777252197266e+01,1.558397102355957031e+01,1.400469017028808594e+01,1.558398370742797923e+01,9.623014926910400391e-01,9.557405591011047807e-01,1.040178298950195312e+00,1.049521327018737793e+00,7.174761772155761719e+00,8.618910217285156605e+00,9.716253280639648438e-01,9.668615937232971635e-01,3.855811119079589844e+00,3.992937231063842685e+00,1.279894058825448155e-05,1.279894058825448155e-05
1.512792968750000000e+01,1.559568758010864187e+01,1.512794208526611328e+01,1.559570026397705078e+01,9.363902211189270020e-01,9.556702196598052534e-01,9.737526178359985352e-01,1.050601077079772905e+00,8.602874755859375000e+00,8.700025510787963157e+00,9.494338631629943848e-01,9.667341053485870583e-01,3.665477991104125977e+00,3.922656989097595304e+00,1.279879143112339079e-05,1.279879143112339079e-05
8.823325157165527344e+00,1.562645101547241211e+01,8.823337554931640625e+00,1.562646369934082102e+01,9.746275544166564941e-01,9.555817604064941184e-01,9.743211865425109863e-01,1.052122163772583052e+00,1.795109510421752930e+00,8.797944307327270508e+00,9.857904911041259766e-01,9.665973305702209029e-01,4.093476295471191406e+00,3.854205608367919922e+00,1.279864227399230003e-05,1.279864227399230003e-05
1.631995773315429688e+01,1.566485700607299769e+01,1.631997108459472656e+01,1.566486968994140661e+01,9.453454613685607910e-01,9.554862082004547119e-01,1.034911990165710449e+00,1.053688967227935702e+00,9.837722778320312500e+00,8.900318622589111328e+00,9.577621221542358398e-01,9.664588689804076704e-01,3.544215679168701172e+00,3.788904356956481756e+00,1.279849493585061282e-05,1.279849493585061282e-05
1.162594985961914062e+01,1.568670864105224538e+01,1.162596225738525391e+01,1.568672132492065430e+01,9.466491341590881348e-01,9.554087162017822488e-01,1.007539153099060059e+00,1.055016517639160156e+00,5.100664138793945312e+00,8.984747457504273171e+00,9.574397802352905273e-01,9.663267314434051958e-01,3.613657712936401367e+00,3.725208902359008700e+00,1.279834486922482029e-05,1.279834486922482029e-05
1.501177978515625000e+01,1.569924631118774450e+01,1.501179218292236328e+01,1.569925899505615163e+01,9.470903873443603516e-01,9.553255975246429665e-01,1.072414040565490723e+00,1.056097006797790616e+00,8.518009185791015625e+00,9.058933925628661399e+00,9.565269351005554199e-01,9.661950707435608132e-01,3.517739772796630859e+00,3.662694644927978693e+00,1.279819753108313307e-05,1.279819753108313307e-05
2.336314010620117188e+01,1.518579463958740305e+01,2.336315345764160156e+01,1.518580722808837891e+01,9.437622427940368652e-01,9.554125308990478738e-01,1.050819516181945801e+00,1.048277556896209717e+00,1.686822891235351562e+01,8.610662889480590110e+00,9.529290199279785156e-01,9.662278592586517334e-01,3.547400951385498047e+00,3.605213522911071777e+00,1.279805383092025295e-05,1.279805383092025295e-05
1.012287712097167969e+01,1.504295368194580007e+01,1.012288951873779297e+01,1.504296627044677770e+01,9.572029709815979004e-01,9.554318726062774880e-01,9.829396605491638184e-01,1.046148180961608887e+00,3.663792610168457031e+00,8.486542844772339222e+00,9.688841700553894043e-01,9.662366688251495805e-01,3.550057411193847656e+00,3.588594317436218262e+00,1.279801108466926962e-05,1.279801108466926962e-05
9.143870353698730469e+00,1.455432367324829102e+01,9.143882751464843750e+00,1.455433607101440430e+01,9.639560580253601074e-01,9.555194020271301492e-01,9.657865762710571289e-01,1.038290441036224365e+00,2.887076139450073242e+00,8.060074663162231090e+00,9.723772406578063965e-01,9.662790954113006370e-01,3.354674339294433594e+00,3.534160256385803223e+00,1.279787284147460014e-05,1.279787284147460014e-05
1.675245285034179688e+01,1.413356599807739222e+01,1.675246620178222656e+01,1.413357839584350550e+01,9.589204192161560059e-01,9.556076884269714133e-01,1.010136127471923828e+00,1.032170593738555908e+00,1.018558406829833984e+01,7.697362565994263051e+00,9.697710871696472168e-01,9.663125872611999512e-01,3.628041505813598633e+00,3.482113027572631747e+00,1.279773641726933420e-05,1.279773641726933420e-05
1.039338493347167969e+01,1.378568134307861293e+01,1.039339733123779297e+01,1.378569374084472621e+01,9.689598679542541504e-01,9.556998491287231889e-01,9.926263689994812012e-01,1.027684986591339111e+00,3.803793191909790039e+00,7.406435108184814098e+00,9.823089241981506348e-01,9.663336098194121870e-01,3.645696640014648438e+00,3.429527831077575861e+00,1.279760363104287535e-05,1.279760363104287535e-05
9.425401687622070312e+00,1.351041479110717702e+01,9.425414085388183594e+00,1.351042718887329031e+01,9.728915691375732422e-01,9.557766795158386675e-01,9.748862981796264648e-01,1.024457550048828214e+00,2.955432176589965820e+00,7.186013221740722656e+00,9.833965897560119629e-01,9.663455843925475852e-01,3.538795232772827148e+00,3.377821922302246094e+00,1.279746811633231118e-05,1.279746811633231118e-05
1.830888748168945312e+01,1.313223333358764577e+01,1.830890083312988281e+01,1.313224573135375906e+01,9.607679843902587891e-01,9.558547973632812722e-01,1.028451681137084961e+00,1.019454813003540128e+00,1.179369640350341797e+01,6.862809610366821467e+00,9.696202874183654785e-01,9.663835704326629861e-01,3.556351661682128906e+00,3.327730751037597745e+00,1.279733260162174702e-05,1.279733260162174702e-05
1.611353683471679688e+01,1.274809103012085032e+01,1.611355018615722656e+01,1.274810342788696360e+01,9.532529711723327637e-01,9.559389472007751021e-01,1.069047808647155762e+00,1.014147162437438965e+00,9.866040229797363281e+00,6.531564950942993164e+00,9.624794125556945801e-01,9.664276540279388428e-01,3.262715339660644531e+00,3.280012059211730779e+00,1.279719617741648108e-05,1.279719617741648108e-05
1.235114669799804688e+01,1.246626100540161097e+01,1.235115909576416016e+01,1.246627340316772425e+01,9.737182259559631348e-01,9.560008347034454346e-01,1.008073329925537109e+00,1.011179542541503995e+00,5.850780010223388672e+00,6.299513673782348278e+00,9.841654300689697266e-01,9.664425730705261675e-01,3.534409523010253906e+00,3.233124375343322754e+00,1.279705975321121514e-05,1.279705975321121514e-05
1.078533554077148438e+01,1.221375627517700124e+01,1.078534793853759766e+01,1.221376867294311452e+01,9.635579586029052734e-01,9.560825467109680398e-01,9.664723873138427734e-01,1.008441162109374956e+00,4.567609786987304688e+00,6.096023273468017756e+00,9.743140935897827148e-01,9.664575517177581565e-01,3.313381195068359375e+00,3.186751890182494940e+00,1.279692878597415984e-05,1.279692878597415984e-05
1.252770805358886719e+01,1.201262693405151438e+01,1.252772045135498047e+01,1.201263933181762766e+01,9.618481397628784180e-01,9.561279535293578657e-01,1.064673423767089844e+00,1.006630694866180509e+00,6.242538452148437500e+00,5.942426443099975586e+00,9.726793169975280762e-01,9.664630234241485818e-01,3.285969257354736328e+00,3.140978884696960627e+00,1.279679599974770099e-05,1.279679599974770099e-05
1.067443370819091797e+01,1.192025947570800781e+01,1.067444610595703125e+01,1.192027187347412109e+01,9.732273221015930176e-01,9.561468601226806863e-01,9.914848208427429199e-01,1.005598574876785278e+00,4.564034461975097656e+00,5.864516162872314808e+00,9.830772280693054199e-01,9.664741992950439675e-01,3.162610292434692383e+00,3.127523660659790039e+00,1.279675598198082298e-05,1.279675598198082298e-05
1.464824485778808594e+01,1.168191108703613246e+01,1.464825725555419922e+01,1.168192348480224574e+01,9.499294161796569824e-01,9.561905622482299583e-01,9.947168231010437012e-01,1.003383105993270963e+00,8.636040687561035156e+00,5.671798658370971857e+00,9.595826864242553711e-01,9.664917290210723877e-01,3.107975959777832031e+00,3.084047222137451083e+00,1.279662319575436413e-05,1.279662319575436413e-05
9.369112014770507812e+00,1.143288612365722656e+01,9.369124412536621094e+00,1.143289852142333984e+01,9.600873589515686035e-01,9.562084674835205078e-01,9.750943183898925781e-01,1.000760918855667203e+00,3.574039936065673828e+00,5.466932582855224432e+00,9.699506759643554688e-01,9.665137469768524392e-01,2.889939785003662109e+00,3.042470264434814275e+00,1.279649404750671238e-05,1.279649404750671238e-05
1.675335121154785156e+01,1.117639217376708949e+01,1.675336456298828125e+01,1.117640457153320277e+01,9.416099190711975098e-01,9.562625467777252641e-01,1.032163023948669434e+00,9.978315651416778120e-01,1.077566719055175781e+01,5.253636407852172674e+00,9.509592056274414062e-01,9.665480256080627441e-01,3.052951335906982422e+00,3.002113389968871893e+00,1.279636126128025353e-05,1.279636126128025353e-05
7.905970096588134766e+00,1.095817384719848597e+01,7.905982971191406250e+00,1.095818624496459925e+01,9.767034649848937988e-01,9.563282430171966553e-01,9.770343899726867676e-01,9.956594407558441162e-01,1.963443279266357422e+00,5.077672958374023438e+00,9.857583642005920410e-01,9.665719628334045188e-01,3.003030776977539062e+00,2.961941313743591486e+00,1.279622847505379468e-05,1.279622847505379468e-05
9.221446037292480469e+00,1.078561773300170934e+01,9.221458435058593750e+00,1.078563013076782262e+01,9.472084641456604004e-01,9.563721716403961182e-01,9.552260637283325195e-01,9.943478941917419656e-01,3.514517068862915039e+00,4.945887327194213867e+00,9.591049551963806152e-01,9.665768444538116455e-01,2.845389604568481445e+00,2.922433471679687589e+00,1.279609386983793229e-05,1.279609386983793229e-05
1.579558563232421875e+01,1.062651681900024414e+01,1.579559803009033203e+01,1.062652921676635742e+01,9.599791765213012695e-01,9.563868701457977073e-01,1.044586896896362305e+00,9.932238638401031938e-01,1.004373264312744141e+01,4.826028013229370472e+00,9.695312380790710449e-01,9.665814876556396706e-01,2.777755498886108398e+00,2.884296512603759854e+00,1.279596381209557876e-05,1.279596381209557876e-05
9.462440490722656250e+00,1.043142337799072195e+01,9.462452888488769531e+00,1.043143577575683523e+01,9.534132480621337891e-01,9.563982129096985085e-01,9.718297719955444336e-01,9.913683593273162620e-01,4.035248756408691406e+00,4.669659399986267445e+00,9.620848894119262695e-01,9.666042387485503928e-01,2.539864063262939453e+00,2.847393155097961426e+00,1.279583648283733055e-05,1.279583648283733055e-05
1.135727691650390625e+01,1.023644151687622106e+01,1.135728931427001953e+01,1.023645391464233434e+01,9.589262604713439941e-01,9.564390301704406294e-01,9.760453104972839355e-01,9.893470704555511475e-01,5.863078594207763672e+00,4.512418985366821289e+00,9.668417572975158691e-01,9.666370153427124023e-01,2.592385768890380859e+00,2.811599326133728205e+00,1.279570460610557348e-05,1.279570460610557348e-05
8.184906005859375000e+00,1.008506717681884801e+01,8.184918403625488281e+00,1.008507957458496129e+01,9.561982750892639160e-01,9.564962565898895708e-01,9.606091380119323730e-01,9.882606089115142378e-01,2.479039907455444336e+00,4.398413372039795100e+00,9.642819166183471680e-01,9.666473925113677756e-01,2.824777126312255859e+00,2.775249528884887518e+00,1.279557363886851817e-05,1.279557363886851817e-05
9.520961761474609375e+00,1.004518404006958043e+01,9.520974159240722656e+00,1.004519643783569371e+01,9.450525641441345215e-01,9.565026223659515159e-01,9.750007390975952148e-01,9.879957437515258789e-01,3.983092069625854492e+00,4.369415569305419744e+00,9.552136063575744629e-01,9.666478037834167480e-01,2.662602424621582031e+00,2.764622330665588379e+00,1.279553180211223662e-05,1.279553180211223662e-05
9.167014122009277344e+00,9.892187500000000355e+00,9.167026519775390625e+00,9.892199897766113637e+00,9.576637148857116699e-01,9.565048515796661377e-01,9.713426828384399414e-01,9.867050290107727273e-01,3.710911750793457031e+00,4.251713371276855113e+00,9.708055853843688965e-01,9.666638791561126265e-01,2.556289911270141602e+00,2.730600428581237971e+00,1.279539901588577777e-05,1.279539901588577777e-05
7.138548851013183594e+00,9.703709316253661399e+00,7.138561725616455078e+00,9.703721714019774680e+00,9.654763340950012207e-01,9.565358757972717285e-01,9.702984094619750977e-01,9.848348319530486616e-01,1.588762879371643066e+00,4.097465324401855291e+00,9.757978320121765137e-01,9.667094767093658003e-01,2.638213872909545898e+00,2.698164033889770330e+00,1.279526804864872247e-05,1.279526804864872247e-05
9.100413322448730469e+00,9.564026832580566406e+00,9.100425720214843750e+00,9.564039230346679688e+00,9.446402788162231445e-01,9.565623939037323220e-01,9.674571752548217773e-01,9.836135804653167725e-01,3.438908338546752930e+00,3.991795396804809659e+00,9.558523297309875488e-01,9.667291045188903809e-01,2.793555259704589844e+00,2.665326404571533025e+00,1.279513890040107071e-05,1.279513890040107071e-05
8.722778320312500000e+00,9.420140933990477805e+00,8.722790718078613281e+00,9.420153331756591086e+00,9.660976529121398926e-01,9.565786063671112283e-01,9.759963750839233398e-01,9.824962973594665305e-01,3.123390436172485352e+00,3.881280469894409002e+00,9.767264723777770996e-01,9.667539536952972634e-01,2.680567026138305664e+00,2.633031845092773438e+00,1.279500611417461187e-05,1.279500611417461187e-05
1.070399379730224609e+01,9.284941673278808594e+00,1.070400619506835938e+01,9.284954071044921875e+00,9.498699903488159180e-01,9.565912783145904541e-01,9.886389374732971191e-01,9.813332200050354226e-01,5.169560432434082031e+00,3.778277420997619540e+00,9.609046578407287598e-01,9.667827725410461648e-01,2.635019063949584961e+00,2.601956868171691806e+00,1.279487605643225834e-05,1.279487605643225834e-05
7.764914512634277344e+00,9.144220924377441051e+00,7.764927387237548828e+00,9.144233322143554332e+00,9.554408192634582520e-01,9.566062688827514648e-01,9.598928689956665039e-01,9.801601469516754150e-01,2.383914470672607422e+00,3.668600654602050870e+00,9.702150225639343262e-01,9.668236315250396951e-01,2.495451450347900391e+00,2.572030282020568936e+00,1.279474327020579949e-05,1.279474327020579949e-05
6.532917976379394531e+00,9.026096916198730113e+00,6.532930850982666016e+00,9.026109313964843395e+00,9.542263150215148926e-01,9.566025257110595259e-01,9.563806056976318359e-01,9.792424559593200240e-01,1.158287048339843750e+00,3.581031012535095037e+00,9.676785469055175781e-01,9.668488442897796853e-01,2.496345758438110352e+00,2.542372107505798340e+00,1.279461866943165660e-05,1.279461866943165660e-05
1.194795417785644531e+01,8.917651844024657493e+00,1.194796657562255859e+01,8.917664241790770774e+00,9.239680171012878418e-01,9.565954744815826638e-01,9.685133099555969238e-01,9.784678578376769797e-01,6.617927074432373047e+00,3.502946352958679288e+00,9.369183778762817383e-01,9.668690860271453857e-01,2.500627040863037109e+00,2.512773180007934481e+00,1.279448770219460130e-05,1.279448770219460130e-05
1.688247680664062500e+01,8.813860702514649148e+00,1.688249015808105469e+01,8.813873100280762429e+00,9.529281258583068848e-01,9.565880954265594260e-01,1.086201190948486328e+00,9.778311491012573464e-01,1.127434539794921875e+01,3.428937029838562189e+00,9.628164172172546387e-01,9.668846726417541504e-01,2.606186151504516602e+00,2.483619832992553622e+00,1.279436037293635309e-05,1.279436037293635309e-05
1.214545345306396484e+01,8.779119777679444070e+00,1.214546585083007812e+01,8.779132175445557351e+00,9.564054012298583984e-01,9.565888524055481401e-01,9.920359849929809570e-01,9.775385499000549538e-01,6.788585662841796875e+00,3.402842950820923029e+00,9.675694704055786133e-01,9.668975472450256348e-01,2.440856695175170898e+00,2.475251841545104803e+00,1.279432035516947508e-05,1.279432035516947508e-05
9.529345512390136719e+00,8.676650238037108664e+00,9.529357910156250000e+00,8.676662635803221946e+00,9.413160681724548340e-01,9.565933048725128174e-01,9.927570223808288574e-01,9.769393563270568626e-01,4.299711704254150391e+00,3.329164075851440252e+00,9.508413672447204590e-01,9.669204354286193848e-01,2.344719409942626953e+00,2.447033047676086426e+00,1.279419029742712155e-05,1.279419029742712155e-05
6.905347824096679688e+00,8.589431953430175071e+00,6.905360698699951172e+00,8.589444351196288352e+00,9.564290642738342285e-01,9.565927565097809282e-01,9.593682289123535156e-01,9.764698922634125200e-01,1.653680801391601562e+00,3.270055031776428311e+00,9.666099548339843750e-01,9.669298946857451948e-01,2.369260072708129883e+00,2.419384670257568537e+00,1.279406023968476802e-05,1.279406023968476802e-05
6.693427562713623047e+00,8.494602680206298828e+00,6.693440437316894531e+00,8.494615077972412109e+00,9.401100277900695801e-01,9.565720558166503906e-01,9.394454360008239746e-01,9.758696436882019487e-01,1.556713223457336426e+00,3.202455902099609286e+00,9.507532119750976562e-01,9.669501423835754617e-01,2.306405544281005859e+00,2.392754936218261630e+00,1.279393109143711627e-05,1.279393109143711627e-05
7.877809524536132812e+00,8.410092544555663352e+00,7.877822399139404297e+00,8.410104990005493164e+00,9.335774183273315430e-01,9.565654814243316206e-01,9.427452683448791504e-01,9.753519356250762717e-01,2.886337757110595703e+00,3.144574713706970392e+00,9.473713636398315430e-01,9.669603526592254195e-01,2.167777299880981445e+00,2.366640114784240634e+00,1.279380376217886806e-05,1.279380376217886806e-05
8.139737129211425781e+00,8.328863716125487926e+00,8.139749526977539062e+00,8.328876209259032493e+00,9.455214142799377441e-01,9.565664768218994363e-01,9.651731848716735840e-01,9.748975992202758567e-01,2.977283000946044922e+00,3.089388513565063388e+00,9.524903893470764160e-01,9.669680893421173096e-01,2.299269437789916992e+00,2.341042995452880859e+00,1.279367825191002339e-05,1.279367825191002339e-05
8.970871925354003906e+00,8.254005908966064453e+00,8.970884323120117188e+00,8.254018402099609020e+00,9.514892697334289551e-01,9.565747797489165816e-01,9.701492786407470703e-01,9.745672941207885742e-01,3.778157949447631836e+00,3.040428662300109774e+00,9.631468653678894043e-01,9.669742703437804732e-01,2.307928562164306641e+00,2.315460801124572754e+00,1.279355274164117873e-05,1.279355274164117873e-05
1.313510608673095703e+01,8.176695537567137961e+00,1.313511848449707031e+01,8.176708030700684304e+00,9.542907476425170898e-01,9.565832734107970747e-01,9.975956678390502930e-01,9.741630434989929643e-01,7.761226654052734375e+00,2.988331079483032227e+00,9.647719264030456543e-01,9.669897258281707764e-01,2.457221269607543945e+00,2.290628361701965154e+00,1.279342541238293052e-05,1.279342541238293052e-05
6.206147193908691406e+00,8.101404476165772195e+00,6.206160068511962891e+00,8.101416969299316762e+00,9.700025916099548340e-01,9.565613985061645064e-01,9.681001305580139160e-01,9.737202525138854980e-01,1.059744834899902344e+00,2.937399077415466131e+00,9.804949760437011719e-01,9.670014083385467529e-01,2.227804422378540039e+00,2.266722273826599299e+00,1.279329899261938408e-05,1.279329899261938408e-05
1.274825096130371094e+01,8.027990674972533824e+00,1.274826335906982422e+01,8.028003263473511453e+00,9.464288353919982910e-01,9.565582394599914107e-01,1.050811409950256348e+00,9.732505917549133523e-01,7.753185272216796875e+00,2.887962770462036310e+00,9.595607519149780273e-01,9.670127689838409202e-01,2.038264751434326172e+00,2.243206214904785334e+00,1.279317621083464473e-05,1.279317621083464473e-05
1.114983844757080078e+01,8.006385326385498047e+00,1.114985084533691406e+01,8.006397914886473899e+00,9.548006057739257812e-01,9.565583884716033491e-01,1.027577638626098633e+00,9.731108069419860396e-01,5.989718914031982422e+00,2.873452210426330478e+00,9.680426120758056641e-01,9.670169115066528098e-01,2.209698438644409180e+00,2.236246895790100275e+00,1.279313983104657382e-05,1.279313983104657382e-05
1.105983352661132812e+01,7.936715745925903676e+00,1.105984592437744141e+01,7.936728429794311701e+00,9.431041479110717773e-01,9.565609931945801003e-01,1.012186169624328613e+00,9.727151632308960183e-01,5.951524734497070312e+00,2.827380800247192294e+00,9.567164182662963867e-01,9.670311868190765159e-01,2.196302413940429688e+00,2.213027715682983398e+00,1.279301795875653625e-05,1.279301795875653625e-05
7.402633666992187500e+00,7.872069883346557440e+00,7.402646541595458984e+00,7.872082614898681996e+00,9.510028362274169922e-01,9.565451741218566895e-01,9.570555090904235840e-01,9.722930252552032249e-01,2.273040533065795898e+00,2.785686659812927068e+00,9.625040888786315918e-01,9.670485615730285422e-01,2.259030818939208984e+00,2.190496420860290616e+00,1.279289699596120045e-05,1.279289699596120045e-05
7.900956153869628906e+00,7.804333782196044567e+00,7.900969028472900391e+00,7.804346561431884766e+00,9.529253840446472168e-01,9.565370440483093040e-01,9.648663997650146484e-01,9.719406127929687278e-01,2.853019952774047852e+00,2.740662121772766024e+00,9.630165696144104004e-01,9.670626938343047652e-01,2.167127370834350586e+00,2.168131303787231623e+00,1.279277694266056642e-05,1.279277694266056642e-05
7.255486965179443359e+00,7.742136764526367010e+00,7.255499839782714844e+00,7.742149591445922852e+00,9.689048528671264648e-01,9.565288901329040971e-01,9.678759574890136719e-01,9.716695666313170943e-01,2.162131309509277344e+00,2.700811624526977539e+00,9.781520366668701172e-01,9.670697271823882613e-01,2.178422451019287109e+00,2.146056723594665705e+00,1.279265597986523062e-05,1.279265597986523062e-05
8.035205841064453125e+00,7.681075763702392756e+00,8.035218238830566406e+00,7.681088638305664240e+00,9.482139348983764648e-01,9.565347611904144731e-01,9.507056474685668945e-01,9.713524639606475608e-01,3.218388319015502930e+00,2.661620235443115323e+00,9.600605964660644531e-01,9.670786619186401145e-01,1.957838058471679688e+00,2.124489498138427912e+00,1.279253410757519305e-05,1.279253410757519305e-05
6.898619174957275391e+00,7.619395399093628285e+00,6.898632049560546875e+00,7.619408273696899769e+00,9.347723126411437988e-01,9.565263569355011430e-01,9.445104002952575684e-01,9.709835588932037576e-01,1.975588440895080566e+00,2.621331262588500799e+00,9.463008642196655273e-01,9.671008586883544922e-01,2.097446918487548828e+00,2.103453397750854492e+00,1.279241496376926079e-05,1.279241496376926079e-05
1.415549278259277344e+01,7.564993381500244141e+00,1.415550518035888672e+01,7.565006256103515625e+00,9.631265401840209961e-01,9.565028250217437744e-01,1.034512758255004883e+00,9.706818819046020286e-01,9.050007820129394531e+00,2.587741374969482422e+00,9.743940234184265137e-01,9.671100497245788130e-01,2.133451223373413086e+00,2.082957434654235662e+00,1.279229400097392499e-05,1.279229400097392499e-05
6.947906494140625000e+00,7.501887559890747070e+00,6.947919368743896484e+00,7.501900434494018555e+00,9.630563855171203613e-01,9.564776718616485596e-01,9.676053524017333984e-01,9.703666627407073753e-01,1.946027636528015137e+00,2.545346999168395907e+00,9.725247621536254883e-01,9.671256184577942117e-01,2.098692417144775391e+00,2.062570643424987971e+00,1.279217576666269451e-05,1.279217576666269451e-05
8.141994476318359375e+00,7.449185895919799627e+00,8.142006874084472656e+00,7.449198770523071111e+00,9.643731117248535156e-01,9.564745426177978516e-01,9.807484149932861328e-01,9.701102614402771218e-01,3.219606161117553711e+00,2.512843346595764249e+00,9.748045802116394043e-01,9.671319901943207231e-01,2.002462863922119141e+00,2.042625999450683683e+00,1.279205753235146403e-05,1.279205753235146403e-05
8.372292518615722656e+00,7.432774400711059215e+00,8.372304916381835938e+00,7.432787275314330699e+00,9.468958377838134766e-01,9.564741075038909468e-01,9.907415509223937988e-01,9.700258553028107134e-01,3.547276735305786133e+00,2.502399373054504217e+00,9.591935276985168457e-01,9.671348810195923296e-01,1.928185105323791504e+00,2.036739969253539950e+00,1.279202115256339312e-05,1.279202115256339312e-05
5.965779304504394531e+00,7.365347480773925426e+00,5.965792179107666016e+00,7.365360355377196910e+00,9.691337347030639648e-01,9.564653635025024414e-01,9.693792462348937988e-01,9.695960819721222146e-01,9.993696212768554688e-01,2.454623126983642489e+00,9.800634980201721191e-01,9.671868979930877686e-01,2.047833204269409180e+00,2.017476058006286710e+00,1.279189746128395200e-05,1.279189746128395200e-05
8.001447677612304688e+00,7.313976955413818537e+00,8.001460075378417969e+00,7.313989830017090021e+00,9.067987203598022461e-01,9.564468801021576150e-01,9.278032779693603516e-01,9.693216621875763161e-01,3.402669668197631836e+00,2.422535753250122159e+00,9.209184050559997559e-01,9.672036945819855180e-01,1.843257784843444824e+00,1.998469066619873002e+00,1.279178104596212506e-05,1.279178104596212506e-05
9.952370643615722656e+00,7.268662261962890447e+00,9.952383041381835938e+00,7.268675136566161932e+00,9.564900398254394531e-01,9.564106047153473344e-01,9.973205327987670898e-01,9.691464066505431907e-01,5.093371391296386719e+00,2.396476554870605291e+00,9.667026400566101074e-01,9.671963512897491233e-01,1.938486099243164062e+00,1.979432332515716597e+00,1.279166644962970167e-05,1.279166644962970167e-05
5.914715766906738281e+00,7.214228868484497070e+00,5.914728641510009766e+00,7.214241743087768555e+00,9.439555406570434570e-01,9.564083456993103249e-01,9.442283511161804199e-01,9.688200294971466286e-01,1.203547000885009766e+00,2.360787701606750666e+00,9.553923606872558594e-01,9.672216117382049783e-01,1.867593050003051758e+00,1.960991299152374356e+00,1.279155003430787474e-05,1.279155003430787474e-05
8.084014892578125000e+00,7.163069200515747248e+00,8.084027290344238281e+00,7.163082075119018732e+00,9.727631211280822754e-01,9.564089536666869895e-01,9.815170764923095703e-01,9.685651540756226030e-01,3.110124349594116211e+00,2.328255295753479004e+00,9.817257523536682129e-01,9.672414302825927956e-01,2.037884950637817383e+00,1.942598330974578902e+00,1.279142998100724071e-05,1.279142998100724071e-05
5.600764274597167969e+00,7.107164764404297230e+00,5.600777149200439453e+00,7.107177639007568715e+00,9.480593800544738770e-01,9.563856542110442671e-01,9.469351768493652344e-01,9.682240188121795654e-01,9.420799612998962402e-01,2.290141439437866300e+00,9.612273573875427246e-01,9.672839820384979692e-01,1.802462100982666016e+00,1.925129580497741744e+00,1.279130901821190491e-05,1.279130901821190491e-05
6.265788555145263672e+00,7.065316390991211115e+00,6.265801429748535156e+00,7.065329265594482600e+00,9.694445729255676270e-01,9.563519060611724854e-01,9.729131460189819336e-01,9.680355966091156450e-01,1.230522990226745605e+00,2.266089498996734619e+00,9.788129329681396484e-01,9.672819316387176736e-01,2.114095211029052734e+00,1.907557523250579923e+00,1.279119624086888507e-05,1.279119624086888507e-05
8.602245330810546875e+00,7.021896219253539684e+00,8.602257728576660156e+00,7.021909093856811168e+00,9.509720802307128906e-01,9.563233971595763716e-01,9.893052577972412109e-01,9.678485631942749245e-01,3.750813245773315430e+00,2.240291237831115723e+00,9.630264043807983398e-01,9.672809600830077903e-01,1.948128223419189453e+00,1.890151917934417725e+00,1.279107982554705814e-05,1.279107982554705814e-05
7.060091495513916016e+00,6.973810291290282848e+00,7.060104370117187500e+00,6.973823165893554332e+00,9.628940820693969727e-01,9.563168942928313987e-01,9.718456864356994629e-01,9.675896346569061723e-01,2.235456705093383789e+00,2.209437751770019442e+00,9.755389690399169922e-01,9.672987759113311768e-01,1.914355754852294922e+00,1.873167204856872603e+00,1.279096431971993297e-05,1.279096431971993297e-05
6.129882335662841797e+00,6.961965417861938121e+00,6.129895210266113281e+00,6.961978292465209606e+00,9.544639587402343750e-01,9.563167154788970725e-01,9.528620243072509766e-01,9.675540089607238547e-01,1.491444110870361328e+00,2.202748370170593439e+00,9.632235765457153320e-01,9.672964870929717796e-01,1.767888545989990234e+00,1.868049919605255127e+00,1.279092793993186206e-05,1.279092793993186206e-05
6.672559738159179688e+00,6.923320531845092773e+00,6.672572612762451172e+00,6.923333406448364258e+00,9.634479284286499023e-01,9.562989532947540061e-01,9.646499752998352051e-01,9.674447715282440408e-01,1.915905237197875977e+00,2.180875468254089178e+00,9.727621078491210938e-01,9.672858476638793723e-01,1.855794310569763184e+00,1.851415419578552157e+00,1.279080970562063158e-05,1.279080970562063158e-05
8.257460594177246094e+00,6.880054950714111328e+00,8.257472991943359375e+00,6.880067825317382812e+00,9.437555670738220215e-01,9.562563955783843772e-01,9.868376255035400391e-01,9.672489285469054732e-01,3.434154033660888672e+00,2.154308807849884211e+00,9.554812908172607422e-01,9.672879934310912864e-01,1.937231779098510742e+00,1.834952807426452726e+00,1.279069147130940109e-05,1.279069147130940109e-05
7.588259220123291016e+00,6.838179016113281605e+00,7.588272094726562500e+00,6.838191890716553090e+00,9.316595196723937988e-01,9.562087178230285200e-01,9.589008092880249023e-01,9.670130074024200217e-01,2.976415872573852539e+00,2.128675794601440519e+00,9.472001194953918457e-01,9.672898650169372559e-01,1.774082541465759277e+00,1.818991506099700839e+00,1.279057596548227593e-05,1.279057596548227593e-05
6.376095771789550781e+00,6.798993730545044301e+00,6.376108646392822266e+00,6.799006605148315785e+00,9.650376439094543457e-01,9.561823606491088867e-01,9.649192690849304199e-01,9.668529510498047319e-01,1.601111888885498047e+00,2.105720627307891668e+00,9.753075242042541504e-01,9.672802090644836426e-01,1.869719266891479492e+00,1.802957475185394287e+00,1.279046045965515077e-05,1.279046045965515077e-05
5.677962303161621094e+00,6.762700796127319336e+00,5.677975177764892578e+00,6.762713670730590820e+00,9.475176930427551270e-01,9.561731874942779319e-01,9.447321891784667969e-01,9.667071163654327171e-01,1.177462458610534668e+00,2.085165500640869141e+00,9.624038338661193848e-01,9.672701537609100786e-01,1.645846366882324219e+00,1.787384819984435991e+00,1.279034950130153447e-05,1.279034950130153447e-05
5.829990863800048828e+00,6.726154232025146840e+00,5.830003738403320312e+00,6.726167106628418324e+00,9.630830287933349609e-01,9.561535358428955300e-01,9.633699655532836914e-01,9.665876269340515359e-01,1.247537612915039062e+00,2.063990056514739990e+00,9.727539420127868652e-01,9.672612845897674561e-01,1.683246135711669922e+00,1.772161734104156450e+00,1.279023308597970754e-05,1.279023308597970754e-05
5.820289611816406250e+00,6.685340833663940607e+00,5.820302486419677734e+00,6.685353708267212092e+00,9.646542668342590332e-01,9.560855746269225630e-01,9.724756479263305664e-01,9.663493990898132102e-01,1.210284352302551270e+00,2.038572573661804110e+00,9.738219976425170898e-01,9.672636389732360840e-01,1.699053049087524414e+00,1.757069778442382768e+00,1.279011939914198592e-05,1.279011939914198592e-05
6.131182670593261719e+00,6.646396255493163707e+00,6.131195545196533203e+00,6.646409130096435192e+00,9.674026370048522949e-01,9.560451567173003928e-01,9.664990901947021484e-01,9.661262631416320801e-01,1.432537555694580078e+00,2.014631986618041992e+00,9.759726524353027344e-01,9.672645688056945579e-01,1.788770675659179688e+00,1.742328369617462069e+00,1.279000207432545722e-05,1.279000207432545722e-05
7.563745975494384766e+00,6.612101030349731623e+00,7.563758850097656250e+00,6.612113904953003107e+00,9.738411903381347656e-01,9.560162603855133501e-01,9.855594038963317871e-01,9.659729063510894553e-01,2.798447608947753906e+00,1.995247471332550093e+00,9.823802709579467773e-01,9.672505021095275657e-01,1.823517322540283203e+00,1.727613925933837891e+00,1.278989111597184092e-05,1.278989111597184092e-05
8.240125656127929688e+00,6.601823234558105824e+00,8.240138053894042969e+00,6.601836109161377308e+00,9.484974741935729980e-01,9.560148477554321067e-01,9.589178562164306641e-01,9.659325540065765159e-01,3.683107852935791016e+00,1.989344835281372070e+00,9.590473771095275879e-01,9.672473430633544700e-01,1.690554857254028320e+00,1.723283505439758390e+00,1.278985837416257709e-05,1.278985837416257709e-05
6.524506568908691406e+00,6.562841463088989080e+00,6.524519443511962891e+00,6.562854337692260565e+00,9.521601796150207520e-01,9.559866189956665039e-01,9.630436897277832031e-01,9.656942546367645042e-01,2.002934455871582031e+00,1.964424133300781250e+00,9.643854498863220215e-01,9.672596395015716775e-01,1.641983151435852051e+00,1.709476959705352739e+00,1.278974741580896080e-05,1.278974741580896080e-05
5.972961902618408203e+00,6.525702762603759588e+00,5.972974777221679688e+00,6.525715637207031072e+00,9.634117484092712402e-01,9.559389054775238037e-01,9.622880816459655762e-01,9.654881358146667480e-01,1.220805644989013672e+00,1.941389155387878374e+00,9.756512641906738281e-01,9.672572970390319602e-01,1.850805401802062988e+00,1.695629465579986617e+00,1.278963100048713386e-05,1.278963100048713386e-05
6.245590209960937500e+00,6.487057971954345525e+00,6.245603084564208984e+00,6.487070846557617010e+00,9.427701234817504883e-01,9.558984279632568581e-01,9.523922801017761230e-01,9.652555286884307861e-01,1.764031291007995605e+00,1.916724646091461093e+00,9.568193554878234863e-01,9.672698199748992476e-01,1.629576921463012695e+00,1.681909596920013517e+00,1.278951367567060515e-05,1.278951367567060515e-05
5.912458896636962891e+00,6.442934274673461914e+00,5.912471771240234375e+00,6.442947149276733398e+00,9.394240379333496094e-01,9.558657586574554887e-01,9.401991963386535645e-01,9.649593770503998025e-01,1.436884164810180664e+00,1.886303424835205078e+00,9.532209634780883789e-01,9.673000633716583030e-01,1.642730832099914551e+00,1.668505704402923673e+00,1.278939907933818176e-05,1.278939907933818176e-05
5.833642005920410156e+00,6.410822248458861949e+00,5.833654880523681641e+00,6.410835123062133434e+00,9.473818540573120117e-01,9.558281421661376509e-01,9.483719468116760254e-01,9.648516476154327393e-01,1.433317780494689941e+00,1.867663323879241943e+00,9.608031511306762695e-01,9.672799944877624734e-01,1.543767452239990234e+00,1.655199110507965088e+00,1.278928721148986369e-05,1.278928721148986369e-05
5.989454746246337891e+00,6.373992300033568981e+00,5.989467620849609375e+00,6.374005174636840465e+00,9.575047492980957031e-01,9.557749927043914795e-01,9.552500247955322266e-01,9.646194815635681374e-01,1.352644324302673340e+00,1.843875956535339311e+00,9.690963625907897949e-01,9.672878324985504372e-01,1.754959702491760254e+00,1.642434120178222656e+00,1.278917261515744030e-05,1.278917261515744030e-05
5.954103469848632812e+00,6.340401744842528942e+00,5.954116344451904297e+00,6.340414619445800426e+00,9.487738609313964844e-01,9.557210862636565940e-01,9.484306573867797852e-01,9.644291818141936812e-01,1.596077203750610352e+00,1.823462283611297696e+00,9.622943997383117676e-01,9.672816336154937966e-01,1.498527050018310547e+00,1.629507517814636319e+00,1.278905710933031514e-05,1.278905710933031514e-05
6.961641311645507812e+00,6.301058959960937678e+00,6.961654186248779297e+00,6.301071834564209162e+00,9.617291092872619629e-01,9.556788682937622514e-01,9.798679947853088379e-01,9.641581475734710693e-01,2.376971006393432617e+00,1.797040677070617765e+00,9.733187556266784668e-01,9.673082053661345991e-01,1.669754624366760254e+00,1.616873192787170455e+00,1.278893978451378644e-05,1.278893978451378644e-05
6.187099456787109375e+00,6.266859817504882635e+00,6.187112331390380859e+00,6.266872692108154119e+00,9.518939852714538574e-01,9.556429326534271462e-01,9.514960646629333496e-01,9.639920651912688987e-01,1.625826239585876465e+00,1.775623559951782227e+00,9.654735326766967773e-01,9.673042535781860574e-01,1.692409634590148926e+00,1.604297149181366011e+00,1.278882882616017014e-05,1.278882882616017014e-05
5.618541240692138672e+00,6.258173894882202326e+00,5.618554115295410156e+00,6.258186769485473810e+00,9.774410724639892578e-01,9.556309461593628374e-01,9.777351617813110352e-01,9.639699816703796165e-01,1.095122933387756348e+00,1.770739734172821045e+00,9.849950075149536133e-01,9.672951757907867210e-01,1.583247065544128418e+00,1.600538039207458407e+00,1.278879426536150277e-05,1.278879426536150277e-05
6.290677547454833984e+00,6.227113533020019354e+00,6.290690422058105469e+00,6.227126407623290838e+00,9.549744725227355957e-01,9.555669605731964555e-01,9.552022814750671387e-01,9.638126373291016069e-01,1.781892299652099609e+00,1.752258670330047563e+00,9.675064086914062500e-01,9.672804176807403564e-01,1.631101965904235840e+00,1.588194787502288818e+00,1.278868330700788647e-05,1.278868330700788647e-05
6.080984115600585938e+00,6.191400527954101562e+00,6.080996990203857422e+00,6.191413402557373047e+00,9.761552214622497559e-01,9.555052399635315385e-01,9.761199951171875000e-01,9.635653853416442649e-01,1.491968393325805664e+00,1.728948867321014493e+00,9.834733009338378906e-01,9.672857880592345969e-01,1.653266787528991699e+00,1.576095247268676669e+00,1.278856689168605953e-05,1.278856689168605953e-05
5.658897399902343750e+00,6.159634017944336293e+00,5.658910274505615234e+00,6.159646892547607777e+00,9.455863237380981445e-01,9.554569900035858598e-01,9.489745497703552246e-01,9.633648514747619185e-01,1.229266762733459473e+00,1.709410297870636031e+00,9.579408168792724609e-01,9.672875642776489480e-01,1.577129602432250977e+00,1.564114356040954501e+00,1.278845593333244324e-05,1.278845593333244324e-05
5.861745834350585938e+00,6.131602716445923029e+00,5.861758708953857422e+00,6.131615591049194514e+00,9.463735818862915039e-01,9.554077625274658425e-01,9.525293111801147461e-01,9.632338941097259299e-01,1.475758433341979980e+00,1.693488430976867631e+00,9.572828412055969238e-01,9.672658026218414751e-01,1.529801487922668457e+00,1.552206718921661288e+00,1.278834588447352871e-05,1.278834588447352871e-05
5.443970680236816406e+00,6.102325916290283203e+00,5.443983554840087891e+00,6.102338790893554688e+00,9.700590968132019043e-01,9.553406596183776633e-01,9.695098400115966797e-01,9.630791127681732622e-01,9.453461766242980957e-01,1.675890266895294189e+00,9.772394299507141113e-01,9.672486245632171409e-01,1.581815958023071289e+00,1.540767180919647261e+00,1.278822946915170178e-05,1.278822946915170178e-05
6.417202472686767578e+00,6.071832370758056818e+00,6.417215347290039062e+00,6.071845245361328303e+00,9.507791996002197266e-01,9.552734851837157981e-01,9.586789608001708984e-01,9.628827333450317161e-01,1.989177823066711426e+00,1.657204639911651567e+00,9.648341536521911621e-01,9.672375082969665305e-01,1.553732514381408691e+00,1.529233992099761963e+00,1.278811760130338371e-05,1.278811760130338371e-05
5.381074428558349609e+00,6.037734985351562500e+00,5.381087303161621094e+00,6.037747859954833984e+00,9.702966213226318359e-01,9.552034020423889604e-01,9.698622226715087891e-01,9.626413404941558394e-01,8.500257730484008789e-01,1.634582233428955034e+00,9.811794757843017578e-01,9.672467470169067161e-01,1.609710574150085449e+00,1.518061208724975630e+00,1.278800391446566209e-05,1.278800391446566209e-05
7.630625247955322266e+00,6.011367130279540838e+00,7.630638122558593750e+00,6.011380004882812322e+00,9.501121640205383301e-01,9.551648199558258057e-01,9.614690542221069336e-01,9.625030279159545454e-01,3.247691869735717773e+00,1.619680154323577925e+00,9.646713137626647949e-01,9.672296047210693359e-01,1.506680965423583984e+00,1.506789422035217374e+00,1.278789477510144934e-05,1.278789477510144934e-05
6.640922546386718750e+00,5.984175491333007635e+00,6.640935420989990234e+00,5.984188365936279119e+00,9.465560317039489746e-01,9.551043689250946489e-01,9.502441287040710449e-01,9.623668670654297319e-01,2.167593240737915039e+00,1.603709518909454346e+00,9.615679979324340820e-01,9.672069191932678445e-01,1.614961266517639160e+00,1.495787763595580966e+00,1.278778290725313127e-05,1.278778290725313127e-05
6.566426277160644531e+00,5.975899028778075994e+00,6.566439151763916016e+00,5.975911903381347479e+00,9.635904431343078613e-01,9.550819635391235574e-01,9.728134274482727051e-01,9.623192012310027854e-01,2.163163661956787109e+00,1.598717248439788907e+00,9.748083353042602539e-01,9.672009468078612837e-01,1.492050647735595703e+00,1.492579674720764249e+00,1.278774834645446390e-05,1.278774834645446390e-05
5.610157966613769531e+00,5.946764850616455433e+00,5.610170841217041016e+00,5.946777725219726918e+00,9.571961760520935059e-01,9.550137758255005105e-01,9.561446309089660645e-01,9.621377885341644287e-01,1.260854125022888184e+00,1.580507290363311723e+00,9.681115150451660156e-01,9.671887457370758057e-01,1.467851877212524414e+00,1.481917238235473722e+00,1.278763647860614583e-05,1.278763647860614583e-05
5.671518325805664062e+00,5.917309236526489435e+00,5.671531200408935547e+00,5.917322111129760920e+00,9.549177289009094238e-01,9.549525618553161843e-01,9.539688825607299805e-01,9.619090497493744119e-01,1.359618186950683594e+00,1.561983764171600342e+00,9.645447731018066406e-01,9.671977758407592773e-01,1.438468933105468750e+00,1.471266007423400968e+00,1.278751915378961712e-05,1.278751915378961712e-05
5.121467590332031250e+00,5.890813207626342418e+00,5.121480464935302734e+00,5.890826082229613903e+00,9.389646649360656738e-01,9.549223899841308150e-01,9.385833740234375000e-01,9.617335617542266402e-01,7.931110262870788574e-01,1.546201181411743120e+00,9.526297450065612793e-01,9.671986699104309082e-01,1.498178958892822266e+00,1.460757422447204634e+00,1.278740637644659728e-05,1.278740637644659728e-05
4.970500946044921875e+00,5.864773321151733221e+00,4.970513820648193359e+00,5.864786195755004705e+00,9.694092869758605957e-01,9.548383116722106712e-01,9.696195125579833984e-01,9.615576624870300071e-01,6.921262145042419434e-01,1.530908632278442427e+00,9.770345687866210938e-01,9.671775102615356445e-01,1.362311124801635742e+00,1.450291156768798828e+00,1.278729905607178807e-05,1.278729905607178807e-05
5.244624137878417969e+00,5.837659358978271484e+00,5.244637012481689453e+00,5.837672233581542969e+00,9.481127858161926270e-01,9.547705411911010520e-01,9.473387002944946289e-01,9.614206492900848611e-01,1.046120166778564453e+00,1.514419722557067916e+00,9.599294662475585938e-01,9.671515047550200972e-01,1.343122720718383789e+00,1.439896965026855380e+00,1.278718809771817178e-05,1.278718809771817178e-05
5.691887378692626953e+00,5.809222841262817738e+00,5.691900253295898438e+00,5.809235715866089222e+00,9.331848025321960449e-01,9.547138988971710649e-01,9.442523121833801270e-01,9.612485051155090776e-01,1.519215106964111328e+00,1.496342086791992099e+00,9.518806338310241699e-01,9.671436727046966997e-01,1.343354821205139160e+00,1.429774761199951172e+00,1.278707441088045016e-05,1.278707441088045016e-05
6.080354690551757812e+00,5.783971929550171254e+00,6.080367565155029297e+00,5.783984804153442738e+00,9.551351070404052734e-01,9.546588480472564253e-01,9.616813659667968750e-01,9.610481441020966020e-01,1.788181543350219727e+00,1.481297636032104403e+00,9.659808874130249023e-01,9.671437501907348411e-01,1.409375667572021484e+00,1.419823575019836470e+00,1.278695890505332500e-05,1.278695890505332500e-05
5.381221771240234375e+00,5.760468769073486150e+00,5.381234645843505859e+00,5.760481643676757635e+00,9.768161177635192871e-01,9.546082735061645064e-01,9.764892458915710449e-01,9.609054028987884521e-01,8.734084963798522949e-01,1.467888021469116122e+00,9.853683710098266602e-01,9.671267449855804887e-01,1.569139361381530762e+00,1.409940469264984175e+00,1.278684976568911225e-05,1.278684976568911225e-05
5.080990791320800781e+00,5.734720230102539062e+00,5.081003665924072266e+00,5.734733104705810547e+00,9.665838479995727539e-01,9.545215666294097900e-01,9.663036465644836426e-01,9.607383668422698753e-01,6.913321614265441895e-01,1.452339231967926025e+00,9.765838384628295898e-01,9.670979917049408181e-01,1.480187654495239258e+00,1.400023138523101895e+00,1.278674153581960127e-05,1.278674153581960127e-05
4.998341560363769531e+00,5.727341270446776988e+00,4.998354434967041016e+00,5.727354145050048473e+00,9.459468126296997070e-01,9.545034527778625266e-01,9.464992284774780273e-01,9.607094049453734907e-01,6.775957345962524414e-01,1.447983586788177401e+00,9.612257480621337891e-01,9.670864582061767800e-01,1.467073917388916016e+00,1.397058331966400058e+00,1.278670879401033744e-05,1.278670879401033744e-05
7.010133743286132812e+00,5.703731441497803090e+00,7.010146617889404297e+00,5.703744316101074574e+00,9.384759068489074707e-01,9.544334292411804643e-01,9.547631740570068359e-01,9.606013953685760276e-01,2.835841417312622070e+00,1.434347116947173983e+00,9.545187950134277344e-01,9.670459806919098344e-01,1.326534986495971680e+00,1.387303423881530717e+00,1.278659419767791405e-05,1.278659419767791405e-05
5.252563953399658203e+00,5.679549598693848012e+00,5.252576828002929688e+00,5.679562473297119496e+00,9.716477990150451660e-01,9.543669939041137251e-01,9.704226851463317871e-01,9.604457616806030273e-01,9.115354418754577637e-01,1.419878435134887651e+00,9.819147586822509766e-01,9.670220553874969704e-01,1.417043328285217285e+00,1.377836465835571289e+00,1.278648414881899953e-05,1.278648414881899953e-05
5.657676219940185547e+00,5.655094528198242543e+00,5.657689094543457031e+00,5.655107402801514027e+00,9.615965485572814941e-01,9.543134212493896706e-01,9.720763564109802246e-01,9.602866888046264204e-01,1.363551259040832520e+00,1.405085182189941495e+00,9.732703566551208496e-01,9.670038580894469993e-01,1.387181639671325684e+00,1.368405318260192960e+00,1.278637228097068146e-05,1.278637228097068146e-05
5.935994148254394531e+00,5.632348728179931818e+00,5.936007022857666016e+00,5.632361602783203303e+00,9.563271999359130859e-01,9.542553305625915971e-01,9.615944623947143555e-01,9.601251602172851118e-01,1.678874373435974121e+00,1.391790688037872314e+00,9.675327539443969727e-01,9.669868588447571023e-01,1.371665239334106445e+00,1.359190702438354492e+00,1.278626041312236339e-05,1.278626041312236339e-05
5.773575782775878906e+00,5.610732650756835582e+00,5.773588657379150391e+00,5.610745525360107067e+00,9.641671776771545410e-01,9.541967868804931419e-01,9.662609696388244629e-01,9.600217640399932861e-01,1.444893002510070801e+00,1.379782557487487793e+00,9.764384627342224121e-01,9.669470071792602983e-01,1.421816229820251465e+00,1.349784648418426602e+00,1.278615218325285241e-05,1.278615218325285241e-05
5.459176063537597656e+00,5.588031291961669922e+00,5.459188938140869141e+00,5.588044166564941406e+00,9.642212986946105957e-01,9.541212856769561990e-01,9.621920585632324219e-01,9.598979592323303445e-01,1.231899857521057129e+00,1.366369926929473788e+00,9.754105210304260254e-01,9.669059395790100542e-01,1.325452327728271484e+00,1.340736067295074552e+00,1.278603849641513079e-05,1.278603849641513079e-05
4.996956348419189453e+00,5.565083456039428889e+00,4.996969223022460938e+00,5.565096330642700373e+00,9.748128056526184082e-01,9.540615260601044145e-01,9.744074344635009766e-01,9.597296774387359397e-01,6.945246458053588867e-01,1.352546107769012407e+00,9.823553562164306641e-01,9.668886363506317139e-01,1.370856165885925293e+00,1.331857359409332364e+00,1.278592753806151450e-05,1.278592753806151450e-05
