1.566264770507812500e+03,2.312971728515624818e+03,1.566264770507812500e+03,2.312971728515624818e+03,3.188493728637695312e+00,3.202788686752319425e+00,1.052603149414062500e+03,1.638882080078125000e+03,5.065231018066406250e+02,6.669500244140624545e+02,5.903700366616249084e-03,5.661047017201781446e-03,3.944195985794067383e+00,3.931183075904846280e+00,1.412397523381514475e-05,1.412397523381514475e-05
2.175089416503906250e+02,7.048283386230468750e+02,2.175089569091796875e+02,7.048283386230468750e+02,1.364880353212356567e-01,1.396182984113693293e-01,1.317994689941406250e+02,4.427726043701171648e+02,8.539402008056640625e+01,2.617367340087890852e+02,3.648627921938896179e-02,3.752509057521820346e-02,1.424697041511535645e-01,1.418677449226379284e-01,1.405038892698939890e-05,1.405038892698939890e-05
1.211983947753906250e+02,6.133148132324218977e+02,1.211984100341796875e+02,6.133148132324218977e+02,4.620635882019996643e-02,4.833980686962604384e-02,7.275733947753906250e+01,3.982332122802734489e+02,4.832855224609375000e+01,2.149669128417968693e+02,1.473305281251668930e-02,1.439633658155798843e-02,5.156886950135231018e-02,5.194866210222244540e-02,1.402335601596860215e-05,1.402335601596860215e-05
6.866934204101562500e+02,5.881937988281249545e+02,6.866934204101562500e+02,5.881937988281249545e+02,3.191089630126953125e-02,2.655827160924673080e-02,4.251790161132812500e+02,3.821134277343750227e+02,2.614379882812500000e+02,2.060173553466796932e+02,6.619741674512624741e-03,5.714862793684005911e-03,3.788168728351593018e-02,3.074137307703495026e-02,1.401048393745440990e-05,1.401048393745440990e-05
1.431160156250000000e+03,5.701850341796874773e+02,1.431160156250000000e+03,5.701850341796874773e+02,1.906234771013259888e-02,1.780207175761461258e-02,9.714087524414062500e+02,3.713617523193359489e+02,4.597080383300781250e+02,1.987817962646484489e+02,2.802945440635085106e-03,3.004402923397720034e-03,2.152733318507671356e-02,2.067690715193748474e-02,1.400136079610092565e-05,1.400136079610092565e-05
5.397229003906250000e+02,5.547698425292968523e+02,5.397229003906250000e+02,5.547698425292968523e+02,1.287533156573772430e-02,1.254562828689813683e-02,3.376554260253906250e+02,3.620780578613281477e+02,2.020376892089843750e+02,1.926631484985351506e+02,2.047603717073798180e-03,1.771034265402704477e-03,1.483836024999618530e-02,1.431996226310730015e-02,1.399440043314825743e-05,1.399440043314825743e-05
1.470975189208984375e+02,5.416251190185546420e+02,1.470975341796875000e+02,5.416251190185546420e+02,8.858940564095973969e-03,8.691693469882012107e-03,9.166194152832031250e+01,3.545077789306640739e+02,5.541558074951171875e+01,1.870978942871093693e+02,1.187656540423631668e-03,1.104699284769594626e-03,9.955783374607563019e-03,9.647639375180006374e-03,1.398904078087070957e-05,1.398904078087070957e-05
3.800413513183593750e+02,5.292472290039062273e+02,3.800413513183593750e+02,5.292472290039062273e+02,5.463464185595512390e-03,5.689613940194249327e-03,2.482825012207031250e+02,3.475458435058593523e+02,1.317470550537109375e+02,1.816888442993164006e+02,7.516302284784615040e-04,7.249030575621872707e-04,5.545384716242551804e-03,6.123943161219358791e-03,1.398580297973239794e-05,1.398580297973239794e-05
3.125862121582031250e+02,5.183139801025390625e+02,3.125862121582031250e+02,5.183139801025390625e+02,2.910162555053830147e-03,3.343711467459797946e-03,2.063415222167968750e+02,3.411930236816406250e+02,1.062383346557617188e+02,1.771136962890624886e+02,4.127539868932217360e-04,4.938950354699045203e-04,3.017119131982326508e-03,3.429969283752143470e-03,1.398461427015718073e-05,1.398461427015718073e-05
7.883789672851562500e+02,5.102683898925781136e+02,7.883789672851562500e+02,5.102683898925781136e+02,1.581518328748643398e-03,1.828039740212261764e-03,5.394732666015625000e+02,3.362897827148437386e+02,2.489023742675781250e+02,1.739746780395507812e+02,3.198066842742264271e-04,3.641438961494714022e-04,1.457736478187143803e-03,1.738925103563815399e-03,1.398517360939877108e-05,1.398517360939877108e-05
4.638260192871093750e+02,5.086088897705078011e+02,4.638260192871093750e+02,5.086088897705078011e+02,1.795803895220160484e-03,1.546606863848865119e-03,2.880959472656250000e+02,3.352571777343749773e+02,1.757261657714843750e+02,1.733484039306640625e+02,3.897945862263441086e-04,3.371149156009778597e-04,1.712412340566515923e-03,1.430481113493442449e-03,1.398555286868941039e-05,1.398555286868941039e-05
4.959691238403320312e+01,5.044303588867187500e+02,4.959692764282226562e+01,5.044303588867187500e+02,7.745201583020389080e-04,9.431909711565822363e-04,2.671739768981933594e+01,3.326832611083984261e+02,2.287788009643554688e+01,1.717450881958007756e+02,2.572748926468193531e-04,2.725299535086378564e-04,6.029288051649928093e-04,7.836963399313390038e-04,1.398708263877779245e-05,1.398708263877779245e-05
5.245318603515625000e+02,5.024095092773437727e+02,5.245318603515625000e+02,5.024095092773437727e+02,6.650619325228035450e-04,6.540754053276032426e-04,3.460263977050781250e+02,3.315352355957031136e+02,1.785040130615234375e+02,1.708729064941406364e+02,2.227990044048056006e-04,2.288962350576184690e-04,5.191902164369821548e-04,4.902209358988330202e-04,1.398845870426157489e-05,1.398845870426157489e-05
4.613721313476562500e+02,5.013964965820312614e+02,4.613721313476562500e+02,5.013964965820312614e+02,5.619615549221634865e-04,4.955498268827795549e-04,2.925019226074218750e+02,3.309881256103515739e+02,1.688690338134765625e+02,1.704073410034179688e+02,2.089265326503664255e-04,2.023244407610036324e-04,4.105743137188255787e-04,3.355940600158646594e-04,1.398975473421160132e-05,1.398975473421160132e-05
3.204180297851562500e+02,5.009978576660156477e+02,3.204180297851562500e+02,5.009978576660156477e+02,3.244898107368499041e-04,3.971468162490054748e-04,2.084967041015625000e+02,3.308617797851562727e+02,1.119206314086914062e+02,1.701352539062500000e+02,1.473006122978404164e-04,1.822848455049097430e-04,2.095447125611826777e-04,2.440437354380264987e-04,1.399088432663120329e-05,1.399088432663120329e-05
6.352527999877929688e+01,5.007616882324218750e+02,6.352529525756835938e+01,5.007616882324218750e+02,3.039629664272069931e-04,3.330304112751037099e-04,3.276997375488281250e+01,3.308649688720703352e+02,3.075467300415039062e+01,1.698960296630859261e+02,1.503715029684826732e-04,1.669949386268854250e-04,1.811135880416259170e-04,1.875176269095390927e-04,1.399182656314224005e-05,1.399182656314224005e-05
6.822042846679687500e+02,5.006017791748046761e+02,6.822042846679687500e+02,5.006017791748046761e+02,2.542980364523828030e-04,2.888070361223071597e-04,4.577822570800781250e+02,3.308922698974609489e+02,2.244215545654296875e+02,1.697089050292968864e+02,1.367487275274470448e-04,1.563336758408695514e-04,1.320579322054982185e-04,1.487055240431800593e-04,1.399266966473078355e-05,1.399266966473078355e-05
4.022363586425781250e+02,5.006131469726562386e+02,4.022363586425781250e+02,5.006131469726562386e+02,2.095683448715135455e-04,2.549828306655399393e-04,2.667962646484375000e+02,3.309785156250000000e+02,1.354396667480468750e+02,1.696341140747070426e+02,1.028664482873864472e-04,1.478191246860660667e-04,1.110438897740095854e-04,1.195450095110572875e-04,1.399345273966901004e-05,1.399345273966901004e-05
7.915781250000000000e+02,5.006590087890625114e+02,7.915781250000000000e+02,5.006590087890625114e+02,2.757696784101426601e-04,2.301103435456752831e-04,5.231612548828125000e+02,3.311076171875000114e+02,2.684162902832031250e+02,1.695509170532226619e+02,1.496827899245545268e-04,1.411557765095494633e-04,1.470491843065246940e-04,9.877308184513822198e-05,1.399421034875558689e-05,1.399421034875558689e-05
4.014205627441406250e+02,5.007441558837890625e+02,4.014205627441406250e+02,5.007441558837890625e+02,1.554790214868262410e-04,2.094904397381469662e-04,2.599329833984375000e+02,3.312656646728515852e+02,1.414872589111328125e+02,1.694780731201171875e+02,1.157185979536734521e-04,1.349478945485316109e-04,4.230672129779122770e-05,8.240255119744688544e-05,1.399487337039317936e-05,1.399487337039317936e-05
8.678790893554687500e+02,5.007520446777343750e+02,8.678790893554687500e+02,5.007520446777343750e+02,1.705257891444489360e-04,2.044539491180330569e-04,5.831934204101562500e+02,3.312993469238281250e+02,2.846853332519531250e+02,1.694522979736328239e+02,1.075487816706299782e-04,1.333426960627548505e-04,7.088293205015361309e-05,7.847522429074160213e-05,1.399505526933353394e-05,1.399505526933353394e-05
2.596181335449218750e+02,5.008589996337890398e+02,2.596181335449218750e+02,5.008589996337890398e+02,1.415185106452554464e-04,1.898947739391587675e-04,1.706614837646484375e+02,3.314303009033203011e+02,8.895636749267578125e+01,1.694283370971679688e+02,9.606776438886299729e-05,1.285285296034999300e-04,4.856526720686815679e-05,6.748135274392552674e-05,1.399563006998505443e-05,1.399563006998505443e-05
1.940407714843750000e+02,5.009331939697265739e+02,1.940407867431640625e+02,5.009331939697265739e+02,1.785000349627807736e-04,1.771523806382902021e-04,1.252506256103515625e+02,3.315397369384765511e+02,6.878978729248046875e+01,1.693930938720703239e+02,1.390345569234341383e-04,1.245222185389138650e-04,4.004470611107535660e-05,5.765804817201569541e-05,1.399620396114187315e-05,1.399620396114187315e-05
1.022976867675781250e+03,5.009758972167968523e+02,1.022976867675781250e+03,5.009758972167968523e+02,1.675379171501845121e-04,1.669122095336206149e-04,6.828572387695312500e+02,3.316215728759765398e+02,3.401192626953125000e+02,1.693539794921875057e+02,1.015721427393145859e-04,1.210679169162176604e-04,7.542204548371955752e-05,5.003110163670498878e-05,1.399675602442584932e-05,1.399675602442584932e-05
5.067383422851562500e+02,5.009796508789062273e+02,5.067383422851562500e+02,5.009796508789062273e+02,2.334083546884357929e-04,1.577297574840486104e-04,3.295010986328125000e+02,3.316707366943359148e+02,1.772367401123046875e+02,1.693085922241210994e+02,1.851212291512638330e-04,1.178966427687555497e-04,5.867536310688592494e-05,4.333268188929651068e-05,1.399729899276280776e-05,1.399729899276280776e-05
3.235335998535156250e+02,5.009493164062499773e+02,3.235335998535156250e+02,5.009493164062499773e+02,1.485372049501165748e-04,1.505132531747221947e-04,2.144367218017578125e+02,3.317153930664062500e+02,1.090965805053710938e+02,1.692336090087890739e+02,1.213710784213617444e-04,1.152101758634671569e-04,2.907170710386708379e-05,3.824438681476749480e-05,1.399779375788057223e-05,1.399779375788057223e-05
9.864844970703125000e+02,5.010216522216796875e+02,9.864844970703125000e+02,5.010216522216796875e+02,1.947936398210003972e-04,1.444380788598209511e-04,6.766140136718750000e+02,3.317911804199218864e+02,3.098701171875000000e+02,1.692301620483398494e+02,1.440539635950699449e-04,1.126025294070132131e-04,4.839105895371176302e-05,3.438097301113885032e-05,1.399820393999107182e-05,1.399820393999107182e-05
6.430341186523437500e+02,5.010196350097656364e+02,6.430341186523437500e+02,5.010196350097656364e+02,1.441676722606644034e-04,1.387753451126627570e-04,4.301799926757812500e+02,3.318357910156249773e+02,2.128537902832031250e+02,1.691835556030273438e+02,1.139039886766113341e-04,1.101986941648647135e-04,3.781943087233230472e-05,3.078869722230592878e-05,1.399862230755388737e-05,1.399862230755388737e-05
2.831724853515625000e+02,5.010444366455078011e+02,2.831724853515625000e+02,5.010444366455078011e+02,1.702603331068530679e-04,1.337757130386307836e-04,1.787802276611328125e+02,3.318826507568359148e+02,1.043919143676757812e+02,1.691615219116210938e+02,1.487651461502537131e-04,1.078920140571426600e-04,2.615719131426885724e-05,2.782816482067573883e-05,1.399902430421207100e-05,1.399902430421207100e-05
2.105811462402343750e+02,5.010193054199218636e+02,2.105811614990234375e+02,5.010193054199218636e+02,1.195109725813381374e-04,1.292008077143691534e-04,1.311285552978515625e+02,3.319117034912109148e+02,7.945233917236328125e+01,1.691073425292968864e+02,9.558289457345381379e-05,1.058647467289119959e-04,2.467553713358938694e-05,2.504650965420296551e-05,1.399946086166892201e-05,1.399946086166892201e-05
2.709102172851562500e+02,5.010047668457031023e+02,2.709102172851562500e+02,5.010047668457031023e+02,7.456597086274996400e-05,1.279878459172323455e-04,1.795279846191406250e+02,3.319202545166015739e+02,9.138208770751953125e+01,1.690842575073242244e+02,5.756777682108804584e-05,1.052858227922115529e-04,1.393073034705594182e-05,2.434838206681888483e-05,1.399957545800134540e-05,1.399957545800134540e-05
1.864886474609375000e+02,5.010265838623046761e+02,1.864886627197265625e+02,5.010265838623046761e+02,1.572358305566012859e-04,1.241844052856322324e-04,1.149742736816406250e+02,3.319611724853515398e+02,7.151405334472656250e+01,1.690651718139648381e+02,1.356491702608764172e-04,1.033991909935139093e-04,2.209185004176106304e-05,2.224700529041001573e-05,1.399992834194563329e-05,1.399992834194563329e-05
5.191390991210937500e+02,5.010429290771484148e+02,5.191390991210937500e+02,5.010429290771484148e+02,9.353902714792639017e-05,1.207041153975296820e-04,3.545239868164062500e+02,3.320060241699218864e+02,1.646149597167968750e+02,1.690366500854492244e+02,7.468593685189262033e-05,1.016779962810687748e-04,1.968373726413119584e-05,2.036890946328640052e-05,1.400025939801707864e-05,1.400025939801707864e-05
5.762905273437500000e+02,5.010099884033203352e+02,5.762905273437500000e+02,5.010099884033203352e+02,1.223337167175486684e-04,1.175104356661904657e-04,3.775527038574218750e+02,3.320434814453125227e+02,1.987375946044921875e+02,1.689662673950195426e+02,9.820809646043926477e-05,9.995273139793426341e-05,2.633950680319685489e-05,1.876191381597891314e-05,1.400057044520508498e-05,1.400057044520508498e-05
1.412114257812500000e+02,5.009987213134765511e+02,1.412114410400390625e+02,5.009987213134765511e+02,1.213743380503728986e-04,1.145218564488459351e-04,7.933930969238281250e+01,3.320691375732421875e+02,6.187186431884765625e+01,1.689293426513671932e+02,9.766824223333969712e-05,9.824883018154651198e-05,2.645251515787094831e-05,1.737005404720548405e-05,1.400088513037189841e-05,1.400088513037189841e-05
5.162047119140625000e+02,5.010048614501953352e+02,5.162047119140625000e+02,5.010048614501953352e+02,1.371810503769665956e-04,1.116477789764758227e-04,3.433250122070312500e+02,3.321063934326172102e+02,1.728794708251953125e+02,1.688982376098632869e+02,1.224775623995810747e-04,9.662448283052072471e-05,1.773635813151486218e-05,1.601839294380624846e-05,1.400119072059169412e-05,1.400119072059169412e-05
5.789269638061523438e+01,5.010352264404297102e+02,5.789271163940429688e+01,5.010352264404297102e+02,8.076014637481421232e-05,1.090557074348907972e-04,3.156565856933593750e+01,3.321384399414062614e+02,2.632687950134277344e+01,1.688965698242187443e+02,7.188886957010254264e-05,9.509036899544299191e-05,7.514256139984354377e-06,1.488357984271715361e-05,1.400147266394924372e-05,1.400147266394924372e-05
1.683227539062500000e+02,5.010363403320312727e+02,1.683227691650390625e+02,5.010363403320312727e+02,8.979214908322319388e-05,1.066639779310207814e-04,9.534503936767578125e+01,3.321686981201171989e+02,7.297752380371093750e+01,1.688674301147460994e+02,7.843355706427246332e-05,9.364796351292170313e-05,1.161777345259906724e-05,1.386606236337684163e-05,1.400174824084388092e-05,1.400174824084388092e-05
7.265861816406250000e+02,5.009888458251953125e+02,7.265861816406250000e+02,5.009888458251953125e+02,1.126805509557016194e-04,1.044269731210079071e-04,4.878213806152343750e+02,3.321859710693359489e+02,2.387645721435546875e+02,1.688026809692382812e+02,1.064471944118849933e-04,9.219848361681215194e-05,6.689881047350354493e-06,1.300216608797200092e-05,1.400199835188686848e-05,1.400199835188686848e-05
2.990921936035156250e+02,5.009689239501952898e+02,2.990921936035156250e+02,5.009689239501952898e+02,1.026183381327427924e-04,1.021898227918427492e-04,1.924301910400390625e+02,3.321958282470703239e+02,1.066618118286132812e+02,1.687729064941406136e+02,9.503841283731162548e-05,9.072781322174705023e-05,8.204637197195552289e-06,1.217097278640721891e-05,1.400226756231859326e-05,1.400226756231859326e-05
1.037929077148437500e+02,5.009526947021484489e+02,1.037929229736328125e+02,5.009526947021484489e+02,7.870682020438835025e-05,1.015469155390746946e-04,6.222828292846679688e+01,3.322053588867187273e+02,4.156446838378906250e+01,1.687471527099609432e+02,7.060763891786336899e-05,9.030521905515343493e-05,9.505506568530108780e-06,1.193312218674691360e-05,1.400234577886294574e-05,1.400234577886294574e-05
1.672352600097656250e+02,5.009675354003906023e+02,1.672352752685546875e+02,5.009675354003906023e+02,1.449799310648813844e-04,9.949381565093063089e-05,1.071753005981445312e+02,3.322368713378906477e+02,6.005966567993164062e+01,1.687305007934570256e+02,1.349035737803205848e-04,8.895959472283720699e-05,1.109471486415714025e-05,1.117090332627412829e-05,1.400261862727347761e-05,1.400261862727347761e-05
5.813386917114257812e+01,1.073328865051269503e+02,5.813388442993164062e+01,1.073329017639160128e+02,3.310445845127105713e-01,4.732973158359527477e-01,4.216178894042968750e+01,9.124759140014649006e+01,1.543975353240966797e+01,1.532614355087280344e+01,1.603434793651103973e-02,1.680847723037004471e-02,1.852489560842514038e-01,2.690467834472656250e-01,1.397395135427359492e-05,1.397395135427359492e-05
4.538729095458984375e+01,4.127355575561523438e+01,4.538730621337890625e+01,4.127357101440429688e+01,5.695351958274841309e-01,5.336296379566192183e-01,3.759511566162109375e+01,3.395275802612304972e+01,6.948771953582763672e+00,6.527765130996703746e+00,3.383197635412216187e-02,3.482419177889824191e-02,2.400353997945785522e-01,2.245781093835830799e-01,1.394946775690186769e-05,1.394946775690186769e-05
1.507063961029052734e+01,2.392094459533691264e+01,1.507065391540527344e+01,2.392095794677734233e+01,2.816122174263000488e-01,2.869952291250228993e-01,1.100379371643066406e+01,1.899907855987548899e+01,3.684996843338012695e+00,4.535219621658325373e+00,4.491556063294410706e-02,4.427906200289725980e-02,5.532210320234298706e-02,5.537194572389125824e-02,1.392852391290944070e-05,1.392852391290944070e-05
2.745650672912597656e+01,1.810003967285156179e+01,2.745652008056640625e+01,1.810005302429199148e+01,3.242815732955932617e-01,1.994863852858543285e-01,2.221307373046875000e+01,1.409566431045532298e+01,4.824499607086181641e+00,3.732234811782837003e+00,5.309616774320602417e-02,4.721868038177490234e-02,4.155518859624862671e-02,2.543562240898609300e-02,1.390810484735993668e-05,1.390810484735993668e-05
1.062061023712158203e+01,1.490111207962036133e+01,1.062062454223632812e+01,1.490112628936767614e+01,1.616831570863723755e-01,1.775082930922508295e-01,7.455917835235595703e+00,1.143203144073486399e+01,2.925476074218750000e+00,3.209806799888610840e+00,4.596834257245063782e-02,4.827231578528880934e-02,3.156476095318794250e-02,3.349290955811738690e-02,1.388854343531420454e-05,1.388854343531420454e-05
1.429380989074707031e+01,1.285022907257080149e+01,1.429382419586181641e+01,1.285024337768554759e+01,1.469007879495620728e-01,1.677375167608260997e-01,1.062878990173339844e+01,9.747959423065186257e+00,3.425435066223144531e+00,2.839803910255432218e+00,5.446551367640495300e-02,4.827492274343967577e-02,3.821814060211181641e-02,4.645276367664337436e-02,1.387059091939590871e-05,1.387059091939590871e-05
1.747573471069335938e+01,1.103330783843994212e+01,1.747574806213378906e+01,1.103332214355468821e+01,1.788736283779144287e-01,1.482875451445579418e-01,1.441996955871582031e+01,8.266998577117920632e+00,2.775435209274291992e+00,2.527888727188110529e+00,5.326119437813758850e-02,4.962326362729072710e-02,4.819472134113311768e-02,4.050962217152118822e-02,1.385205996484728530e-05,1.385205996484728530e-05
1.374923419952392578e+01,9.707053852081298118e+00,1.374924850463867188e+01,9.707068157196044211e+00,1.506019085645675659e-01,1.251065872609615215e-01,1.054479598999023438e+01,7.203794193267822443e+00,2.950277090072631836e+00,2.290443491935730158e+00,5.931821092963218689e-02,5.004555098712444583e-02,4.424008727073669434e-02,3.766390942037105283e-02,1.383386734232772142e-05,1.383386734232772142e-05
7.142545223236083984e+00,9.377761173248291726e+00,7.142559051513671875e+00,9.377774524688721414e+00,1.153194084763526917e-01,1.130233615636825617e-01,5.158841609954833984e+00,6.949252223968505504e+00,1.782077908515930176e+00,2.228386116027832209e+00,4.673584923148155212e-02,5.001697875559329987e-02,3.957067802548408508e-02,3.708244785666466037e-02,1.382795380777679384e-05,1.382795380777679384e-05
7.271009922027587891e+00,8.285893630981444602e+00,7.271023750305175781e+00,8.285907077789307351e+00,8.684397488832473755e-02,9.459677040576934537e-02,5.144086837768554688e+00,6.056774044036865590e+00,1.946745157241821289e+00,2.035825443267822443e+00,4.698397219181060791e-02,4.974269010126590451e-02,4.634968563914299011e-02,4.895460158586502353e-02,1.380915455229114741e-05,1.380915455229114741e-05
6.146269321441650391e+00,7.419490766525268732e+00,6.146283149719238281e+00,7.419504594802856623e+00,4.802640900015830994e-02,6.794087663292884549e-02,4.427022933959960938e+00,5.388170862197876332e+00,1.605071544647216797e+00,1.873786866664886475e+00,4.169273376464843750e-02,5.018698982894420624e-02,2.445541322231292725e-02,3.940503932535648068e-02,1.379129571432713419e-05,1.379129571432713419e-05
5.762553215026855469e+00,6.710692930221557440e+00,5.762567043304443359e+00,6.710706758499145330e+00,5.283085629343986511e-02,6.294579207897185724e-02,4.158936023712158203e+00,4.894315242767333984e+00,1.469081640243530273e+00,1.661803615093231157e+00,4.391949251294136047e-02,5.021632350981235227e-02,3.778557106852531433e-02,4.141188189387321611e-02,1.377286571369040757e-05,1.377286571369040757e-05
4.817507266998291016e+00,5.919543695449829279e+00,4.817521095275878906e+00,5.919557523727417170e+00,7.647437602281570435e-02,9.440319165587425509e-02,3.635206937789916992e+00,4.577471590042113903e+00,9.671049118041992188e-01,1.088608491420745894e+00,5.052008852362632751e-02,5.247737802565097948e-02,8.820116519927978516e-02,1.065829701721668216e-01,1.375730880681658164e-05,1.375730880681658164e-05
6.200872898101806641e+00,5.150947093963623047e+00,6.200886726379394531e+00,5.150960922241210938e+00,1.076016351580619812e-01,7.730278596282005865e-02,5.183927059173583984e+00,4.284135675430297496e+00,7.518492937088012695e-01,6.586377263069153054e-01,5.951549857854843140e-02,4.860568344593048373e-02,9.797944873571395874e-02,8.226527050137519281e-02,1.374004932586103678e-05,1.374004932586103678e-05
3.950396776199340820e+00,4.608868789672851740e+00,3.950410604476928711e+00,4.608882617950439631e+00,5.820376798510551453e-02,7.499907016754150946e-02,3.374468326568603516e+00,3.964609050750732333e+00,4.425214231014251709e-01,4.845247924327850120e-01,3.180694952607154846e-02,3.677508533000946322e-02,4.339658096432685852e-02,4.796090312302112718e-02,1.372484439343679696e-05,1.372484439343679696e-05
5.300893306732177734e+00,4.306166172027587891e+00,5.300907135009765625e+00,4.306180000305175781e+00,1.332676112651824951e-01,9.687791764736175537e-02,4.677492618560791016e+00,3.774369144439697177e+00,3.918917775154113770e-01,3.599099636077880970e-01,3.165883943438529968e-02,2.973274216055870126e-02,6.658262014389038086e-02,4.527639523148536960e-02,1.371139478578697890e-05,1.371139478578697890e-05
4.364988803863525391e+00,4.041465139389037731e+00,4.365002632141113281e+00,4.041478896141052601e+00,6.523879617452621460e-02,7.404334545135497769e-02,3.960627079010009766e+00,3.614374399185180664e+00,2.995068430900573730e-01,3.083638727664947399e-01,2.149096131324768066e-02,2.432179618626833031e-02,1.812525093555450439e-02,2.036166004836559296e-02,1.369318670185748488e-05,1.369318670185748488e-05
4.044174194335937500e+00,3.853011989593505771e+00,4.044188022613525391e+00,3.853025579452514560e+00,8.512464910745620728e-02,7.872725203633308688e-02,3.565610885620117188e+00,3.415771532058715643e+00,3.412525057792663574e-01,3.098322331905364879e-01,2.249156683683395386e-02,2.041606847196817537e-02,2.969461306929588318e-02,2.826490513980388711e-02,1.367647382721770555e-05,1.367647382721770555e-05
3.409064769744873047e+00,3.808809161186218262e+00,3.409078359603881836e+00,3.808822751045227051e+00,5.286093801259994507e-02,7.431992664933204096e-02,3.027703046798706055e+00,3.387016630172729581e+00,2.951006591320037842e-01,3.031207203865051159e-01,1.572735235095024109e-02,1.920267157256603380e-02,1.767286285758018494e-02,2.514919675886630873e-02,1.367152799502946436e-05,1.367152799502946436e-05
3.841933488845825195e+00,3.650312042236328214e+00,3.841947078704833984e+00,3.650325632095337003e+00,5.259316042065620422e-02,7.201368063688277921e-02,3.480340480804443359e+00,3.246220374107360751e+00,2.806383967399597168e-01,2.956232339143752830e-01,1.348219159990549088e-02,1.610393291339278291e-02,1.487931329756975174e-02,2.035085763782262802e-02,1.365690695820376277e-05,1.365690695820376277e-05
3.846975564956665039e+00,3.495303082466125311e+00,3.846989154815673828e+00,3.495316672325134100e+00,5.808860063552856445e-02,6.538944058120250979e-02,3.505903244018554688e+00,3.128825187683105469e+00,2.567874491214752197e-01,2.733492940664291604e-01,1.121813897043466568e-02,1.327200587838888238e-02,1.497826259583234787e-02,1.446716813370585442e-02,1.363965020573232323e-05,1.363965020573232323e-05
3.454719066619873047e+00,3.400464415550231934e+00,3.454732656478881836e+00,3.400478005409240723e+00,6.944473832845687866e-02,8.212482109665870944e-02,3.086321353912353516e+00,3.004283928871154696e+00,2.645712792873382568e-01,2.726009011268615834e-01,1.117680966854095459e-02,1.153761558234691655e-02,2.320508472621440887e-02,2.991712819784879754e-02,1.362195871479343623e-05,1.362195871479343623e-05
4.100888252258300781e+00,3.287765908241271795e+00,4.100902080535888672e+00,3.287779498100280584e+00,1.022768765687942505e-01,7.879544869065284451e-02,3.682068824768066406e+00,2.903475093841552557e+00,2.665129601955413818e-01,2.652449607849121094e-01,1.132332812994718552e-02,1.034757029265165329e-02,3.870622441172599792e-02,2.990278862416744302e-02,1.360594251309521496e-05,1.360594251309521496e-05
3.107862472534179688e+00,3.256852769851684481e+00,3.107876062393188477e+00,3.256866359710693271e+00,6.527592986822128296e-02,1.010839715600013733e-01,2.761605262756347656e+00,2.835128712654113592e+00,2.416877001523971558e-01,2.618193805217742809e-01,8.047854527831077576e-03,9.542074613273143421e-03,3.124579414725303650e-02,4.927865080535411696e-02,1.358817280561197549e-05,1.358817280561197549e-05
2.889937162399291992e+00,3.096750736236572266e+00,2.889950752258300781e+00,3.096764326095581055e+00,6.760295480489730835e-02,6.282816864550114233e-02,2.547902822494506836e+00,2.750312829017639071e+00,2.495588213205337524e-01,2.595824807882308738e-01,8.668396621942520142e-03,8.925332408398389122e-03,1.620414294302463531e-02,1.510196039453148842e-02,1.357285327685531229e-05,1.357285327685531229e-05
2.927475214004516602e+00,3.012526488304138272e+00,2.927488803863525391e+00,3.012540078163147061e+00,5.544077232480049133e-02,6.293397173285483759e-02,2.584299564361572266e+00,2.672506499290466131e+00,2.608130872249603271e-01,2.529732257127761952e-01,7.310624234378337860e-03,8.033805759623646736e-03,1.961131952702999115e-02,1.607899880036711693e-02,1.355531276203691959e-05,1.355531276203691959e-05
2.862202644348144531e+00,2.939674615859985352e+00,2.862216234207153320e+00,2.939688205718994141e+00,6.890356540679931641e-02,6.774917915463447848e-02,2.511477947235107422e+00,2.596983528137207120e+00,2.588253617286682129e-01,2.514333248138427845e-01,9.015378542244434357e-03,7.704086648300289934e-03,1.398057956248521805e-02,1.580456355586647849e-02,1.353724292130209506e-05,1.353724292130209506e-05
2.480032205581665039e+00,2.860538601875305176e+00,2.480045795440673828e+00,2.860552191734313965e+00,5.879798531532287598e-02,6.211713217198848447e-02,2.133414745330810547e+00,2.533305549621581942e+00,2.650954127311706543e-01,2.438652634620666615e-01,7.615504320710897446e-03,7.053245324641466141e-03,1.510829105973243713e-02,1.419739872217178414e-02,1.352093477180460468e-05,1.352093477180460468e-05
2.923618555068969727e+00,2.845078349113464355e+00,2.923632144927978516e+00,2.845091938972473145e+00,4.343777522444725037e-02,6.188422180712223331e-02,2.622026681900024414e+00,2.520954227447509854e+00,2.403608411550521851e-01,2.403741121292114202e-01,4.547878168523311615e-03,6.818690896034240376e-03,1.324557233601808548e-02,1.504713091999292443e-02,1.351637365587521344e-05,1.351637365587521344e-05
2.828839778900146484e+00,2.791183590888977051e+00,2.828853368759155273e+00,2.791197180747985840e+00,5.514570698142051697e-02,6.651576533913612643e-02,2.518498420715332031e+00,2.464809036254882901e+00,2.366626262664794922e-01,2.374917224049568065e-01,4.907917231321334839e-03,6.494343560189008539e-03,1.362523715943098068e-02,1.587276766076683998e-02,1.349903322989121079e-05,1.349903322989121079e-05
3.186089992523193359e+00,2.736743354797363192e+00,3.186103582382202148e+00,2.736756944656371981e+00,6.272980570793151855e-02,6.536502726376056116e-02,2.866102695465087891e+00,2.413278794288635343e+00,2.386208027601242065e-01,2.368987485766410883e-01,5.139705725014209747e-03,6.408045860007404934e-03,1.349713746458292007e-02,1.479281894862651860e-02,1.348175646853633225e-05,1.348175646853633225e-05
2.349752664566040039e+00,2.672475290298462092e+00,2.349766016006469727e+00,2.672488641738891779e+00,6.053035333752632141e-02,6.516924723982811529e-02,2.033532142639160156e+00,2.357292079925537021e+00,2.363274544477462769e-01,2.303871378302574102e-01,5.817699711769819260e-03,5.976670188829302788e-03,1.354505773633718491e-02,1.365010859444737434e-02,1.346432145510334522e-05,1.346432145510334522e-05
2.800527572631835938e+00,2.628662133216857821e+00,2.800540924072265625e+00,2.628675484657287509e+00,7.254616171121597290e-02,7.034663334488869268e-02,2.481903791427612305e+00,2.304155969619750888e+00,2.225139141082763672e-01,2.328363269567489680e-01,7.179067935794591904e-03,6.170614063739776958e-03,1.638452522456645966e-02,1.515263793990015949e-02,1.344686552329221740e-05,1.344686552329221740e-05
2.696172475814819336e+00,2.583031034469604581e+00,2.696185827255249023e+00,2.583044385910034269e+00,5.846654251217842102e-02,7.045871764421463013e-02,2.377928972244262695e+00,2.259860944747924982e+00,2.407178878784179688e-01,2.308677464723586925e-01,4.973223898559808731e-03,5.988519964739679943e-03,1.408594474196434021e-02,1.585508976131677628e-02,1.342863833997398615e-05,1.342863833997398615e-05
2.438357353210449219e+00,2.530029845237732111e+00,2.438370704650878906e+00,2.530043196678161799e+00,6.491786986589431763e-02,6.544564701616764624e-02,2.111210346221923828e+00,2.216008162498474210e+00,2.432751059532165527e-01,2.288869127631187328e-01,5.865743383765220642e-03,5.818458599969744335e-03,1.308815181255340576e-02,1.387070128694176639e-02,1.341061761195305735e-05,1.341061761195305735e-05
2.709133625030517578e+00,2.497469329833984286e+00,2.709146976470947266e+00,2.497482681274413974e+00,7.859716564416885376e-02,7.336968332529067438e-02,2.380000352859497070e+00,2.172058796882629483e+00,2.299174815416336060e-01,2.288489207625389044e-01,5.716209299862384796e-03,5.861433129757643093e-03,1.490246970206499100e-02,1.733051557093858580e-02,1.339345271844649687e-05,1.339345271844649687e-05
2.428618431091308594e+00,2.449686789512634189e+00,2.428631782531738281e+00,2.449700140953063876e+00,7.164785265922546387e-02,6.829474419355392734e-02,2.091590642929077148e+00,2.133270192146301092e+00,2.455157637596130371e-01,2.275924846529960577e-01,6.244775839149951935e-03,5.796027230098843228e-03,1.361937820911407471e-02,1.473336806520819664e-02,1.337621870334260166e-05,1.337621870334260166e-05
1.997732162475585938e+00,2.409625172615051270e+00,1.997745513916015625e+00,2.409638524055480957e+00,6.605754792690277100e-02,6.725123450160026828e-02,1.688097357749938965e+00,2.098625397682190030e+00,2.245108187198638916e-01,2.253764450550079235e-01,6.220723502337932587e-03,5.593527574092149734e-03,1.284580864012241364e-02,1.277856267988681724e-02,1.336073819402372465e-05,1.336073819402372465e-05
2.302463769912719727e+00,2.407880020141601740e+00,2.302477121353149414e+00,2.407893371582031428e+00,5.411677435040473938e-02,7.349853888154030124e-02,2.008144855499267578e+00,2.089971780776977539e+00,2.257183343172073364e-01,2.251290127635002247e-01,4.304435104131698608e-03,5.602904921397566448e-03,1.017960254102945328e-02,1.367786219343542983e-02,1.335602337348973379e-05,1.335602337348973379e-05
2.094331502914428711e+00,2.369689941406250000e+00,2.094344854354858398e+00,2.369703292846679688e+00,8.481440693140029907e-02,6.953324750065803528e-02,1.767395019531250000e+00,2.053728127479553134e+00,2.163065522909164429e-01,2.261484459042549244e-01,7.093823980540037155e-03,5.804983153939247305e-03,1.872168108820915222e-02,1.447510756552219426e-02,1.333815089310519397e-05,1.333815089310519397e-05
2.497973918914794922e+00,2.335851669311523438e+00,2.497987270355224609e+00,2.335865020751953125e+00,8.092872053384780884e-02,7.034961730241776068e-02,2.159533023834228516e+00,2.020745873451232910e+00,2.337228655815124512e-01,2.241298764944076594e-01,7.773065473884344101e-03,5.726535897701978337e-03,1.601598598062992096e-02,1.489978358149528573e-02,1.332038118562195450e-05,1.332038118562195450e-05
1.948491930961608887e+00,2.301173686981201172e+00,1.948505282402038574e+00,2.301187038421630859e+00,6.037323921918869019e-02,7.090362608432769498e-02,1.650764465332031250e+00,1.984642779827118009e+00,2.190635800361633301e-01,2.247956871986389049e-01,4.989877808839082718e-03,5.805345391854644169e-03,1.330080814659595490e-02,1.502625010907649925e-02,1.330404211330460384e-05,1.330404211330460384e-05
2.269525766372680664e+00,2.263660693168640048e+00,2.269539117813110352e+00,2.263674044609069735e+00,7.042809575796127319e-02,6.778344660997390192e-02,1.976123690605163574e+00,1.953163778781890958e+00,2.047841399908065796e-01,2.238569319248199518e-01,5.388551391661167145e-03,5.810972629114985119e-03,1.280131284147500992e-02,1.304557798430323531e-02,1.328755661234026775e-05,1.328755661234026775e-05
2.111436843872070312e+00,2.235986828804016113e+00,2.111450195312500000e+00,2.236000180244445801e+00,8.596511930227279663e-02,7.040343806147575378e-02,1.783739447593688965e+00,1.923195302486419678e+00,2.187232375144958496e-01,2.225432589650154225e-01,7.606228347867727280e-03,5.724054249003529722e-03,1.540288235992193222e-02,1.412070225924253429e-02,1.327115660387789831e-05,1.327115660387789831e-05
2.094763278961181641e+00,2.207949376106262296e+00,2.094776630401611328e+00,2.207962727546691983e+00,5.908448249101638794e-02,7.118799984455108365e-02,1.804444789886474609e+00,1.894490396976471036e+00,2.146226465702056885e-01,2.223618015646934565e-01,5.233115982264280319e-03,5.783051718026399612e-03,1.137838885188102722e-02,1.412605950608849560e-02,1.325573066424112767e-05,1.325573066424112767e-05
1.965749621391296387e+00,2.181534314155578524e+00,1.965762853622436523e+00,2.181547665596008212e+00,5.556090176105499268e-02,7.369582131505011957e-02,1.652879595756530762e+00,1.865598034858703569e+00,2.407615631818771362e-01,2.205545693635940496e-01,5.153248552232980728e-03,5.743031250312924038e-03,1.139422040432691574e-02,1.594282779842615128e-02,1.324151980952592567e-05,1.324151980952592567e-05
1.875699877738952637e+00,2.147100234031677157e+00,1.875713109970092773e+00,2.147113347053527743e+00,9.473135322332382202e-02,6.971389353275299350e-02,1.553514957427978516e+00,1.839498007297515780e+00,2.029711902141571045e-01,2.185956940054893383e-01,9.063038043677806854e-03,5.508994916453957558e-03,1.541939657181501389e-02,1.378367738798260723e-02,1.322763182542985305e-05,1.322763182542985305e-05
2.074015140533447266e+00,2.116374635696411044e+00,2.074028253555297852e+00,2.116387748718261630e+00,5.566437914967536926e-02,6.868605837225913446e-02,1.786613821983337402e+00,1.811917185783386230e+00,2.169711291790008545e-01,2.168614223599433788e-01,2.917758421972393990e-03,5.425408016890287399e-03,1.184791326522827148e-02,1.348448814824223553e-02,1.321372747042914852e-05,1.321372747042914852e-05
2.208633184432983398e+00,2.102097272872924805e+00,2.208646297454833984e+00,2.102110385894775391e+00,9.002968668937683105e-02,6.775499209761619290e-02,1.874512314796447754e+00,1.799450445175170943e+00,2.212010473012924194e-01,2.165099635720252880e-01,8.655370213091373444e-03,5.400525033473968159e-03,1.423469558358192444e-02,1.298132948577404057e-02,1.320967930951155722e-05,1.320967930951155722e-05
1.813738942146301270e+00,2.088012313842773526e+00,1.813752174377441406e+00,2.088025426864624112e+00,7.230658084154129028e-02,7.306446284055709284e-02,1.517195940017700195e+00,1.779575729370117099e+00,2.053722739219665527e-01,2.155783057212829479e-01,4.855443723499774933e-03,5.457171006128191948e-03,1.400859840214252472e-02,1.433662427589297260e-02,1.319597140536643565e-05,1.319597140536643565e-05
1.780836224555969238e+00,2.069817543029785156e+00,1.780849456787109375e+00,2.069830656051635742e+00,6.463533639907836914e-02,7.812312021851539057e-02,1.504949927330017090e+00,1.754604005813598544e+00,1.925880610942840576e-01,2.158526435494422802e-01,4.661634098738431931e-03,5.705414758995175535e-03,1.400114502757787704e-02,1.553230248391628335e-02,1.318200793321011588e-05,1.318200793321011588e-05
2.063759088516235352e+00,2.045490741729736328e+00,2.063772201538085938e+00,2.045503854751586914e+00,8.731725811958312988e-02,7.644025683403014859e-02,1.738036394119262695e+00,1.737501513957977251e+00,2.146927267313003540e-01,2.110829666256904547e-01,7.866165600717067719e-03,5.278556328266859228e-03,1.584640704095363617e-02,1.518746064975857665e-02,1.316785892413463444e-05,1.316785892413463444e-05
2.077108621597290039e+00,2.012833583354949774e+00,2.077121734619140625e+00,2.012846696376800359e+00,8.440703898668289185e-02,7.593604475259781161e-02,1.771571397781372070e+00,1.708265805244445712e+00,2.015523910522460938e-01,2.104367315769195557e-01,6.323160603642463684e-03,5.478959158062934529e-03,1.325462106615304947e-02,1.271608443930745055e-02,1.315487224928801879e-05,1.315487224928801879e-05
1.862789392471313477e+00,1.981035625934600919e+00,1.862802505493164062e+00,1.981048738956451505e+00,8.113736659288406372e-02,7.204388678073883612e-02,1.540812969207763672e+00,1.680141568183898926e+00,2.191448509693145752e-01,2.099027633666992188e-01,8.309831842780113220e-03,5.576368886977434158e-03,1.338432729244232178e-02,1.337105967104434967e-02,1.314195287704933435e-05,1.314195287704933435e-05
2.224537372589111328e+00,1.957534933090209872e+00,2.224550485610961914e+00,1.957548046112060458e+00,7.053227722644805908e-02,7.241182625293732245e-02,1.938308238983154297e+00,1.659715437889099032e+00,1.996893286705017090e-01,2.067896753549575695e-01,4.612626042217016220e-03,5.369069706648588354e-03,1.139473170042037964e-02,1.324892072007060120e-02,1.313148823101073503e-05,1.313148823101073503e-05
2.130270719528198242e+00,1.940135335922241300e+00,2.130283832550048828e+00,1.940148448944091886e+00,7.564747333526611328e-02,7.590386942028999606e-02,1.820317029953002930e+00,1.640555441379547119e+00,2.153005152940750122e-01,2.051139071583747975e-01,5.649603437632322311e-03,5.453473608940839941e-03,1.335613522678613663e-02,1.310869166627526283e-02,1.312128006247803569e-05,1.312128006247803569e-05
1.627968549728393555e+00,1.915066516399383634e+00,1.627981662750244141e+00,1.915079629421234220e+00,5.417070165276527405e-02,7.391940876841544827e-02,1.369108557701110840e+00,1.620880866050720126e+00,1.908532083034515381e-01,2.023537784814834484e-01,2.297430764883756638e-03,5.346005363389849489e-03,1.153865084052085876e-02,1.256641885265707970e-02,1.311155574512667954e-05,1.311155574512667954e-05
1.411130428314208984e+00,1.886820495128631592e+00,1.411143541336059570e+00,1.886833608150482178e+00,5.370901152491569519e-02,7.162190675735473355e-02,1.123463392257690430e+00,1.597418224811554044e+00,2.200833112001419067e-01,2.005701065063476562e-01,4.174281377345323563e-03,5.331958830356598074e-03,9.700438939034938812e-03,1.187831005081534455e-02,1.310230618400964886e-05,1.310230618400964886e-05
1.886301279067993164e+00,1.881576204299926669e+00,1.886314392089843750e+00,1.881589317321777255e+00,7.109399139881134033e-02,7.096771895885467529e-02,1.580478191375732422e+00,1.592069554328918501e+00,2.171594947576522827e-01,2.015394240617752186e-01,5.826790351420640945e-03,5.480118282139301474e-03,1.174274738878011703e-02,1.151937218382954528e-02,1.309925846726400778e-05,1.309925846726400778e-05
1.983288407325744629e+00,1.859455931186676070e+00,1.983301520347595215e+00,1.859469044208526656e+00,8.946966379880905151e-02,7.191853672266006192e-02,1.667483568191528320e+00,1.573635625839233443e+00,2.062100172042846680e-01,1.971705585718154796e-01,7.994893938302993774e-03,5.021844618022441517e-03,1.213024556636810303e-02,1.170939169824123348e-02,1.308971604885300621e-05,1.308971604885300621e-05
2.048130989074707031e+00,1.840312790870666459e+00,2.048144102096557617e+00,1.840325903892517045e+00,7.144445180892944336e-02,7.164768576622009000e-02,1.794787406921386719e+00,1.553376507759094194e+00,1.640418618917465210e-01,1.973722606897354015e-01,3.572060726583003998e-03,5.282546253874897610e-03,1.428530830889940262e-02,1.263374648988246918e-02,1.308072387473657727e-05,1.308072387473657727e-05
1.810778498649597168e+00,1.820304155349731445e+00,1.810791611671447754e+00,1.820317268371582031e+00,7.923456281423568726e-02,7.274399846792220514e-02,1.509768724441528320e+00,1.534433805942535312e+00,2.017612010240554810e-01,1.960593149065971430e-01,7.467970717698335648e-03,5.236346507444977760e-03,1.254597399383783340e-02,1.183069618418812821e-02,1.307086404267465696e-05,1.307086404267465696e-05
1.610346794128417969e+00,1.800194013118743941e+00,1.610359907150268555e+00,1.800207126140594527e+00,5.610099807381629944e-02,6.934240311384201605e-02,1.350830197334289551e+00,1.520378291606903076e+00,1.891741454601287842e-01,1.944149523973464910e-01,4.160281270742416382e-03,5.367160588502883738e-03,1.008111517876386642e-02,1.069120559841394390e-02,1.306259673583554104e-05,1.306259673583554104e-05
1.483291387557983398e+00,1.785674750804901123e+00,1.483304500579833984e+00,1.785687863826751709e+00,6.643805652856826782e-02,7.439665272831916254e-02,1.175044417381286621e+00,1.504130280017852872e+00,2.264522165060043335e-01,1.904687494039535578e-01,6.225872319191694260e-03,5.070317490026354963e-03,9.130842052400112152e-03,1.160870948806405102e-02,1.305534988205181435e-05,1.305534988205181435e-05
1.658383965492248535e+00,1.758954727649688632e+00,1.658396959304809570e+00,1.758967721462249667e+00,7.239141315221786499e-02,7.156086638569832126e-02,1.381234407424926758e+00,1.480527639389038086e+00,1.887325048446655273e-01,1.907744601368904225e-01,5.341392476111650467e-03,5.353083088994026358e-03,1.068421453237533569e-02,1.073866141960024868e-02,1.304893339693080634e-05,1.304893339693080634e-05
1.805875658988952637e+00,1.744951105117797940e+00,1.805888652801513672e+00,1.744964098930358976e+00,7.727652788162231445e-02,7.329252809286117276e-02,1.515186429023742676e+00,1.466454243659973233e+00,1.964076906442642212e-01,1.896612733602523748e-01,5.669804755598306656e-03,5.078480066731572325e-03,1.133514754474163055e-02,1.046461081132292817e-02,1.304293436987791210e-05,1.304293436987791210e-05
1.506346106529235840e+00,1.722260749340057462e+00,1.506359100341796875e+00,1.722273743152618497e+00,6.618662923574447632e-02,6.954272314906120855e-02,1.233656406402587891e+00,1.445320498943328813e+00,1.887429207563400269e-01,1.903941407799720764e-01,5.225452594459056854e-03,5.308883124962448727e-03,1.253469102084636688e-02,1.169448914006352390e-02,1.303636781813111156e-05,1.303636781813111156e-05
1.686362981796264648e+00,1.706530952453613192e+00,1.686375975608825684e+00,1.706543946266174228e+00,6.045415997505187988e-02,7.153452485799789706e-02,1.427255272865295410e+00,1.433603608608245761e+00,1.851913481950759888e-01,1.870752200484275818e-01,5.176335107535123825e-03,5.118119064718484879e-03,8.285821415483951569e-03,9.199484810233115803e-03,1.303229146287776530e-05,1.303229146287776530e-05
1.808513283729553223e+00,1.698932242393493608e+00,1.808526277542114258e+00,1.698945236206054643e+00,5.843037366867065430e-02,7.062014043331146795e-02,1.550747632980346680e+00,1.426912140846252397e+00,1.867646723985671997e-01,1.867080867290496771e-01,3.864611731842160225e-03,5.034508556127548565e-03,8.705825544893741608e-03,9.657355677336453698e-03,1.303119915974093601e-05,1.303119915974093601e-05
1.744033813476562500e+00,1.686726558208465621e+00,1.744046807289123535e+00,1.686739552021026656e+00,9.174865484237670898e-02,7.272510230541229248e-02,1.429520249366760254e+00,1.416044902801513627e+00,2.015839517116546631e-01,1.838044479489326366e-01,9.515709243714809418e-03,4.767050547525286501e-03,1.166523434221744537e-02,9.385048691183329322e-03,1.302585405937861651e-05,1.302585405937861651e-05
1.748047947883605957e+00,1.681170463562011719e+00,1.748060941696166992e+00,1.681183457374572754e+00,7.251034677028656006e-02,7.707126215100287836e-02,1.467337846755981445e+00,1.403597819805145308e+00,1.923982650041580200e-01,1.838039875030517689e-01,4.360613413155078888e-03,5.197200225666165352e-03,1.144087314605712891e-02,1.150020360946655239e-02,1.301940028497483581e-05,1.301940028497483581e-05
1.569086790084838867e+00,1.649410963058471680e+00,1.569099783897399902e+00,1.649423956871032715e+00,4.749403893947601318e-02,7.008581832051277716e-02,1.337897539138793945e+00,1.382712209224700839e+00,1.721587926149368286e-01,1.817424550652503856e-01,2.982282778248190880e-03,5.010249558836221695e-03,8.554082363843917847e-03,9.860256128013134350e-03,1.301506927120499313e-05,1.301506927120499313e-05
1.752360701560974121e+00,1.636404144763946578e+00,1.752373695373535156e+00,1.636417138576507613e+00,8.247950673103332520e-02,7.298240214586257379e-02,1.478707432746887207e+00,1.368443894386291548e+00,1.741112470626831055e-01,1.799871966242790333e-01,7.511906325817108154e-03,5.173083860427141190e-03,9.550638496875762939e-03,9.817558247596025814e-03,1.301090560446027666e-05,1.301090560446027666e-05
1.593048453330993652e+00,1.624256539344787642e+00,1.593061447143554688e+00,1.624269533157348677e+00,9.491243213415145874e-02,7.503448948264121454e-02,1.293295145034790039e+00,1.357111036777496338e+00,1.875796467065811157e-01,1.785671263933181763e-01,7.079971954226493835e-03,4.936963506042957479e-03,1.018134318292140961e-02,8.606922905892133366e-03,1.300663825531955808e-05,1.300663825531955808e-05
1.631587147712707520e+00,1.594768619537353604e+00,1.631600141525268555e+00,1.594781613349914640e+00,9.706281870603561401e-02,6.850550696253776550e-02,1.357964038848876953e+00,1.335839939117431596e+00,1.579834967851638794e-01,1.769024237990379222e-01,7.819491438567638397e-03,4.962144279852509152e-03,1.075719948858022690e-02,8.558617252856493690e-03,1.300355506828054786e-05,1.300355506828054786e-05
1.470366001129150391e+00,1.588521230220794722e+00,1.470378994941711426e+00,1.588534224033355757e+00,4.691426083445549011e-02,7.136522307991981229e-02,1.255462884902954102e+00,1.326741945743560747e+00,1.589152663946151733e-01,1.762549728155136108e-01,2.622661413624882698e-03,5.022259661927819252e-03,6.451069843024015427e-03,9.136825334280729294e-03,1.300086296396329999e-05,1.300086296396329999e-05
1.673454999923706055e+00,1.568903172016143710e+00,1.673467993736267090e+00,1.568916165828704745e+00,9.254053235054016113e-02,7.219121679663657865e-02,1.411298036575317383e+00,1.310026621818542569e+00,1.524955481290817261e-01,1.736466273665428217e-01,7.271760143339633942e-03,4.971915530040860523e-03,9.849135763943195343e-03,8.066811319440602562e-03,1.299961877521127462e-05,1.299961877521127462e-05
1.541449666023254395e+00,1.551303839683532804e+00,1.541462659835815430e+00,1.551316833496093839e+00,6.284406781196594238e-02,6.984135061502456943e-02,1.300994157791137695e+00,1.296586930751800537e+00,1.665663123130798340e-01,1.722574621438980047e-01,3.656866028904914856e-03,4.999304749071597706e-03,7.388231810182332993e-03,7.618732284754514694e-03,1.299783070862758905e-05,1.299783070862758905e-05
1.467902183532714844e+00,1.551049578189849898e+00,1.467915177345275879e+00,1.551062572002410933e+00,7.200970500707626343e-02,7.040275260806083679e-02,1.213610172271728516e+00,1.295217108726501420e+00,1.701607108116149902e-01,1.722451910376548712e-01,4.636584781110286713e-03,5.011850781738757914e-03,7.485189940780401230e-03,8.172668796032667854e-03,1.299795076192822307e-05,1.299795076192822307e-05
1.277051329612731934e+00,1.532936215400695801e+00,1.277064323425292969e+00,1.532949209213256836e+00,6.605239212512969971e-02,6.922374442219733637e-02,1.012771129608154297e+00,1.281116080284118608e+00,1.857794076204299927e-01,1.705213278532028143e-01,4.882759414613246918e-03,4.807607736438512802e-03,7.565518375486135483e-03,7.267452590167522257e-03,1.299637733609415591e-05,1.299637733609415591e-05
1.624816417694091797e+00,1.516696524620056108e+00,1.624829411506652832e+00,1.516709518432617143e+00,7.120837271213531494e-02,6.828104034066199979e-02,1.383319735527038574e+00,1.269088935852050737e+00,1.581982225179672241e-01,1.677578181028366033e-01,5.131935235112905502e-03,4.551553213968872851e-03,6.958133075386285782e-03,7.017171336337923657e-03,1.299553332501091063e-05,1.299553332501091063e-05
1.604772210121154785e+00,1.509168720245361417e+00,1.604785203933715820e+00,1.509181714057922452e+00,7.403393834829330444e-02,6.934162080287933905e-02,1.343007802963256836e+00,1.260118067264556885e+00,1.733934730291366577e-01,1.668882742524147034e-01,5.590538959950208664e-03,4.606954939663410360e-03,8.746440522372722626e-03,8.213774673640728344e-03,1.299434006796218455e-05,1.299434006796218455e-05
1.612701654434204102e+00,1.500553965568542480e+00,1.612714648246765137e+00,1.500566959381103516e+00,6.870494782924652100e-02,7.213238775730132502e-02,1.392293095588684082e+00,1.251921594142913818e+00,1.419423371553421021e-01,1.644947618246078436e-01,2.601267304271459579e-03,4.735015472397208561e-03,7.159954868257045746e-03,7.270186301320790898e-03,1.299315408687107265e-05,1.299315408687107265e-05
1.323875069618225098e+00,1.485843718051910400e+00,1.323888063430786133e+00,1.485856711864471436e+00,7.351065427064895630e-02,7.066977620124817450e-02,1.065440654754638672e+00,1.239391493797302291e+00,1.717208772897720337e-01,1.633579015731811412e-01,5.435673054307699203e-03,4.679507203400134693e-03,7.767177186906337738e-03,7.745056040585040699e-03,1.299234008911298588e-05,1.299234008911298588e-05
1.338873267173767090e+00,1.470587396621704013e+00,1.338886260986328125e+00,1.470600390434265048e+00,5.931694805622100830e-02,7.025603428483009893e-02,1.109218239784240723e+00,1.225483405590057417e+00,1.600527465343475342e-01,1.621852830052375738e-01,4.214888438582420349e-03,4.851733520627021963e-03,6.070361472666263580e-03,7.810964575037359844e-03,1.299386258324375376e-05,1.299386258324375376e-05
1.546360969543457031e+00,1.453140401840209872e+00,1.546373963356018066e+00,1.453153395652770907e+00,6.169340014457702637e-02,6.854447349905967712e-02,1.328324079513549805e+00,1.213567292690277188e+00,1.470623165369033813e-01,1.596900269389152638e-01,2.808708231896162033e-03,4.487252375110983675e-03,6.472413428127765656e-03,6.851308979094028473e-03,1.299608993576839566e-05,1.299608993576839566e-05
1.582315325736999512e+00,1.445500791072845459e+00,1.582328319549560547e+00,1.445513784885406494e+00,8.930695056915283203e-02,7.188831269741058350e-02,1.332206368446350098e+00,1.205490183830261186e+00,1.467442661523818970e-01,1.565414249897003063e-01,6.674118340015411377e-03,4.543095594272017479e-03,7.383629214018583298e-03,7.037751050665974964e-03,1.299888936046045274e-05,1.299888936046045274e-05
1.631140708923339844e+00,1.439547991752624601e+00,1.631153702735900879e+00,1.439560985565185636e+00,7.692592591047286987e-02,7.366691008210182745e-02,1.388727068901062012e+00,1.198897755146026700e+00,1.520226895809173584e-01,1.549013450741767994e-01,5.537497811019420624e-03,4.483115253970026623e-03,7.927512750029563904e-03,7.598852505907416344e-03,1.300261010328540578e-05,1.300261010328540578e-05
1.327496528625488281e+00,1.431263661384582608e+00,1.327509522438049316e+00,1.431276655197143644e+00,5.981483682990074158e-02,7.125338390469551642e-02,1.059826016426086426e+00,1.193061614036559970e+00,1.955453902482986450e-01,1.540055796504020691e-01,5.193967372179031372e-03,4.524824162945151503e-03,7.116313092410564423e-03,8.418258000165223381e-03,1.300354415434412658e-05,1.300354415434412658e-05
