4.035664367675781250e+01,2.806582584381103374e+01,4.035665512084960938e+01,2.806583919525146342e+01,9.589836001396179199e-01,9.682709038257598655e-01,2.376251220703125000e+00,1.577173185348510698e+00,3.116794395446777344e+01,1.983707637786865163e+01,9.628530740737915039e-01,9.651647865772247092e-01,4.890612602233886719e+00,4.718141031265258967e+00,1.293925561185460538e-05,1.293925561185460538e-05
1.515091705322265625e+01,2.768584632873535156e+01,1.515093040466308594e+01,2.768585968017578125e+01,9.666373133659362793e-01,9.671872437000275102e-01,1.011634349822998047e+00,1.474447178840637251e+00,8.500241279602050781e+00,2.061289596557617188e+01,9.598937034606933594e-01,9.628077089786529763e-01,3.712511539459228516e+00,3.668507862091064275e+00,1.293793138756882399e-05,1.293793138756882399e-05
2.577678489685058594e+01,2.880024986267089915e+01,2.577679824829101562e+01,2.880026321411132884e+01,9.436179995536804199e-01,9.671474516391753706e-01,1.345569729804992676e+00,1.439893412590026900e+00,1.982792663574218750e+01,2.243664836883544922e+01,9.347005486488342285e-01,9.609340012073517290e-01,2.724970102310180664e+00,2.995626282691955744e+00,1.293668901780620217e-05,1.293668901780620217e-05
1.677698135375976562e+01,3.100629539489746023e+01,1.677699470520019531e+01,3.100630817413330220e+01,9.741966128349304199e-01,9.672854959964751753e-01,1.012587189674377441e+00,1.448073613643646285e+00,1.123315429687500000e+01,2.507473297119140554e+01,9.653931260108947754e-01,9.591064989566803201e-01,2.591649055480957031e+00,2.557096862792968661e+00,1.293551758863031864e-05,1.293551758863031864e-05
3.747719955444335938e+01,3.351885070800781108e+01,3.747721099853515625e+01,3.351886253356933310e+01,9.725890159606933594e-01,9.674386143684386985e-01,1.583566188812255859e+00,1.463987612724304110e+00,3.166914939880371094e+01,2.787338466644287038e+01,9.638917446136474609e-01,9.572525858879089578e-01,2.288006782531738281e+00,2.256787276268005460e+00,1.293443528993520886e-05,1.293443528993520886e-05
4.129375076293945312e+01,3.664702301025390341e+01,4.129376220703125000e+01,3.664703445434570028e+01,9.483965635299682617e-01,9.676572561264038530e-01,1.478293776512145996e+00,1.498612225055694580e+00,3.585523223876953125e+01,3.118879604339599609e+01,9.380455613136291504e-01,9.552619099617004617e-01,2.073783636093139648e+00,2.036696052551269620e+00,1.293342302233213559e-05,1.293342302233213559e-05
6.484097290039062500e+01,4.011159210205077841e+01,6.484098815917968750e+01,4.011160354614257528e+01,9.676144123077392578e-01,9.679145514965057373e-01,1.713078260421752930e+00,1.540708315372466997e+00,5.935946273803710938e+01,3.477944126129150249e+01,9.532881975173950195e-01,9.531108081340790017e-01,1.847527027130126953e+00,1.870418655872345015e+00,1.293247260036878288e-05,1.293247260036878288e-05
3.913598632812500000e+01,4.375807342529297017e+01,3.913599777221679688e+01,4.375808486938476705e+01,9.791131615638732910e-01,9.681601941585540327e-01,1.181276917457580566e+00,1.582455706596374467e+00,3.421097946166992188e+01,3.851425247192382528e+01,9.635774493217468262e-01,9.507729291915893999e-01,1.801039695739746094e+00,1.742431855201721280e+00,1.293159220949746668e-05,1.293159220949746668e-05
4.100304031372070312e+01,4.780589179992675497e+01,4.100305175781250000e+01,4.780590324401855185e+01,9.544697403907775879e-01,9.683718442916869895e-01,1.423045635223388672e+00,1.630753767490386918e+00,3.613412094116210938e+01,4.261784095764160440e+01,9.309545755386352539e-01,9.482257246971130815e-01,1.560452938079833984e+00,1.640699577331542924e+00,1.293075638386653736e-05,1.293075638386653736e-05
1.655360870361328125e+02,5.204084739685058736e+01,1.655361022949218750e+02,5.204085884094238423e+01,9.498264193534851074e-01,9.685334324836730735e-01,5.592282295227050781e+00,1.672662496566772461e+00,1.564918060302734375e+02,4.689499053955078267e+01,9.279678463935852051e-01,9.454607844352722612e-01,1.574207663536071777e+00,1.559200775623321489e+00,1.292997876589652151e-05,1.292997876589652151e-05
7.089764404296875000e+01,5.340678062438964702e+01,7.089765930175781250e+01,5.340679206848144389e+01,9.642726182937622070e-01,9.685837328433990479e-01,1.919709682464599609e+00,1.688616669178009122e+00,6.551889801025390625e+01,4.826763763427734233e+01,9.369344711303710938e-01,9.445904850959777610e-01,1.557827472686767578e+00,1.537350904941558793e+00,1.292975139222107828e-05,1.292975139222107828e-05
1.306250610351562500e+02,5.803993873596191122e+01,1.306250762939453125e+02,5.803995018005370810e+01,9.655693173408508301e-01,9.687749803066253440e-01,3.266197919845581055e+00,1.738069403171539351e+00,1.239208068847656250e+02,5.291878204345702841e+01,9.398814439773559570e-01,9.415315985679626465e-01,1.532614350318908691e+00,1.472780513763427779e+00,1.292901106353383511e-05,1.292901106353383511e-05
8.330971527099609375e+01,6.295633201599120810e+01,8.330973052978515625e+01,6.295634574890137003e+01,9.510414004325866699e-01,9.689422667026519331e-01,1.983268737792968750e+00,1.792578041553497314e+00,7.801398468017578125e+01,5.783824462890625284e+01,9.231117367744445801e-01,9.381474137306213823e-01,1.438308119773864746e+00,1.418419158458709806e+00,1.292828619625652209e-05,1.292828619625652209e-05
3.155524635314941406e+01,6.814039840698242756e+01,3.155525970458984375e+01,6.814041290283202557e+01,9.731498360633850098e-01,9.690216481685638428e-01,1.068692922592163086e+00,1.856801843643188565e+00,2.720610809326171875e+01,6.300704498291015909e+01,9.335223436355590820e-01,9.345112204551696555e-01,1.373771548271179199e+00,1.373016917705535800e+00,1.292761862714542076e-05,1.292761862714542076e-05
3.278598785400390625e+01,7.346008605957031534e+01,3.278599929809570312e+01,7.346010131835937784e+01,9.722325801849365234e-01,9.691565573215484841e-01,1.099677324295043945e+00,1.913620531558990479e+00,2.845829963684082031e+01,6.831264495849609375e+01,9.304006099700927734e-01,9.307287573814392312e-01,1.325376749038696289e+00,1.333936536312103183e+00,1.292698470933828503e-05,1.292698470933828503e-05
3.654759216308593750e+01,7.908239212036133381e+01,3.654760360717773438e+01,7.908240737915039631e+01,9.723243117332458496e-01,9.692399084568024126e-01,1.152014851570129395e+00,1.982443797588348433e+00,3.218860244750976562e+01,7.390449638366699503e+01,9.194982051849365234e-01,9.266760587692260964e-01,1.315151095390319824e+00,1.299535143375396773e+00,1.292637080041458830e-05,1.292637080041458830e-05
1.021791687011718750e+02,8.499441833496094034e+01,1.021791839599609375e+02,8.499443359375000284e+01,9.556803107261657715e-01,9.693115770816802534e-01,2.566612005233764648e+00,2.049200320243835360e+00,9.652746582031250000e+01,7.978390731811524006e+01,9.099922180175781250e-01,9.222820162773132102e-01,1.219423174858093262e+00,1.269715642929077237e+00,1.292578963330015540e-05,1.292578963330015540e-05
3.825204086303710938e+01,9.119246215820312784e+01,3.825205230712890625e+01,9.119247741699219034e+01,9.650816321372985840e-01,9.693287849426269753e-01,1.183804154396057129e+00,2.117912077903747470e+00,3.393363952636718750e+01,8.594397735595703125e+01,9.174906611442565918e-01,9.175095915794372337e-01,1.252020597457885742e+00,1.243735086917877153e+00,1.292522028961684555e-05,1.292522028961684555e-05
2.990139007568359375e+01,9.763282318115234659e+01,2.990140342712402344e+01,9.763283843994140909e+01,9.856069087982177734e-01,9.693465292453765647e-01,1.061787962913513184e+00,2.190201640129089355e+00,2.569111251831054688e+01,9.233969955444335653e+01,9.268264174461364746e-01,9.125277459621429221e-01,1.236056923866271973e+00,1.221047520637512207e+00,1.292469005420571193e-05,1.292469005420571193e-05
3.572452545166015625e+01,1.041861885070800753e+02,3.572453689575195312e+01,1.041862037658691378e+02,9.669448733329772949e-01,9.693722248077392134e-01,1.120130300521850586e+00,2.244550549983978183e+00,3.152484321594238281e+01,9.886438446044921591e+01,9.083364605903625488e-01,9.073198318481445757e-01,1.204269528388977051e+00,1.200560033321380615e+00,1.292417255172040313e-05,1.292417255172040313e-05
1.147507858276367188e+02,1.062404663085937528e+02,1.147508010864257812e+02,1.062404815673828153e+02,9.613791108131408691e-01,9.693758904933928999e-01,2.831608057022094727e+00,2.270351672172546298e+00,1.088392181396484375e+02,1.009002510070800724e+02,9.021154642105102539e-01,9.056887269020080788e-01,1.216465473175048828e+00,1.194800376892089844e+00,1.292402157559990883e-05,1.292402157559990883e-05
2.552269935607910156e+01,1.132583656311035156e+02,2.552271270751953125e+01,1.132583808898925781e+02,9.779161810874938965e-01,9.694053947925567183e-01,1.037263631820678711e+00,2.354494810104370117e+00,2.137588119506835938e+01,1.078575698852539091e+02,9.039640426635742188e-01,8.999755978584289551e-01,1.227674841880798340e+00,1.176919662952423007e+00,1.292351953452453017e-05,1.292351953452453017e-05
8.124684906005859375e+01,1.205114051818847685e+02,8.124686431884765625e+01,1.205114204406738310e+02,9.585994482040405273e-01,9.694160401821136919e-01,1.455035209655761719e+00,2.421620988845825106e+00,7.681141662597656250e+01,1.150656341552734432e+02,8.833645582199096680e-01,8.940380573272704856e-01,1.138434886932373047e+00,1.160697114467620805e+00,1.292304659727960825e-05,1.292304659727960825e-05
4.850879287719726562e+01,1.278915557861328125e+02,4.850880432128906250e+01,1.278915710449218750e+02,9.739165306091308594e-01,9.693840444087982178e-01,1.382730007171630859e+00,2.459500551223754883e+00,4.406768417358398438e+01,1.224286041259765625e+02,8.977572321891784668e-01,8.877723217010498047e-01,1.186702013015747070e+00,1.146293878555297852e+00,1.292259730689693242e-05,1.292259730689693242e-05
6.802266235351562500e+02,1.354492111206054688e+02,6.802266235351562500e+02,1.354492263793945312e+02,9.349370002746582031e-01,9.692946493625640425e-01,1.221637535095214844e+01,2.483548498153686612e+00,6.651315307617187500e+02,1.299818031311035043e+02,8.488798737525939941e-01,8.812124252319335493e-01,1.094901919364929199e+00,1.133355355262756436e+00,1.292215893045067787e-05,1.292215893045067787e-05
1.308810729980468750e+02,1.433454795837402287e+02,1.308810882568359375e+02,1.433454948425292912e+02,9.588282704353332520e-01,9.692229092121124046e-01,2.488380193710327148e+00,2.496395826339721680e+00,1.254367523193359375e+02,1.378840911865234489e+02,8.676463365554809570e-01,8.742979109287262185e-01,1.129478454589843750e+00,1.121470129489898770e+00,1.292174056288786232e-05,1.292174056288786232e-05
1.733447570800781250e+02,1.515307281494140739e+02,1.733447723388671875e+02,1.515307434082031364e+02,9.471247196197509766e-01,9.692022502422332764e-01,3.192862749099731445e+00,2.539003920555114924e+00,1.672563781738281250e+02,1.460450019836425781e+02,8.447368741035461426e-01,8.670206248760223833e-01,1.103659987449645996e+00,1.110498785972595215e+00,1.292133310926146805e-05,1.292133310926146805e-05
1.302755432128906250e+02,1.599685745239257812e+02,1.302755584716796875e+02,1.599685897827148438e+02,9.691948294639587402e-01,9.692095816135406494e-01,1.858958840370178223e+00,2.596785354614257635e+00,1.255278396606445312e+02,1.544427749633788949e+02,8.565213680267333984e-01,8.594672441482543723e-01,1.063034415245056152e+00,1.100336194038391113e+00,1.292094293603440747e-05,1.292094293603440747e-05
2.331330871582031250e+02,1.684965896606445312e+02,2.331331024169921875e+02,1.684966049194335938e+02,9.600623846054077148e-01,9.691692531108856423e-01,3.519931554794311523e+00,2.641255831718444913e+00,2.267233886718750000e+02,1.629433212280273438e+02,8.435778021812438965e-01,8.515711069107055886e-01,1.086127161979675293e+00,1.091273963451385498e+00,1.292057095270138234e-05,1.292057095270138234e-05
4.667388916015625000e+01,1.772218063354492301e+02,4.667390060424804688e+01,1.772218215942382926e+02,9.721218943595886230e-01,9.690793275833129439e-01,1.133610248565673828e+00,2.666261839866638006e+00,4.263588714599609375e+01,1.716602050781249886e+02,8.567495942115783691e-01,8.433652579784393089e-01,1.075519323348999023e+00,1.082894527912139804e+00,1.292020806431537494e-05,1.292020806431537494e-05
1.021203460693359375e+02,1.799281829833984432e+02,1.021203613281250000e+02,1.799281982421875057e+02,9.618850946426391602e-01,9.690596818923949973e-01,1.653797030448913574e+00,2.672529816627502441e+00,9.761824798583984375e+01,1.743652847290039176e+02,8.253381252288818359e-01,8.408206164836883323e-01,1.061070203781127930e+00,1.080493140220642134e+00,1.292010801989817992e-05,1.292010801989817992e-05
1.762567749023437500e+02,1.890759094238281364e+02,1.762567901611328125e+02,1.890759246826171989e+02,9.722318649291992188e-01,9.690135776996612327e-01,2.492243766784667969e+00,2.690727925300598233e+00,1.708617401123046875e+02,1.835111923217773438e+02,8.426085710525512695e-01,8.320677280426025391e-01,1.087950706481933594e+00,1.072907960414886563e+00,1.291977696382673457e-05,1.291977696382673457e-05
1.333143310546875000e+02,1.983093093872070369e+02,1.333143463134765625e+02,1.983093246459960994e+02,9.742330908775329590e-01,9.690053820610046165e-01,1.909074664115905762e+00,2.740527176856994540e+00,1.285115051269531250e+02,1.927108184814453011e+02,8.372834324836730957e-01,8.229913592338562456e-01,1.082247972488403320e+00,1.065965044498443648e+00,1.291944226977648214e-05,1.291944226977648214e-05
5.152300262451171875e+01,2.077285629272460881e+02,5.152301406860351562e+01,2.077285781860351506e+02,9.874922037124633789e-01,9.689928054809570090e-01,1.214233875274658203e+00,2.800461673736572177e+00,4.739717483520507812e+01,2.020862747192382756e+02,8.301030397415161133e-01,8.134803354740143266e-01,1.093996644020080566e+00,1.059351277351379350e+00,1.291912121814675629e-05,1.291912121814675629e-05
4.676800155639648438e+01,2.174977310180664176e+02,4.676801300048828125e+01,2.174977462768554801e+02,9.749426245689392090e-01,9.689264118671416792e-01,1.242027163505554199e+00,2.850106334686279386e+00,4.266904067993164062e+01,2.118219268798828239e+02,8.134182691574096680e-01,8.036932945251464844e-01,1.068573951721191406e+00,1.053078579902648970e+00,1.291882563236868009e-05,1.291882563236868009e-05
6.537521362304687500e+01,2.274209426879882869e+02,6.537522888183593750e+01,2.274209564208984489e+02,9.868763685226440430e-01,9.689130723476410134e-01,1.268810510635375977e+00,2.915075802803039462e+00,6.126431655883789062e+01,2.216963119506835938e+02,7.997905611991882324e-01,7.935115098953247070e-01,1.055416584014892578e+00,1.047130131721496493e+00,1.291852458962239325e-05,1.291852458962239325e-05
1.679524688720703125e+02,2.373356811523437386e+02,1.679524841308593750e+02,2.373356948852539006e+02,9.742253422737121582e-01,9.688947319984435591e-01,1.889358043670654297e+00,2.940479445457458318e+00,1.632387084960937500e+02,2.316015533447265682e+02,7.900058627128601074e-01,7.829546689987182395e-01,1.060170173645019531e+00,1.041803216934204190e+00,1.291824082727544010e-05,1.291824082727544010e-05
2.087054748535156250e+02,2.470062377929687614e+02,2.087054901123046875e+02,2.470062469482421932e+02,9.581874608993530273e-01,9.688842296600341797e-01,2.513021945953369141e+00,2.968770074844360174e+00,2.034449768066406250e+02,2.412597183227539119e+02,7.629836797714233398e-01,7.720487177371978538e-01,1.026301622390747070e+00,1.036810886859893754e+00,1.291795524593908340e-05,1.291795524593908340e-05
4.635801391601562500e+02,2.568139282226562727e+02,4.635801391601562500e+02,2.568139343261718750e+02,9.490116834640502930e-01,9.688710212707519753e-01,4.339117050170898438e+00,2.992585968971252619e+00,4.565120849609375000e+02,2.510597259521484261e+02,7.493940591812133789e-01,7.607441902160644309e-01,1.030540943145751953e+00,1.032005596160888716e+00,1.291769422095967457e-05,1.291769422095967457e-05
2.663490295410156250e+02,2.667566711425781136e+02,2.663490295410156250e+02,2.667566757202148438e+02,9.692242145538330078e-01,9.688450276851654497e-01,3.145529270172119141e+00,3.044199204444885343e+00,2.604539489746093750e+02,2.609670639038085938e+02,7.438008785247802734e-01,7.491182386875152588e-01,1.036521434783935547e+00,1.027438127994537265e+00,1.291743501496966928e-05,1.291743501496966928e-05
7.579203033447265625e+01,2.697435272216796989e+02,7.579204559326171875e+01,2.697435317993164290e+02,9.837269783020019531e-01,9.688397765159606490e-01,1.433619856834411621e+00,3.064809012413024725e+00,7.156943511962890625e+01,2.639382293701171989e+02,7.683296203613281250e-01,7.455789625644684282e-01,1.036921143531799316e+00,1.026064026355743453e+00,1.291735588893061504e-05,1.291735588893061504e-05
7.878892517089843750e+01,2.795445999145507585e+02,7.878894042968750000e+01,2.795446029663086165e+02,9.798827767372131348e-01,9.688765883445740190e-01,1.334546685218811035e+00,3.143863821029662997e+00,7.469245147705078125e+01,2.736765884399413835e+02,7.385301589965820312e-01,7.334717333316802534e-01,1.043509721755981445e+00,1.021795320510864302e+00,1.291709850193001330e-05,1.291709850193001330e-05
7.624633026123046875e+01,2.886657135009765511e+02,7.624634552001953125e+01,2.886657165527343523e+02,9.811468720436096191e-01,9.688853204250336137e-01,1.459619641304016113e+00,3.204485774040222168e+00,7.205534362792968750e+01,2.827533996582031364e+02,7.372080683708190918e-01,7.210735201835631880e-01,1.013014197349548340e+00,1.017874586582183882e+00,1.291685475734993815e-05,1.291685475734993815e-05
2.194375610351562500e+02,2.975394805908202898e+02,2.194375762939453125e+02,2.975394836425781477e+02,9.707439541816711426e-01,9.689153492450713889e-01,2.323643445968627930e+00,3.277685070037841708e+00,2.144253845214843750e+02,2.915703887939453125e+02,7.065113782882690430e-01,7.083376705646514671e-01,1.011272311210632324e+00,1.014154958724975630e+00,1.291660646529635414e-05,1.291660646529635414e-05
3.882785949707031250e+02,3.054662185668945540e+02,3.882785949707031250e+02,3.054662200927734261e+02,9.404681921005249023e-01,9.689486324787139893e-01,3.687946796417236328e+00,3.335865044593810946e+00,3.819855346679687500e+02,2.994555374145508040e+02,6.768214702606201172e-01,6.953233897686004195e-01,9.878173470497131348e-01,1.010549318790435747e+00,1.291637181566329673e-05,1.291637181566329673e-05
6.687402343750000000e+01,3.123139434814453352e+02,6.687403869628906250e+01,3.123139434814453352e+02,9.869722723960876465e-01,9.689986407756805420e-01,1.361645698547363281e+00,3.403014469146728338e+00,6.281272506713867188e+01,3.062528182983398324e+02,6.926072239875793457e-01,6.818944394588470903e-01,1.020075798034667969e+00,1.007219910621643066e+00,1.291614171350374818e-05,1.291614171350374818e-05
1.163646850585937500e+02,3.182395874023437727e+02,1.163647003173828125e+02,3.182395874023437727e+02,9.667173027992248535e-01,9.690294623374938743e-01,1.692651510238647461e+00,3.480505728721618564e+00,1.120373687744140625e+02,3.121178649902343523e+02,6.662526130676269531e-01,6.681452870368957964e-01,1.001695632934570312e+00,1.004041731357574463e+00,1.291593071073293686e-05,1.291593071073293686e-05
3.679415893554687500e+02,3.226308135986328125e+02,3.679415893554687500e+02,3.226308135986328125e+02,9.656331539154052734e-01,9.690179824829101562e-01,4.049454212188720703e+00,3.506420445442199885e+00,3.612880249023437500e+02,3.165003051757812500e+02,6.458506584167480469e-01,6.541114270687102827e-01,9.926438927650451660e-01,1.000965160131454423e+00,1.291571879846742377e-05,1.291571879846742377e-05
1.011467666625976562e+02,3.258347686767577898e+02,1.011467819213867188e+02,3.258347686767577898e+02,9.831292629241943359e-01,9.689661562442779541e-01,1.505577802658081055e+00,3.504757571220397772e+00,9.699685668945312500e+01,3.197231628417968636e+02,6.482109427452087402e-01,6.398493170738219771e-01,1.012989401817321777e+00,9.980371594429016113e-01,1.291551052418071777e-05,1.291551052418071777e-05
7.799871826171875000e+02,3.270093597412109148e+02,7.799871826171875000e+02,3.270093597412109148e+02,9.448025226593017578e-01,9.689789950847625954e-01,7.318141937255859375e+00,3.521968317031860529e+00,7.701454467773437500e+02,3.208979949951171875e+02,6.068742275238037109e-01,6.252425014972686768e-01,9.719167351722717285e-01,9.951771914958953413e-01,1.291531043534632772e-05,1.291531043534632772e-05
7.276827392578125000e+02,3.270098358154297102e+02,7.276827392578125000e+02,3.270098358154297102e+02,9.572056531906127930e-01,9.689784765243529829e-01,7.114283561706542969e+00,3.528733229637146085e+00,7.180283203125000000e+02,3.208969390869140739e+02,6.051029562950134277e-01,6.208092093467711958e-01,9.778476953506469727e-01,9.943730592727660911e-01,1.291524949920130894e-05,1.291524949920130894e-05
3.616350402832031250e+02,3.265998962402343864e+02,3.616350402832031250e+02,3.265998962402343864e+02,9.590775966644287109e-01,9.689798116683959739e-01,3.535228967666625977e+00,3.560352158546447932e+00,3.555664062500000000e+02,3.204728729248046761e+02,5.893507003784179688e-01,6.059002041816711204e-01,9.849861860275268555e-01,9.917855560779571533e-01,1.291504850087221712e-05,1.291504850087221712e-05
1.973838806152343750e+02,3.245329772949218636e+02,1.973838958740234375e+02,3.245329772949218636e+02,9.657047986984252930e-01,9.690273344516754372e-01,2.529418230056762695e+00,3.592763590812682928e+00,1.923312683105468750e+02,3.183912994384765511e+02,5.771503448486328125e-01,5.907683968544006348e-01,9.803530573844909668e-01,9.891141057014465332e-01,1.291487205890007317e-05,1.291487205890007317e-05
2.959704589843750000e+02,3.203287200927734375e+02,2.959704589843750000e+02,3.203287200927734375e+02,9.785736203193664551e-01,9.690718412399291770e-01,3.513425827026367188e+00,3.620385193824767978e+00,2.899173278808593750e+02,3.141773284912109148e+02,5.697166323661804199e-01,5.752857625484466553e-01,9.914160370826721191e-01,9.866431474685668501e-01,1.291469288844382390e-05,1.291469288844382390e-05
2.873964233398437500e+02,3.141792480468749886e+02,2.873964233398437500e+02,3.141792480468749886e+02,9.613502621650695801e-01,9.691143333911895752e-01,3.179612398147583008e+00,3.640870571136474609e+00,2.817322692871093750e+02,3.080252456665039062e+02,5.510564446449279785e-01,5.597209692001342551e-01,9.721434116363525391e-01,9.842895925045013206e-01,1.291451553697697818e-05,1.291451553697697818e-05
5.604302368164062500e+02,3.069106811523437273e+02,5.604302368164062500e+02,3.069106826782226562e+02,9.632941484451293945e-01,9.691462814807891846e-01,6.299300670623779297e+00,3.649477171897888006e+00,5.516541137695312500e+02,3.007659637451171761e+02,5.448614358901977539e-01,5.440969705581665261e-01,9.686652421951293945e-01,9.819910824298858643e-01,1.291432818106841296e-05,1.291432818106841296e-05
2.315981292724609375e+02,2.995027008056640625e+02,2.315981445312500000e+02,2.995027038574218636e+02,9.612160325050354004e-01,9.691636145114899126e-01,2.817002773284912109e+00,3.671701169013977140e+00,2.263271026611328125e+02,2.933536407470703011e+02,5.277631878852844238e-01,5.284919917583466020e-01,9.650591611862182617e-01,9.797043561935424583e-01,1.291415355808567256e-05,1.291415355808567256e-05
5.301214599609375000e+01,2.912605468749999886e+02,5.301215744018554688e+01,2.912605499267577898e+02,9.660398960113525391e-01,9.691756606101989968e-01,1.294700145721435547e+00,3.662033367156982244e+00,4.927596664428710938e+01,2.851391693115234602e+02,5.135742425918579102e-01,5.128265440464019331e-01,9.618694782257080078e-01,9.773447036743163618e-01,1.291399803449166939e-05,1.291399803449166939e-05
1.728575744628906250e+02,2.815093963623046989e+02,1.728575897216796875e+02,2.815093994140625000e+02,9.648889303207397461e-01,9.691955864429473433e-01,2.603005886077880859e+00,3.659693312644958674e+00,1.678284759521484375e+02,2.754083374023437614e+02,4.852203428745269775e-01,4.970340579748153687e-01,9.759773612022399902e-01,9.751297295093536155e-01,1.291383796342415735e-05,1.291383796342415735e-05
2.147317657470703125e+02,2.712843292236328239e+02,2.147317810058593750e+02,2.712843338012695540e+02,9.799890518188476562e-01,9.692651987075805442e-01,3.119375705718994141e+00,3.682218289375305265e+00,2.091678009033203125e+02,2.651783645629882926e+02,4.814597070217132568e-01,4.814196705818176159e-01,9.831336736679077148e-01,9.730587840080261453e-01,1.291367243538843468e-05,1.291367243538843468e-05
4.658395385742187500e+02,2.678974395751953352e+02,4.658395385742187500e+02,2.678974456787109375e+02,9.666332006454467773e-01,9.692855060100555864e-01,5.964353084564208984e+00,3.683470988273620517e+00,4.574571838378906250e+02,2.617955017089843750e+02,4.673584103584289551e-01,4.767507553100586160e-01,9.840214848518371582e-01,9.724286317825316939e-01,1.291362059419043362e-05,1.291362059419043362e-05
2.785830993652343750e+02,2.570839294433593523e+02,2.785830993652343750e+02,2.570839370727538835e+02,9.724780917167663574e-01,9.693700671195983887e-01,3.826095342636108398e+00,3.711919784545898438e+00,2.723443298339843750e+02,2.509711135864257869e+02,4.693148136138916016e-01,4.613115787506103516e-01,9.708449244499206543e-01,9.702143609523773415e-01,1.291346416110172868e-05,1.291346416110172868e-05
8.594537353515625000e+01,2.468081085205078011e+02,8.594538879394531250e+01,2.468081176757812614e+02,9.580221772193908691e-01,9.694225192070007324e-01,1.643830895423889160e+00,3.698539710044860929e+00,8.194546508789062500e+01,2.407259765624999943e+02,4.446870386600494385e-01,4.461335152387618797e-01,9.533715844154357910e-01,9.680397868156432883e-01,1.291331318498123437e-05,1.291331318498123437e-05
3.518380432128906250e+02,2.364147750854492074e+02,3.518380432128906250e+02,2.364147872924804688e+02,9.379396438598632812e-01,9.694741845130920854e-01,4.803726673126220703e+00,3.716578602790832520e+00,3.447411499023437500e+02,2.303317352294921818e+02,4.198079109191894531e-01,4.310577034950256459e-01,9.354201555252075195e-01,9.659280836582183616e-01,1.291316129936603829e-05,1.291316129936603829e-05
5.013521957397460938e+01,2.269566314697265739e+02,5.013523101806640625e+01,2.269566452026367074e+02,9.786241054534912109e-01,9.695235192775726318e-01,1.390650272369384766e+00,3.741417694091796697e+00,4.638005828857421875e+01,2.208654327392578125e+02,4.141837954521179199e-01,4.163794308900833352e-01,9.717039465904235840e-01,9.638770937919616255e-01,1.291301305172964931e-05,1.291301305172964931e-05
2.660157165527343750e+02,2.172363876342773494e+02,2.660157165527343750e+02,2.172364013671875114e+02,9.482160806655883789e-01,9.695966124534607378e-01,4.224056720733642578e+00,3.788853359222412287e+00,2.595046691894531250e+02,2.111142730712890625e+02,3.891502916812896729e-01,4.018732011318206787e-01,9.496124982833862305e-01,9.617907404899597168e-01,1.291286662308266386e-05,1.291286662308266386e-05
1.963568420410156250e+02,2.072842300415039176e+02,1.963568572998046875e+02,2.072842453002929801e+02,9.828181266784667969e-01,9.696413755416870561e-01,3.355367422103881836e+00,3.792793011665344327e+00,1.906491699218750000e+02,2.011744384765625000e+02,4.018078148365020752e-01,3.876239359378814697e-01,9.676848053932189941e-01,9.597345709800719771e-01,1.291272837988799438e-05,1.291272837988799438e-05
1.104749603271484375e+02,1.973158309936523551e+02,1.104749755859375000e+02,1.973158462524414176e+02,9.861566424369812012e-01,9.696349740028381570e-01,2.462192296981811523e+00,3.772680544853210360e+00,1.056817932128906250e+02,1.912421356201171818e+02,3.789075911045074463e-01,3.736888587474823109e-01,9.659091234207153320e-01,9.576885700225830078e-01,1.291258922719862312e-05,1.291258922719862312e-05
1.261447448730468750e+02,1.875723632812500057e+02,1.261447601318359375e+02,1.875723785400390682e+02,9.758194684982299805e-01,9.696418583393097146e-01,2.922878742218017578e+00,3.773038864135742188e+00,1.209199447631835938e+02,1.815139648437499886e+02,3.642016649246215820e-01,3.600466966629028431e-01,9.618993997573852539e-01,9.556701421737671120e-01,1.291245644097216427e-05,1.291245644097216427e-05
2.242896575927734375e+02,1.463641899108886832e+02,2.242896728515625000e+02,1.463642051696777457e+02,9.757083654403686523e-01,9.685796260833740012e-01,4.052169322967529297e+00,2.774349665641784757e+00,2.179055633544921875e+02,1.413056968688964901e+02,3.889468312263488770e-01,3.632422417402267345e-01,9.672638177871704102e-01,9.523241460323333962e-01,1.291181706619681790e-05,1.291181706619681790e-05
4.589606094360351562e+01,1.388134101867675838e+02,4.589607238769531250e+01,1.388134254455566463e+02,9.753106236457824707e-01,9.684400081634521040e-01,1.333667397499084473e+00,2.606663179397583185e+00,4.225238037109375000e+01,1.339227790832519531e+02,3.787215650081634521e-01,3.639504194259643444e-01,9.559769034385681152e-01,9.515776991844177024e-01,1.291166790906572714e-05,1.291166790906572714e-05
1.272723999023437500e+02,1.153934226989746037e+02,1.272724151611328125e+02,1.153934379577636662e+02,9.629485011100769043e-01,9.681458294391631636e-01,2.037299394607543945e+00,2.140101838111877264e+00,1.229786758422851562e+02,1.109694091796875028e+02,3.529407978057861328e-01,3.664182990789413563e-01,9.405322074890136719e-01,9.493466973304748313e-01,1.291118132940027863e-05,1.291118132940027863e-05
4.333516311645507812e+01,9.665506668090820597e+01,4.333517456054687500e+01,9.665508193969726847e+01,9.899090528488159180e-01,9.681039333343506303e-01,1.224475979804992676e+00,1.826678478717803866e+00,3.976803970336914062e+01,9.254386901855468750e+01,3.843943178653717041e-01,3.689222514629363903e-01,9.683426618576049805e-01,9.474932551383972168e-01,1.291069384024012834e-05,1.291069384024012834e-05
2.810914993286132812e+01,8.204253387451171875e+01,2.810916328430175781e+01,8.204254913330078125e+01,9.555727839469909668e-01,9.682002186775207075e-01,1.061446309089660645e+00,1.606632828712463379e+00,2.478928947448730469e+01,7.815061874389648722e+01,3.726134598255157471e-01,3.712686359882354514e-01,9.302276372909545898e-01,9.458136200904846413e-01,1.291026273975148797e-05,1.291026273975148797e-05
5.240375900268554688e+01,7.080332221984863850e+01,5.240377044677734375e+01,7.080333671569823650e+01,9.630826115608215332e-01,9.683204531669616921e-01,1.269606113433837891e+00,1.451050066947936923e+00,4.885772705078125000e+01,6.706580352783203125e+01,3.690365850925445557e-01,3.736463338136672974e-01,9.443066120147705078e-01,9.445020437240601030e-01,1.290988438995555043e-05,1.290988438995555043e-05
1.192301940917968750e+02,6.359827003479004048e+01,1.192302093505859375e+02,6.359828338623047017e+01,9.749202132225036621e-01,9.684478938579559326e-01,1.768218278884887695e+00,1.363486611843109042e+00,1.151569976806640625e+02,5.994774475097656108e+01,3.767313957214355469e-01,3.754147678613662942e-01,9.533256292343139648e-01,9.431762337684631570e-01,1.290958425670396537e-05,1.290958425670396537e-05
2.615775680541992188e+01,5.715725212097167685e+01,2.615777015686035156e+01,5.715726394653320597e+01,9.641653299331665039e-01,9.685963988304138184e-01,1.020516633987426758e+00,1.289348363876342773e+00,2.285680389404296875e+01,5.358032264709472514e+01,3.792243003845214844e-01,3.771733880043030007e-01,9.370468258857727051e-01,9.418106198310851607e-01,1.290930595132522285e-05,1.290930595132522285e-05
7.382127380371093750e+01,5.134584388732910298e+01,7.382128906250000000e+01,5.134585533142089986e+01,9.593704938888549805e-01,9.687515914440154585e-01,1.428984522819519043e+00,1.229485225677490190e+00,7.011325073242187500e+01,4.782812194824218466e+01,3.758267164230346680e-01,3.790593147277832031e-01,9.438494443893432617e-01,9.404251873493194580e-01,1.290900399908423424e-05,1.290900399908423424e-05
1.742782897949218750e+02,4.645975379943847372e+01,1.742783050537109375e+02,4.645976524353027060e+01,9.064332842826843262e-01,9.688682198524475320e-01,1.861922502517700195e+00,1.182754147052764937e+00,1.702583160400390625e+02,4.298812522888183452e+01,3.753109276294708252e-01,3.809863537549972312e-01,8.763077855110168457e-01,9.390193581581115501e-01,1.290872023673728108e-05,1.290872023673728108e-05
4.662622070312500000e+01,4.246756782531738139e+01,4.662623214721679688e+01,4.246757926940917827e+01,9.793718457221984863e-01,9.689327180385589600e-01,1.163801074028015137e+00,1.147508025169372559e+00,4.314156341552734375e+01,3.903063201904296875e+01,3.959473371505737305e-01,3.828435868024825939e-01,9.455391168594360352e-01,9.376518726348876953e-01,1.290846557822078466e-05,1.290846557822078466e-05
5.123194885253906250e+01,4.163218650817871236e+01,5.123196029663085938e+01,4.163219795227050923e+01,9.622708559036254883e-01,9.689352393150330034e-01,1.153338074684143066e+00,1.140177810192108065e+00,4.779649353027343750e+01,3.820258255004883097e+01,3.803731799125671387e-01,3.832544147968292014e-01,9.394730925559997559e-01,9.372351884841918501e-01,1.290840464207576588e-05,1.290840464207576588e-05
1.153378906250000000e+02,3.923023262023925639e+01,1.153379058837890625e+02,3.923024406433105327e+01,9.467324018478393555e-01,9.689163982868194136e-01,1.489598035812377930e+00,1.119634866714477539e+00,1.116035461425781250e+02,3.582132873535156392e+01,3.727631568908691406e-01,3.845178097486495750e-01,9.252503514289855957e-01,9.358348071575164351e-01,1.290821091970428824e-05,1.290821091970428824e-05
2.103220939636230469e+01,3.664312782287597514e+01,2.103222274780273438e+01,3.664313926696777202e+01,9.487574696540832520e-01,9.689518272876739280e-01,9.749963879585266113e-01,1.098935329914092929e+00,1.781716537475585938e+01,3.325472583770751811e+01,3.722246587276458740e-01,3.861071765422821045e-01,9.190659523010253906e-01,9.344080924987793191e-01,1.290799082198645920e-05,1.290799082198645920e-05
2.011274147033691406e+01,3.458264427185058310e+01,2.011275482177734375e+01,3.458265609741211222e+01,9.429805874824523926e-01,9.689006090164185014e-01,9.671294689178466797e-01,1.084500563144683793e+00,1.690150451660156250e+01,3.120875320434570455e+01,3.937329947948455811e-01,3.874819576740264893e-01,9.073942303657531738e-01,9.330085933208465132e-01,1.290777890972094610e-05,1.290777890972094610e-05
3.688687133789062500e+01,3.285986461639404155e+01,3.688688278198242188e+01,3.285987682342529581e+01,9.773324728012084961e-01,9.688217818737030473e-01,1.118574619293212891e+00,1.073163414001464755e+00,3.345208358764648438e+01,2.949764575958251811e+01,3.976565003395080566e-01,3.886840075254440197e-01,9.412277936935424805e-01,9.315498232841491477e-01,1.290760883421171457e-05,1.290760883421171457e-05
9.118725776672363281e+00,3.083070812225341939e+01,9.118739128112792969e+00,3.083072071075439524e+01,9.767352938652038574e-01,9.688218653202056441e-01,9.794384837150573730e-01,1.059507381916046098e+00,5.829885005950927734e+00,2.748183269500732351e+01,3.967407345771789551e-01,3.903597474098205455e-01,9.359266161918640137e-01,9.301866054534911887e-01,1.290741238335613161e-05,1.290741238335613161e-05
2.118998336791992188e+01,2.920269355773925923e+01,2.118999671936035156e+01,2.920270671844482280e+01,9.649023413658142090e-01,9.687766134738922119e-01,9.930995702743530273e-01,1.049106216430664151e+00,1.791700744628906250e+01,2.586421375274658274e+01,3.977676331996917725e-01,3.918354898691177590e-01,9.172066450119018555e-01,9.287612855434417281e-01,1.290722775593167171e-05,1.290722775593167171e-05
2.922159576416015625e+01,2.777393131256103587e+01,2.922160911560058594e+01,2.777394466400146555e+01,9.765372276306152344e-01,9.686848402023315874e-01,1.040948271751403809e+00,1.040990817546844527e+00,2.587501716613769531e+01,2.444372730255127024e+01,3.935033082962036133e-01,3.932710319757461437e-01,9.355908632278442383e-01,9.272568583488464133e-01,1.290704858547542244e-05,1.290704858547542244e-05
1.842494010925292969e+01,2.655459232330322195e+01,1.842495346069335938e+01,2.655460567474365163e+01,9.773942828178405762e-01,9.685624063014983687e-01,1.004614233970642090e+00,1.034425806999206499e+00,1.511262702941894531e+01,2.323122196197509837e+01,4.089020490646362305e-01,3.945856094360351562e-01,9.214046001434326172e-01,9.257964074611664262e-01,1.290688123845029622e-05,1.290688123845029622e-05
2.149884414672851562e+01,2.536308727264404439e+01,2.149885749816894531e+01,2.536310062408447408e+01,9.782707095146179199e-01,9.684720158576964888e-01,1.017611503601074219e+00,1.028015363216400191e+00,1.818321418762207031e+01,2.204636631011963033e+01,3.833891153335571289e-01,3.959264963865279929e-01,9.363588094711303711e-01,9.243072390556335005e-01,1.290674845222383738e-05,1.290674845222383738e-05
1.295737457275390625e+01,2.497800292968749858e+01,1.295738792419433594e+01,2.497801628112792827e+01,9.860178828239440918e-01,9.684635579586029497e-01,9.900721907615661621e-01,1.025922417640686035e+00,9.643118858337402344e+00,2.166332283020019389e+01,3.972416222095489502e-01,3.964085310697555431e-01,9.409233331680297852e-01,9.238851845264435259e-01,1.290669933950994164e-05,1.290669933950994164e-05
9.102140426635742188e+00,2.380882892608642720e+01,9.102153778076171875e+00,2.380884227752685689e+01,9.914239048957824707e-01,9.683618903160094993e-01,9.948347210884094238e-01,1.019894635677337735e+00,5.774026870727539062e+00,2.050014743804931783e+01,4.067816734313964844e-01,3.979897230863571056e-01,9.350734949111938477e-01,9.224355220794677734e-01,1.290653290197951719e-05,1.290653290197951719e-05
2.569187164306640625e+01,2.299957675933837820e+01,2.569188499450683594e+01,2.299959011077880788e+01,9.634153842926025391e-01,9.681864261627197710e-01,9.959298968315124512e-01,1.016192758083343417e+00,2.239508819580078125e+01,1.969534454345703267e+01,4.078819453716278076e-01,3.990154623985290305e-01,9.295565485954284668e-01,9.208370566368102583e-01,1.290638829232193530e-05,1.290638829232193530e-05
1.044256019592285156e+01,2.200407752990722798e+01,1.044257354736328125e+01,2.200409088134765767e+01,9.678059220314025879e-01,9.680829226970673052e-01,9.685342907905578613e-01,1.011186623573303134e+00,7.173382282257080078e+00,1.870504074096679759e+01,4.223977923393249512e-01,4.004109501838684082e-01,9.104405045509338379e-01,9.193566441535949707e-01,1.290623731620144099e-05,1.290623731620144099e-05
1.365325641632080078e+01,2.097858467102050639e+01,1.365326976776123047e+01,2.097859802246093608e+01,9.722878932952880859e-01,9.679862737655640093e-01,9.826230406761169434e-01,1.006232672929763705e+00,1.038386821746826172e+01,1.768446025848388814e+01,3.851831555366516113e-01,4.020287722349166759e-01,9.292937517166137695e-01,9.178770840167999046e-01,1.290608179260743782e-05,1.290608179260743782e-05
1.444893932342529297e+01,2.018053474426269389e+01,1.444895267486572266e+01,2.018054809570312358e+01,9.628037214279174805e-01,9.678531944751739280e-01,9.751155972480773926e-01,1.002670335769653365e+00,1.120555782318115234e+01,1.689024505615234517e+01,3.955213129520416260e-01,4.034099698066711537e-01,9.099403023719787598e-01,9.163561344146728960e-01,1.290595901082269847e-05,1.290595901082269847e-05
8.425745010375976562e+00,1.946675510406494070e+01,8.425758361816406250e+00,1.946676845550537038e+01,9.830765724182128906e-01,9.677155554294586404e-01,9.840384721755981445e-01,9.998411953449248823e-01,5.120888710021972656e+00,1.617955198287963725e+01,4.064794480800628662e-01,4.048040091991424450e-01,9.312617778778076172e-01,9.148421943187713401e-01,1.290583531954325736e-05,1.290583531954325736e-05
3.647990036010742188e+01,1.886979446411132955e+01,3.647991180419921875e+01,1.886980781555175923e+01,9.780139327049255371e-01,9.675871551036834273e-01,1.123340964317321777e+00,9.976825892925262895e-01,3.305200195312500000e+01,1.558537425994873082e+01,4.123718440532684326e-01,4.059169173240661510e-01,9.141678214073181152e-01,9.132336676120758057e-01,1.290571890422143042e-05,1.290571890422143042e-05
4.141945266723632812e+01,1.813130187988281250e+01,4.141946411132812500e+01,1.813131523132324219e+01,9.299610853195190430e-01,9.675108253955840842e-01,1.074218869209289551e+00,9.947095155715942605e-01,3.814592361450195312e+01,1.484988822937011754e+01,3.823281824588775635e-01,4.074703574180603138e-01,8.870183825492858887e-01,9.117224037647246870e-01,1.290558702748967335e-05,1.290558702748967335e-05
1.968145370483398438e+01,1.743340606689453054e+01,1.968146705627441406e+01,1.743341941833496023e+01,9.644554853439331055e-01,9.674291729927062544e-01,1.001486659049987793e+00,9.920815587043761985e-01,1.638742828369140625e+01,1.415471153259277415e+01,4.184599518775939941e-01,4.090037822723388561e-01,9.096228480339050293e-01,9.101793289184569868e-01,1.290547425014665350e-05,1.290547425014665350e-05
1.594625282287597656e+01,1.725918560028076243e+01,1.594626617431640625e+01,1.725919895172119212e+01,9.507902264595031738e-01,9.673891723155975120e-01,9.609041810035705566e-01,9.914804399013519287e-01,1.273925971984863281e+01,1.398121566772460866e+01,3.906308710575103760e-01,4.094017028808593639e-01,9.046675562858581543e-01,9.096991419792175293e-01,1.290544241783209145e-05,1.290544241783209145e-05
2.467911911010742188e+01,1.673185777664184570e+01,2.467913246154785156e+01,1.673187112808227539e+01,9.675707221031188965e-01,9.672857940196990523e-01,9.933214783668518066e-01,9.898339092731476274e-01,2.139317321777343750e+01,1.345606565475463867e+01,4.053398668766021729e-01,4.106303066015243308e-01,9.197149276733398438e-01,9.080422103404999223e-01,1.290533782594138756e-05,1.290533782594138756e-05
1.808722877502441406e+01,1.614228725433349609e+01,1.808724212646484375e+01,1.614230060577392578e+01,9.628428816795349121e-01,9.671967864036560281e-01,9.834911823272705078e-01,9.879827678203583208e-01,1.482717418670654297e+01,1.286852245330810618e+01,4.092015922069549561e-01,4.121985435485839844e-01,9.045195579528808594e-01,9.063864707946777122e-01,1.290523960051359609e-05,1.290523960051359609e-05
1.619276046752929688e+01,1.549852666854858363e+01,1.619277381896972656e+01,1.549854001998901332e+01,9.755958914756774902e-01,9.671167373657226785e-01,9.867932200431823730e-01,9.859213888645171897e-01,1.291411304473876953e+01,1.222653236389160192e+01,3.987810015678405762e-01,4.141296356916427390e-01,9.174783229827880859e-01,9.048264443874358687e-01,1.290513318963348866e-05,1.290513318963348866e-05
1.917151641845703125e+01,1.500993471145629954e+01,1.917152976989746094e+01,1.500994806289672923e+01,9.624490737915039062e-01,9.670314133167267068e-01,9.854797124862670898e-01,9.844981789588928001e-01,1.590974617004394531e+01,1.173957014083862305e+01,4.079759716987609863e-01,4.156703680753707775e-01,9.058653116226196289e-01,9.031649291515350120e-01,1.290503860218450427e-05,1.290503860218450427e-05
1.030869960784912109e+01,1.459285516738891531e+01,1.030871295928955078e+01,1.459286851882934499e+01,9.834935069084167480e-01,9.669342696666717307e-01,9.889081716537475586e-01,9.833320498466491255e-01,6.989819049835205078e+00,1.132410297393798793e+01,4.363776147365570068e-01,4.169598788022995106e-01,9.101010560989379883e-01,9.015258312225341575e-01,1.290493855776730925e-05,1.290493855776730925e-05
7.515585899353027344e+00,1.419200897216796875e+01,7.515598773956298828e+00,1.419202232360839844e+01,9.867476820945739746e-01,9.668961524963378684e-01,9.873722791671752930e-01,9.822704613208770308e-01,4.211844921112060547e+00,1.092479734420776438e+01,4.192924499511718750e-01,4.182600557804107555e-01,9.103288054466247559e-01,8.997849822044372559e-01,1.290485215577064082e-05,1.290485215577064082e-05
1.208655643463134766e+01,1.372091503143310476e+01,1.208656978607177734e+01,1.372092838287353445e+01,9.506559371948242188e-01,9.668473005294799805e-01,9.569572210311889648e-01,9.809671521186829057e-01,8.886262893676757812e+00,1.045497035980224609e+01,4.119043648242950439e-01,4.200125187635421753e-01,8.807766437530517578e-01,8.981178283691406694e-01,1.290477393922628835e-05,1.290477393922628835e-05
6.779507160186767578e+00,1.329464635848998988e+01,6.779520034790039062e+00,1.329465970993041957e+01,9.802952408790588379e-01,9.667570173740387407e-01,9.810913205146789551e-01,9.798591017723083940e-01,3.500068187713623047e+00,1.002982215881347727e+01,4.125047624111175537e-01,4.217618286609649547e-01,9.055474996566772461e-01,8.964460670948029009e-01,1.290469663217663765e-05,1.290469663217663765e-05
7.905834674835205078e+00,1.293906717300415110e+01,7.905847549438476562e+00,1.293908052444458079e+01,9.797042608261108398e-01,9.666785418987273726e-01,9.814754724502563477e-01,9.789517223834991455e-01,4.612184047698974609e+00,9.675472164154053090e+00,4.334328472614288330e-01,4.232423663139343040e-01,8.990376591682434082e-01,8.947224318981170654e-01,1.290461750613758340e-05,1.290461750613758340e-05
2.656417083740234375e+01,1.283891878128051722e+01,2.656418418884277344e+01,1.283893213272094691e+01,9.539921283721923828e-01,9.666544437408447488e-01,9.842638373374938965e-01,9.786961019039154275e-01,2.330427742004394531e+01,9.575696086883544567e+00,4.407876431941986084e-01,4.236492633819580189e-01,8.808506727218627930e-01,8.942226886749267134e-01,1.290459385927533731e-05,1.290459385927533731e-05
7.437045097351074219e+00,1.247222309112548899e+01,7.437057971954345703e+00,1.247223644256591868e+01,9.778797030448913574e-01,9.666173696517944558e-01,9.790586233139038086e-01,9.777876377105713113e-01,4.161279201507568359e+00,9.210047149658203480e+00,4.186358749866485596e-01,4.252840787172317283e-01,9.001917839050292969e-01,8.924869060516357200e-01,1.290452291868859902e-05,1.290452291868859902e-05
