2.623401260375976562e+01,3.356422653198242045e+01,2.623401451110839844e+01,3.356422977447509481e+01,9.555377364158630371e-01,9.638246536254883035e-01,1.062202811241149902e+00,1.123585140705108731e+00,2.293320274353027344e+01,3.016336822509765625e+01,8.350005149841308594e-01,8.220931231975555642e-01,4.480678141117095947e-01,4.913555651903152577e-01,2.561944711487740278e-06,2.561944711487740278e-06
3.072294235229492188e+01,3.373106193542480469e+01,3.072294425964355469e+01,3.373106517791747905e+01,9.666737914085388184e-01,9.635398387908935547e-01,1.111476302146911621e+00,1.123203825950622514e+00,2.734014701843261719e+01,3.033381996154785298e+01,8.236359953880310059e-01,8.210644662380218728e-01,4.810110926628112793e-01,4.894338697195053101e-01,2.561942892498336732e-06,2.561942892498336732e-06
3.797154998779296875e+01,3.385350551605224467e+01,3.797155380249023438e+01,3.385350914001465128e+01,9.647230505943298340e-01,9.632783710956573930e-01,1.145434021949768066e+00,1.123070251941680864e+00,3.453334808349609375e+01,3.045957107543945241e+01,8.096110820770263672e-01,8.198778033256530762e-01,5.184309482574462891e-01,4.877083271741867176e-01,2.561938117651152425e-06,2.561938117651152425e-06
4.069491577148437500e+01,3.395194282531738139e+01,4.069491958618164062e+01,3.395194644927978800e+01,9.607517123222351074e-01,9.630376636981964333e-01,1.149112343788146973e+00,1.122898364067077548e+00,3.728624725341796875e+01,3.056127719879150462e+01,8.000804781913757324e-01,8.186983346939087358e-01,4.987243413925170898e-01,4.860313177108764870e-01,2.561944029366713949e-06,2.561944029366713949e-06
3.075166702270507812e+01,3.405210189819335653e+01,3.075166893005371094e+01,3.405210571289062216e+01,9.507225751876831055e-01,9.627839624881744385e-01,1.062506794929504395e+00,1.122657728195190385e+00,2.749013900756835938e+01,3.066481952667236399e+01,8.159981369972229004e-01,8.174672484397887962e-01,4.323000311851501465e-01,4.843723416328430398e-01,2.561956080171512440e-06,2.561956080171512440e-06
2.673501205444335938e+01,3.413830642700195028e+01,2.673501396179199219e+01,3.413831024169921591e+01,9.644170999526977539e-01,9.625413537025451216e-01,1.097881674766540527e+00,1.122433710098266646e+00,2.335648918151855469e+01,3.075437374114990163e+01,8.328524827957153320e-01,8.162327706813812256e-01,4.833706915378570557e-01,4.827244818210602029e-01,2.561971314207767136e-06,2.561971314207767136e-06
2.525259971618652344e+01,3.422409973144531392e+01,2.525260162353515625e+01,3.422410354614257955e+01,9.561939835548400879e-01,9.622999250888824019e-01,1.048191785812377930e+00,1.122095859050750821e+00,2.199627685546875000e+01,3.084364967346191477e+01,8.199275732040405273e-01,8.150010585784912553e-01,4.320111572742462158e-01,4.810537815093994252e-01,2.561987002991372719e-06,2.561987002991372719e-06
4.416665267944335938e+01,3.430947341918945170e+01,4.416665649414062500e+01,3.430947723388671733e+01,9.747346639633178711e-01,9.620669007301330122e-01,1.195919990539550781e+00,1.121936047077178866e+00,4.062889099121093750e+01,3.093228683471679830e+01,8.013885617256164551e-01,8.137460470199584517e-01,5.657178759574890137e-01,4.794380724430084006e-01,2.562011104600969702e-06,2.562011104600969702e-06
2.812010574340820312e+01,3.438094024658202841e+01,2.812010765075683594e+01,3.438094406127929403e+01,9.570882320404052734e-01,9.618442118167876975e-01,1.081584811210632324e+00,1.121877038478851230e+00,2.482602882385253906e+01,3.100687046051025320e+01,8.270449042320251465e-01,8.124936223030090332e-01,4.283572137355804443e-01,4.778549045324325673e-01,2.562045438025961630e-06,2.562045438025961630e-06
3.155336189270019531e+01,3.443151016235351847e+01,3.155336380004882812e+01,3.443151397705078409e+01,9.699270725250244141e-01,9.616350769996643288e-01,1.134063959121704102e+00,1.122043681144714311e+00,2.811860275268554688e+01,3.106027469635009908e+01,8.286560177803039551e-01,8.112444698810576948e-01,5.021140575408935547e-01,4.763127923011779563e-01,2.562095687608234584e-06,2.562095687608234584e-06
3.052558326721191406e+01,3.449321441650390341e+01,3.052558517456054688e+01,3.449321823120116903e+01,9.621020555496215820e-01,9.614245891571044922e-01,1.104222774505615234e+00,1.122104680538177579e+00,2.718249893188476562e+01,3.112494239807129048e+01,8.131920099258422852e-01,8.099779248237609641e-01,4.635674953460693359e-01,4.747648626565933450e-01,2.562144345574779436e-06,2.562144345574779436e-06
3.026952743530273438e+01,3.455695648193359659e+01,3.026952934265136719e+01,3.455696029663086222e+01,9.599344730377197266e-01,9.612181663513184038e-01,1.103246688842773438e+00,1.122099220752716064e+00,2.693470954895019531e+01,3.119171657562255717e+01,8.080757260322570801e-01,8.087027132511138694e-01,4.635619223117828369e-01,4.732196837663650291e-01,2.562191639299271628e-06,2.562191639299271628e-06
3.384452438354492188e+01,3.461956367492675923e+01,3.384452819824218750e+01,3.461956748962402486e+01,9.641621112823486328e-01,9.610074460506439209e-01,1.104819059371948242e+00,1.122181665897369340e+00,3.051239395141601562e+01,3.125725479125976491e+01,8.096371293067932129e-01,8.074115037918090376e-01,4.535110592842102051e-01,4.717087030410766491e-01,2.562246663728728890e-06,2.562246663728728890e-06
4.127698898315429688e+01,3.466825752258300497e+01,4.127699279785156250e+01,3.466826133728027060e+01,9.550100564956665039e-01,9.607992827892303245e-01,1.150600433349609375e+00,1.122386324405670210e+00,3.791019439697265625e+01,3.130871887207031179e+01,7.900649905204772949e-01,8.061320900917052779e-01,4.711200296878814697e-01,4.702207386493683083e-01,2.562312147347256541e-06,2.562312147347256541e-06
2.996883583068847656e+01,3.473242797851562358e+01,2.996883773803710938e+01,3.473243179321288920e+01,9.573506116867065430e-01,9.605885684490204079e-01,1.094364285469055176e+00,1.122500228881835982e+00,2.665735626220703125e+01,3.137577438354492188e+01,8.068077564239501953e-01,8.048400759696960893e-01,4.529547095298767090e-01,4.687252134084701760e-01,2.562371719250222668e-06,2.562371719250222668e-06
4.567013549804687500e+01,3.479585494995117045e+01,4.567013931274414062e+01,3.479585876464843608e+01,9.628106951713562012e-01,9.603822350502013716e-01,1.161542892456054688e+00,1.122535109519958496e+00,4.226720428466796875e+01,3.144218559265136648e+01,7.815768718719482422e-01,8.035400509834289551e-01,4.969982206821441650e-01,4.672119736671447865e-01,2.562426061558653601e-06,2.562426061558653601e-06
3.059559059143066406e+01,3.485713462829589560e+01,3.059559249877929688e+01,3.485713844299316122e+01,9.597964286804199219e-01,9.601855456829071489e-01,1.104907274246215820e+00,1.122752141952514604e+00,2.729188728332519531e+01,3.150620174407958984e+01,8.210282325744628906e-01,8.022370636463165283e-01,4.179727137088775635e-01,4.657577753067016491e-01,2.562489953561453149e-06,2.562489953561453149e-06
3.361642837524414062e+01,3.489980468750000142e+01,3.361643218994140625e+01,3.489980850219726705e+01,9.550585746765136719e-01,9.599925935268401878e-01,1.116724491119384766e+00,1.123114502429962247e+00,3.028252410888671875e+01,3.155142021179199219e+01,8.073864579200744629e-01,8.009378194808960405e-01,4.547320604324340820e-01,4.643395096063613892e-01,2.562564304753323086e-06,2.562564304753323086e-06
3.845932388305664062e+01,3.493072662353515767e+01,3.845932769775390625e+01,3.493073043823242330e+01,9.562045931816101074e-01,9.598009347915649192e-01,1.145096302032470703e+00,1.123412942886352628e+00,3.511607742309570312e+01,3.158495368957519389e+01,8.004734516143798828e-01,7.996426999568939653e-01,4.414743185043334961e-01,4.629168927669525258e-01,2.562639110692543909e-06,2.562639110692543909e-06
3.229520797729492188e+01,3.497695732116699219e+01,3.229521179199218750e+01,3.497696113586425781e+01,9.625557661056518555e-01,9.596142590045928511e-01,1.118443369865417480e+00,1.123736906051635787e+00,2.894602966308593750e+01,3.163377037048339702e+01,7.957448363304138184e-01,7.983269810676574263e-01,4.724335968494415283e-01,4.615089744329452515e-01,2.562712552389712073e-06,2.562712552389712073e-06
2.699846267700195312e+01,3.503771781921386719e+01,2.699846458435058594e+01,3.503772163391113281e+01,9.604178071022033691e-01,9.594273686408996138e-01,1.074059605598449707e+00,1.124140322208404541e+00,2.371566963195800781e+01,3.169704170227050710e+01,8.225635290145874023e-01,7.970007658004760742e-01,4.257535636425018311e-01,4.601080387830734364e-01,2.562787585702608339e-06,2.562787585702608339e-06
2.960623359680175781e+01,3.508446083068847798e+01,2.960623550415039062e+01,3.508446464538574361e+01,9.584789872169494629e-01,9.592392385005951150e-01,1.092645287513732910e+00,1.124628305435180664e+00,2.630114173889160156e+01,3.174621543884277486e+01,7.996233105659484863e-01,7.956709146499634233e-01,4.543433785438537598e-01,4.587070167064666859e-01,2.562870122346794233e-06,2.562870122346794233e-06
3.008167648315429688e+01,3.512550544738769531e+01,3.008167839050292969e+01,3.512550926208496094e+01,9.574031829833984375e-01,9.590479135513305664e-01,1.075445175170898438e+00,1.125003385543823287e+00,2.683034706115722656e+01,3.178983898162841726e+01,8.034080266952514648e-01,7.943294703960418479e-01,4.150731265544891357e-01,4.572855055332183949e-01,2.562946519901743159e-06,2.562946519901743159e-06
4.687082290649414062e+01,3.516388053894043253e+01,4.687082672119140625e+01,3.516388435363769815e+01,9.575097560882568359e-01,9.588639497756957786e-01,1.191898465156555176e+00,1.125439500808715909e+00,4.346688461303710938e+01,3.183068962097167898e+01,7.720121145248413086e-01,7.929997801780700462e-01,4.825160205364227295e-01,4.558877319097519032e-01,2.563023599577718414e-06,2.563023599577718414e-06
3.052185058593750000e+01,3.521303253173827841e+01,3.052185249328613281e+01,3.521303634643554403e+01,9.652952551841735840e-01,9.586747229099273904e-01,1.119326829910278320e+00,1.125818443298339799e+00,2.716323280334472656e+01,3.188240413665771555e+01,8.095976114273071289e-01,7.916376888751983643e-01,4.644000232219696045e-01,4.544977277517318615e-01,2.563100451880018227e-06,2.563100451880018227e-06
3.773505020141601562e+01,3.523865051269531534e+01,3.773505401611328125e+01,3.523865432739258097e+01,9.592969417572021484e-01,9.584978342056273970e-01,1.135547280311584473e+00,1.126151502132415771e+00,3.438889694213867188e+01,3.191060848236083913e+01,7.845801711082458496e-01,7.902838587760925293e-01,4.667268097400665283e-01,4.531091898679733276e-01,2.563179123171721585e-06,2.563179123171721585e-06
3.564169311523437500e+01,3.525971260070800639e+01,3.564169692993164062e+01,3.525971641540527202e+01,9.494673013687133789e-01,9.583279967308044878e-01,1.107162594795227051e+00,1.126427173614501953e+00,3.238001251220703125e+01,3.193431568145751953e+01,7.712397575378417969e-01,7.889439940452576128e-01,4.338114857673645020e-01,4.516981095075607300e-01,2.563255748100345954e-06,2.563255748100345954e-06
3.846067428588867188e+01,3.527926216125488423e+01,3.846067810058593750e+01,3.527926597595214986e+01,9.617797136306762695e-01,9.581556975841521995e-01,1.143324732780456543e+00,1.126857566833496138e+00,3.510462188720703125e+01,3.195633811950683523e+01,7.763187885284423828e-01,7.876051843166351762e-01,4.746323525905609131e-01,4.503049612045287864e-01,2.563337602623505518e-06,2.563337602623505518e-06
2.850712203979492188e+01,3.529635925292969034e+01,2.850712394714355469e+01,3.529636306762695597e+01,9.525983929634094238e-01,9.579803586006164773e-01,1.064969778060913086e+00,1.127342629432678267e+00,2.530072402954101562e+01,3.197584362030029226e+01,7.996997833251953125e-01,7.862630307674407515e-01,3.891292810440063477e-01,4.489288300275802723e-01,2.563420139267691411e-06,2.563420139267691411e-06
3.935663223266601562e+01,3.530255088806152486e+01,3.935663604736328125e+01,3.530255470275879048e+01,9.655273556709289551e-01,9.578060507774353027e-01,1.181487083435058594e+00,1.128025281429290816e+00,3.589811706542968750e+01,3.198423385620117188e+01,7.883570194244384766e-01,7.849083900451659934e-01,5.231452584266662598e-01,4.475769728422164806e-01,2.563516090958728455e-06,2.563516090958728455e-06
3.912655639648437500e+01,3.531553688049316264e+01,3.912656021118164062e+01,3.531554069519042827e+01,9.494165778160095215e-01,9.576343297958374023e-01,1.132768273353576660e+00,1.128682565689086870e+00,3.585623168945312500e+01,3.199946842193603658e+01,7.723702192306518555e-01,7.835315942764282671e-01,4.157707989215850830e-01,4.462198942899703868e-01,2.563608632044633850e-06,2.563608632044633850e-06
3.688428497314453125e+01,3.532905311584472940e+01,3.688428878784179688e+01,3.532905693054199503e+01,9.532906413078308105e-01,9.574652075767516868e-01,1.128253102302551270e+00,1.129262018203735396e+00,3.360087966918945312e+01,3.201532135009765767e+01,7.785173654556274414e-01,7.821587443351745161e-01,4.233426153659820557e-01,4.448458373546600453e-01,2.563701173130539246e-06,2.563701173130539246e-06
4.038973999023437500e+01,3.534249534606933452e+01,4.038974380493164062e+01,3.534249916076660014e+01,9.609287381172180176e-01,9.572923183441162109e-01,1.151810646057128906e+00,1.129762887954711914e+00,3.705005264282226562e+01,3.203120021820068075e+01,7.673541903495788574e-01,7.807608127593994585e-01,4.595942795276641846e-01,4.434791117906570213e-01,2.563795987953199074e-06,2.563795987953199074e-06
3.475795364379882812e+01,3.534162673950195455e+01,3.475795745849609375e+01,3.534163055419922017e+01,9.556001424789428711e-01,9.571156203746795654e-01,1.153636574745178223e+00,1.130480253696441562e+00,3.144358825683593750e+01,3.203253440856933310e+01,7.838832736015319824e-01,7.793465912342071311e-01,4.212447404861450195e-01,4.421507775783538596e-01,2.563901944085955620e-06,2.563901944085955620e-06
3.711031723022460938e+01,3.536309127807616903e+01,3.711032104492187500e+01,3.536309509277343466e+01,9.465057849884033203e-01,9.569445312023162620e-01,1.130003094673156738e+00,1.131113541126251176e+00,3.384616088867187500e+01,3.205629730224609375e+01,7.697657942771911621e-01,7.779253959655761941e-01,4.178866446018218994e-01,4.408096373081207275e-01,2.563999032645369880e-06,2.563999032645369880e-06
2.686960983276367188e+01,3.536561431884765483e+01,2.686961174011230469e+01,3.536561813354492045e+01,9.576439857482910156e-01,9.567818403244018333e-01,1.064466357231140137e+00,1.131625247001647905e+00,2.366353416442871094e+01,3.206126556396484517e+01,7.935169935226440430e-01,7.764936745166778342e-01,3.904503881931304932e-01,4.394480139017105103e-01,2.564088845247169957e-06,2.564088845247169957e-06
3.520816421508789062e+01,3.537677230834960795e+01,3.520816802978515625e+01,3.537677612304687358e+01,9.567634463310241699e-01,9.566161990165710227e-01,1.133286952972412109e+00,1.132283651828765780e+00,3.189200401306152344e+01,3.207469444274902060e+01,7.754380106925964355e-01,7.750612914562224898e-01,4.506710171699523926e-01,4.381156772375106589e-01,2.564187070674961433e-06,2.564187070674961433e-06
3.166682243347167969e+01,3.536692085266113139e+01,3.166682434082031250e+01,3.536692466735839702e+01,9.553997516632080078e-01,9.564492523670196089e-01,1.104131460189819336e+00,1.133064854145050093e+00,2.841465759277343750e+01,3.206698799133300781e+01,7.886867523193359375e-01,7.736214876174927202e-01,4.039456546306610107e-01,4.367972403764724953e-01,2.564293708928744309e-06,2.564293708928744309e-06
3.261415481567382812e+01,3.534937400817871378e+01,3.261415863037109375e+01,3.534937782287597940e+01,9.618167877197265625e-01,9.562814414501190630e-01,1.128570199012756348e+00,1.133756387233734175e+00,2.931156349182128906e+01,3.205168838500976847e+01,7.886723279953002930e-01,7.721825778484344704e-01,4.235320687294006348e-01,4.354651361703872903e-01,2.564399892435176298e-06,2.564399892435176298e-06
3.820638275146484375e+01,3.534583168029784872e+01,3.820638656616210938e+01,3.534583549499511435e+01,9.565371870994567871e-01,9.561134696006774458e-01,1.148406267166137695e+00,1.134513676166534424e+00,3.487899398803710938e+01,3.205033321380615519e+01,7.680220007896423340e-01,7.707112848758697066e-01,4.544251263141632080e-01,4.341600239276885986e-01,2.564504939073231071e-06,2.564504939073231071e-06
3.010953712463378906e+01,3.536016578674316690e+01,3.010953903198242188e+01,3.536016960144043253e+01,9.522013068199157715e-01,9.559445559978485552e-01,1.123520374298095703e+00,1.135288298130035400e+00,2.687024688720703125e+01,3.206684417724609659e+01,7.719755768775939941e-01,7.692265391349792925e-01,3.915911912918090820e-01,4.328625261783599631e-01,2.564606347732478753e-06,2.564606347732478753e-06
3.634383010864257812e+01,3.536444702148437358e+01,3.634383392333984375e+01,3.536445083618163920e+01,9.612213969230651855e-01,9.557712912559509499e-01,1.170179367065429688e+00,1.136208224296569869e+00,3.295341873168945312e+01,3.207318019866943359e+01,7.705993652343750000e-01,7.677289783954620583e-01,4.884093403816223145e-01,4.315586149692535178e-01,2.564715487096691504e-06,2.564715487096691504e-06
3.537071609497070312e+01,3.535418128967285156e+01,3.537071990966796875e+01,3.535418510437011719e+01,9.564375281333923340e-01,9.556002497673035112e-01,1.136720180511474609e+00,1.137122869491577148e+00,3.206869888305664062e+01,3.206498661041259624e+01,7.685053944587707520e-01,7.662258803844451682e-01,4.403532147407531738e-01,4.302457749843597301e-01,2.564827127571334131e-06,2.564827127571334131e-06
4.445839309692382812e+01,3.534588775634765767e+01,4.445839691162109375e+01,3.534589157104492330e+01,9.547721743583679199e-01,9.554325282573700173e-01,1.155603170394897461e+00,1.138074123859405429e+00,4.114704513549804688e+01,3.205871105194091797e+01,7.441269159317016602e-01,7.647271573543548140e-01,4.568478465080261230e-01,4.289427071809768788e-01,2.564935584814520553e-06,2.564935584814520553e-06
3.227578735351562500e+01,3.535231819152831889e+01,3.227579116821289062e+01,3.535232200622558452e+01,9.516217112541198730e-01,9.552609920501708984e-01,1.119187355041503906e+00,1.138929104804992765e+00,2.903001785278320312e+01,3.206727352142333842e+01,7.630285620689392090e-01,7.631942987442016380e-01,4.119337499141693115e-01,4.276599317789077648e-01,2.565040404078899883e-06,2.565040404078899883e-06
3.561651229858398438e+01,3.533296852111816122e+01,3.561651611328125000e+01,3.533297233581542685e+01,9.577665925025939941e-01,9.550974369049072266e-01,1.153999209403991699e+00,1.139702987670898393e+00,3.229960632324218750e+01,3.205013446807861044e+01,7.629600763320922852e-01,7.616689503192901611e-01,4.421800673007965088e-01,4.263640582561493142e-01,2.565147042332682759e-06,2.565147042332682759e-06
3.619538116455078125e+01,3.530925445556640341e+01,3.619538497924804688e+01,3.530925827026366903e+01,9.520253539085388184e-01,9.549414753913879617e-01,1.096050381660461426e+00,1.140449678897857755e+00,3.298437500000000000e+01,3.202868041992187642e+01,7.396959066390991211e-01,7.601476311683654785e-01,4.232329428195953369e-01,4.250351101160049216e-01,2.565252543718088418e-06,2.565252543718088418e-06
3.674855804443359375e+01,3.529349822998047159e+01,3.674856185913085938e+01,3.529350204467773722e+01,9.559959173202514648e-01,9.547782719135284868e-01,1.156770229339599609e+00,1.141332244873046964e+00,3.344004440307617188e+01,3.201504878997802450e+01,7.530661225318908691e-01,7.586135506629944070e-01,4.426804482936859131e-01,4.237264275550842174e-01,2.565360318840248510e-06,2.565360318840248510e-06
2.681803703308105469e+01,3.526718482971191548e+01,2.681803894042968750e+01,3.526718864440918111e+01,9.536535739898681641e-01,9.546170294284820335e-01,1.085767984390258789e+00,1.142156410217285201e+00,2.360412788391113281e+01,3.199091587066650533e+01,7.745466828346252441e-01,7.570811033248900923e-01,3.999407291412353516e-01,4.224144071340560913e-01,2.565465138104627840e-06,2.565465138104627840e-06
3.137252807617187500e+01,3.523208999633789062e+01,3.137252998352050781e+01,3.523209381103515625e+01,9.551701545715332031e-01,9.544495344161987305e-01,1.156537413597106934e+00,1.143256592750549361e+00,2.808877944946289062e+01,3.195772857666015554e+01,7.581375837326049805e-01,7.555062592029571089e-01,4.139046370983123779e-01,4.211479902267455944e-01,2.565582008173805661e-06,2.565582008173805661e-06
4.480609893798828125e+01,3.521141967773437642e+01,4.480610275268554688e+01,3.521142330169677592e+01,9.486374855041503906e-01,9.542829394340515137e-01,1.167370200157165527e+00,1.144324815273285001e+00,4.151825332641601562e+01,3.193902320861816335e+01,7.273573875427246094e-01,7.539176285266876443e-01,4.444811344146728516e-01,4.198710769414901733e-01,2.565698423495632596e-06,2.565698423495632596e-06
3.375068664550781250e+01,3.518006534576416300e+01,3.375069046020507812e+01,3.518006896972656250e+01,9.494931101799011230e-01,9.541254043579101562e-01,1.116223216056823730e+00,1.145191681385040239e+00,3.054835891723632812e+01,3.190985183715820384e+01,7.410790920257568359e-01,7.523289084434509055e-01,3.955360352993011475e-01,4.185677677392959373e-01,2.565813474575406872e-06,2.565813474575406872e-06
3.419983673095703125e+01,3.515319671630859233e+01,3.419984054565429688e+01,3.515320034027099894e+01,9.602423310279846191e-01,9.539588809013366255e-01,1.147858023643493652e+00,1.146149337291717529e+00,3.091972732543945312e+01,3.188509349822998118e+01,7.647324204444885254e-01,7.507100522518157515e-01,4.072755873203277588e-01,4.172855317592620850e-01,2.565932618381339125e-06,2.565932618381339125e-06
4.510231018066406250e+01,3.513269157409668253e+01,4.510231399536132812e+01,3.513269519805908203e+01,9.435240030288696289e-01,9.537857770919799805e-01,1.192448019981384277e+00,1.147224247455596924e+00,4.181844329833984375e+01,3.186657733917236257e+01,7.339257597923278809e-01,7.490866720676422341e-01,4.139691293239593506e-01,4.160175234079360740e-01,2.566058128650183789e-06,2.566058128650183789e-06
3.833251571655273438e+01,3.510423107147217081e+01,3.833251953125000000e+01,3.510423469543457031e+01,9.546937346458435059e-01,9.536268532276153120e-01,1.159858345985412598e+00,1.148120880126953125e+00,3.505128860473632812e+01,3.184029445648193501e+01,7.509416937828063965e-01,7.474596142768860085e-01,4.157341420650482178e-01,4.147291392087936179e-01,2.566170451245852746e-06,2.566170451245852746e-06
3.257307052612304688e+01,3.506914443969726847e+01,3.257307434082031250e+01,3.506914806365966797e+01,9.551767110824584961e-01,9.534703969955444780e-01,1.122634768486022949e+00,1.149055361747741699e+00,2.935113906860351562e+01,3.180736255645751953e+01,7.592741250991821289e-01,7.458211123943329079e-01,3.848465681076049805e-01,4.134359627962112538e-01,2.566279817983740941e-06,2.566279817983740941e-06
3.055232810974121094e+01,3.504175167083739950e+01,3.055233001708984375e+01,3.504175529479980611e+01,9.478154182434082031e-01,9.533083617687225786e-01,1.111931681632995605e+00,1.150069618225097567e+00,2.733787918090820312e+01,3.178203449249267720e+01,7.454048991203308105e-01,7.441654741764068826e-01,4.092961847782135010e-01,4.121731340885162465e-01,2.566396233305567876e-06,2.566396233305567876e-06
3.958321762084960938e+01,3.499922847747802734e+01,3.958322143554687500e+01,3.499923210144042685e+01,9.534838795661926270e-01,9.531511664390563965e-01,1.175196409225463867e+00,1.151069557666778653e+00,3.626640701293945312e+01,3.174159851074218608e+01,7.460534572601318359e-01,7.425004839897155762e-01,4.420787394046783447e-01,4.109085202217102051e-01,2.566514467616798356e-06,2.566514467616798356e-06
4.441976165771484375e+01,3.494559631347656392e+01,4.441976547241210938e+01,3.494559993743896342e+01,9.515013098716735840e-01,9.529983758926391380e-01,1.182992219924926758e+00,1.151953804492950484e+00,4.114877319335937500e+01,3.169018745422363281e+01,7.280899882316589355e-01,7.408349871635436790e-01,4.084040820598602295e-01,4.096219152212142722e-01,2.566631792433327064e-06,2.566631792433327064e-06
3.706373214721679688e+01,3.489920463562011577e+01,3.706373596191406250e+01,3.489920825958252237e+01,9.511116743087768555e-01,9.528412997722626177e-01,1.138906717300415039e+00,1.152914297580718950e+00,3.381541824340820312e+01,3.164594287872314382e+01,7.296946048736572266e-01,7.391503334045410600e-01,4.286010265350341797e-01,4.083558738231659047e-01,2.566747753007803112e-06,2.566747753007803112e-06
2.762307548522949219e+01,3.487125549316406392e+01,2.762307739257812500e+01,3.487125911712646342e+01,9.486559033393859863e-01,9.526710748672485574e-01,1.075405716896057129e+00,1.154079532623291104e+00,2.448074913024902344e+01,3.161994400024413920e+01,7.363337874412536621e-01,7.374531924724578857e-01,3.819307684898376465e-01,4.071073979139328003e-01,2.566868488429463468e-06,2.566868488429463468e-06
3.312399291992187500e+01,3.483444690704345703e+01,3.312399673461914062e+01,3.483445053100585653e+01,9.520601034164428711e-01,9.524985671043395552e-01,1.189754605293273926e+00,1.155275797843933194e+00,2.986663436889648438e+01,3.158508510589599538e+01,7.343813180923461914e-01,7.357393980026245561e-01,3.811607658863067627e-01,4.058478623628616333e-01,2.566993543950957246e-06,2.566993543950957246e-06
3.564844131469726562e+01,3.478501205444335653e+01,3.564844512939453125e+01,3.478501567840576314e+01,9.525198936462402344e-01,9.523254692554473655e-01,1.127985715866088867e+00,1.156430876255035489e+00,3.244736862182617188e+01,3.153767108917236328e+01,7.330112457275390625e-01,7.340079426765442339e-01,3.875529766082763672e-01,4.045766323804855236e-01,2.567117462604073808e-06,2.567117462604073808e-06
3.814081573486328125e+01,3.474076938629150391e+01,3.814081954956054688e+01,3.474077301025390341e+01,9.529106020927429199e-01,9.521540880203247514e-01,1.162030696868896484e+00,1.157761299610137851e+00,3.489620971679687500e+01,3.149524288177490305e+01,7.263270616531372070e-01,7.322698831558227539e-01,4.033392071723937988e-01,4.033404707908630482e-01,2.567240017015137710e-06,2.567240017015137710e-06
3.526441192626953125e+01,3.471511840820312500e+01,3.526441574096679688e+01,3.471512203216552450e+01,9.487585425376892090e-01,9.519888281822204146e-01,1.158736228942871094e+00,1.158922851085662842e+00,3.202943420410156250e+01,3.147158393859863423e+01,7.167251706123352051e-01,7.305064201354980469e-01,4.107586741447448730e-01,4.021167010068893433e-01,2.567355750215938315e-06,2.567355750215938315e-06
3.629185104370117188e+01,3.465737667083740092e+01,3.629185485839843750e+01,3.465738029479980753e+01,9.561094641685485840e-01,9.518290281295775923e-01,1.191887855529785156e+00,1.160000431537628218e+00,3.299261093139648438e+01,3.141592845916748189e+01,7.284659743309020996e-01,7.287471175193787065e-01,4.227745831012725830e-01,4.008711457252502330e-01,2.567475348769221455e-06,2.567475348769221455e-06
4.134347915649414062e+01,3.459645977020263530e+01,4.134348297119140625e+01,3.459646339416504190e+01,9.484148621559143066e-01,9.516784131526947466e-01,1.234012007713317871e+00,1.160926568508148238e+00,3.799496841430664062e+01,3.135727252960204936e+01,7.292840480804443359e-01,7.270047962665557861e-01,4.368013739585876465e-01,3.995772898197174072e-01,2.567588353485916741e-06,2.567588353485916741e-06
2.847886466979980469e+01,3.454595355987548544e+01,2.847886657714843750e+01,3.454595718383789205e+01,9.561862349510192871e-01,9.515109360218048096e-01,1.151142477989196777e+00,1.162118911743164062e+00,2.523671531677246094e+01,3.130876655578613210e+01,7.313577532768249512e-01,7.252323687076568381e-01,4.034632742404937744e-01,3.983251541852951272e-01,2.567708179412875324e-06,2.567708179412875324e-06
3.483395004272460938e+01,3.448341636657714560e+01,3.483395385742187500e+01,3.448341999053955220e+01,9.524065256118774414e-01,9.513479650020599809e-01,1.182942032814025879e+00,1.163214588165283114e+00,3.159351921081542969e+01,3.124833240509033061e+01,7.294573187828063965e-01,7.234612822532653365e-01,3.756262958049774170e-01,3.970597207546234242e-01,2.567824822108377703e-06,2.567824822108377703e-06
3.906365966796875000e+01,3.440564289093017436e+01,3.906366348266601562e+01,3.440564651489258097e+01,9.415282607078552246e-01,9.511782169342041238e-01,1.165686011314392090e+00,1.164590489864349321e+00,3.587953186035156250e+01,3.117239608764648295e+01,7.105510234832763672e-01,7.216468691825866921e-01,3.663601279258728027e-01,3.958313941955566295e-01,2.567951923992950469e-06,2.567951923992950469e-06
4.384817504882812500e+01,3.433835258483886577e+01,4.384817886352539062e+01,3.433835620880127237e+01,9.534022808074951172e-01,9.510198593139648215e-01,1.230790376663208008e+00,1.165774548053741366e+00,4.052125549316406250e+01,3.110715312957763601e+01,7.164356708526611328e-01,7.198355257511138694e-01,4.262912869453430176e-01,3.945700675249099731e-01,2.568072659414610825e-06,2.568072659414610825e-06
3.501923751831054688e+01,3.426984882354736328e+01,3.501924133300781250e+01,3.426985225677490376e+01,9.510653018951416016e-01,9.508626639842987505e-01,1.217502474784851074e+00,1.166868162155151323e+00,3.171613883972167969e+01,3.104079551696777273e+01,7.221428751945495605e-01,7.180138349533080611e-01,4.123928844928741455e-01,3.933086931705475076e-01,2.568196350694051944e-06,2.568196350694051944e-06
3.747284317016601562e+01,3.421393165588379048e+01,3.747284698486328125e+01,3.421393508911133097e+01,9.598132967948913574e-01,9.506961405277252197e-01,1.247301816940307617e+00,1.168008852005004927e+00,3.413618087768554688e+01,3.098698616027832031e+01,7.304981946945190430e-01,7.161650002002716286e-01,3.990462422370910645e-01,3.920756161212921032e-01,2.568325044194352813e-06,2.568325044194352813e-06
3.441707611083984375e+01,3.415319137573241903e+01,3.441707992553710938e+01,3.415319480895995952e+01,9.440920352935791016e-01,9.505111813545227273e-01,1.126588821411132812e+00,1.169480025768280029e+00,3.126502418518066406e+01,3.092802753448486186e+01,7.059999108314514160e-01,7.142768740653991921e-01,3.753718435764312744e-01,3.908956855535506980e-01,2.568462377894320525e-06,2.568462377894320525e-06
3.104335403442382812e+01,3.408505420684814169e+01,3.104335594177246094e+01,3.408505764007568217e+01,9.536982178688049316e-01,9.503428161144256148e-01,1.157457351684570312e+00,1.170758414268493697e+00,2.782915115356445312e+01,3.086187686920165874e+01,7.222733497619628906e-01,7.123998045921325906e-01,3.807730078697204590e-01,3.896766841411590798e-01,2.568591298768296838e-06,2.568591298768296838e-06
3.901225280761718750e+01,3.401849346160888388e+01,3.901225662231445312e+01,3.401849689483642436e+01,9.522876143455505371e-01,9.501913607120513472e-01,1.207855582237243652e+00,1.171813201904296831e+00,3.574221038818359375e+01,3.079753799438476491e+01,7.073842883110046387e-01,7.105391383171081321e-01,4.025122523307800293e-01,3.884118497371673584e-01,2.568707714090123773e-06,2.568707714090123773e-06
3.772211837768554688e+01,3.395065555572509908e+01,3.772212219238281250e+01,3.395065898895263956e+01,9.462249279022216797e-01,9.500359416007995161e-01,1.151433467864990234e+00,1.172946727275848477e+00,3.451967620849609375e+01,3.073183326721191477e+01,6.990723609924316406e-01,7.086599409580230935e-01,4.057086706161499023e-01,3.871791750192642434e-01,2.568826857896056026e-06,2.568826857896056026e-06
4.056946182250976562e+01,3.386873111724853658e+01,4.056946563720703125e+01,3.386873455047607706e+01,9.493751525878906250e-01,9.498733103275298628e-01,1.209725379943847656e+00,1.174197435379028320e+00,3.729458618164062500e+01,3.065194053649902273e+01,7.060786485671997070e-01,7.067508399486541748e-01,4.097000062465667725e-01,3.859692364931106567e-01,2.568951231296523474e-06,2.568951231296523474e-06
3.126557159423828125e+01,3.377258968353271484e+01,3.126557350158691406e+01,3.377259311676025533e+01,9.458664059638977051e-01,9.497143626213073730e-01,1.165027856826782227e+00,1.175304126739501909e+00,2.809974098205566406e+01,3.055800113677978658e+01,6.983110904693603516e-01,7.048432886600494163e-01,3.566250503063201904e-01,3.847271025180816761e-01,2.569077196312719025e-06,2.569077196312719025e-06
3.766764831542968750e+01,3.370055599212646769e+01,3.766765213012695312e+01,3.370055923461914205e+01,9.536953568458557129e-01,9.495496928691864458e-01,1.192274570465087891e+00,1.176540732383728027e+00,3.444092559814453125e+01,3.048803539276122976e+01,7.043769955635070801e-01,7.029165565967560036e-01,3.763786554336547852e-01,3.835137695074081199e-01,2.569202479207888246e-06,2.569202479207888246e-06
3.002858924865722656e+01,3.363463039398193644e+01,3.002859115600585938e+01,3.363463363647461080e+01,9.529033899307250977e-01,9.493776202201843484e-01,1.170543909072875977e+00,1.177893018722534269e+00,2.681317710876464844e+01,3.042407417297363281e+01,7.092023491859436035e-01,7.009754657745361772e-01,3.827631771564483643e-01,3.823105603456496970e-01,2.569326625234680250e-06,2.569326625234680250e-06
2.782739067077636719e+01,3.356251449584961222e+01,2.782739257812500000e+01,3.356251773834228658e+01,9.578070640563964844e-01,9.491943657398224099e-01,1.187175393104553223e+00,1.179414772987365634e+00,2.460208511352539062e+01,3.035378475189208913e+01,7.135279774665832520e-01,6.990064084529876709e-01,3.667967319488525391e-01,3.811148583889007457e-01,2.569460093582165428e-06,2.569460093582165428e-06
3.068367195129394531e+01,3.346482315063476420e+01,3.068367385864257812e+01,3.346482639312743856e+01,9.479088783264160156e-01,9.490160107612609641e-01,1.156341195106506348e+00,1.180786776542663619e+00,2.750858879089355469e+01,3.025810184478759624e+01,7.013000249862670898e-01,6.970236957073211448e-01,3.695338368415832520e-01,3.798943251371383889e-01,2.569594471424352378e-06,2.569594471424352378e-06
5.165528106689453125e+01,3.337150096893310547e+01,5.165528488159179688e+01,3.337150402069092081e+01,9.403068423271179199e-01,9.488492012023925781e-01,1.248047828674316406e+00,1.182165038585662797e+00,4.839100265502929688e+01,3.016676616668701172e+01,6.758591532707214355e-01,6.950493693351745828e-01,4.000657200813293457e-01,3.786718517541885487e-01,2.569721573308925144e-06,2.569721573308925144e-06
2.958157920837402344e+01,3.329968910217284872e+01,2.958158111572265625e+01,3.329969215393066406e+01,9.493246674537658691e-01,9.486813247203826904e-01,1.127585649490356445e+00,1.183495616912841886e+00,2.646684837341308594e+01,3.009697494506836080e+01,6.926057338714599609e-01,6.930420577526092973e-01,3.452147245407104492e-01,3.774943262338638084e-01,2.569842308730585501e-06,2.569842308730585501e-06
4.355322265625000000e+01,3.321434059143066264e+01,4.355322647094726562e+01,3.321434364318847798e+01,9.508382678031921387e-01,9.485177874565124956e-01,1.234018564224243164e+00,1.184771239757537842e+00,4.027397537231445312e+01,3.001371345520019673e+01,6.885978579521179199e-01,6.910528600215911643e-01,4.057924747467041016e-01,3.762841850519180187e-01,2.569969637988833711e-06,2.569969637988833711e-06
3.592345809936523438e+01,3.311344070434570597e+01,3.592346191406250000e+01,3.311344375610351420e+01,9.459415674209594727e-01,9.483645200729370339e-01,1.163935303688049316e+00,1.185949921607971191e+00,3.278857040405273438e+01,2.991501789093017649e+01,6.836214661598205566e-01,6.890601754188537820e-01,3.413892686367034912e-01,3.750477969646454079e-01,2.570089009168441407e-06,2.570089009168441407e-06
3.269406127929687500e+01,3.302452316284179545e+01,3.269406509399414062e+01,3.302452621459961080e+01,9.474389553070068359e-01,9.481982231140136941e-01,1.188647270202636719e+00,1.187284028530120938e+00,2.946800613403320312e+01,2.982815761566162038e+01,6.880567669868469238e-01,6.870578408241272417e-01,4.019142389297485352e-01,3.738263010978698508e-01,2.570212473074207082e-06,2.570212473074207082e-06
2.856490135192871094e+01,3.291579246520996094e+01,2.856490325927734375e+01,3.291579551696777628e+01,9.509151577949523926e-01,9.480337202548980713e-01,1.185543894767761230e+00,1.188610577583312899e+00,2.533651542663574219e+01,2.972149906158447408e+01,6.912953257560729980e-01,6.850406646728515181e-01,4.006302952766418457e-01,3.726082146167755127e-01,2.570334345364244655e-06,2.570334345364244655e-06
3.301158142089843750e+01,3.279628677368164347e+01,3.301158523559570312e+01,3.279628982543945170e+01,9.460067152976989746e-01,9.478544116020202193e-01,1.222132325172424316e+00,1.190311360359191939e+00,2.977691650390625000e+01,2.960370063781738281e+01,6.887795329093933105e-01,6.829625129699706809e-01,3.777474462985992432e-01,3.714578390121460183e-01,2.570467131590703502e-06,2.570467131590703502e-06
3.455162811279296875e+01,3.268942451477050781e+01,3.455163192749023438e+01,3.268942756652832315e+01,9.450824260711669922e-01,9.476946651935577171e-01,1.208059191703796387e+00,1.191685628890991167e+00,3.138650321960449219e+01,2.949889297485351491e+01,6.740984320640563965e-01,6.809154808521270530e-01,3.378811776638031006e-01,3.702355533838271873e-01,2.570598326201434247e-06,2.570598326201434247e-06
3.614641571044921875e+01,3.257680454254150249e+01,3.614641952514648438e+01,3.257680759429931783e+01,9.378411173820495605e-01,9.475300014019012451e-01,1.171423196792602539e+00,1.193070197105407626e+00,3.301993179321289062e+01,2.938833141326904297e+01,6.564511656761169434e-01,6.788325726985930952e-01,3.607685863971710205e-01,3.690405845642089622e-01,2.570728838691138662e-06,2.570728838691138662e-06
3.441310501098632812e+01,3.248378963470459269e+01,3.441310882568359375e+01,3.248379268646240092e+01,9.450743198394775391e-01,9.473497152328491655e-01,1.181622505187988281e+00,1.194529712200164795e+00,3.130106925964355469e+01,2.929730243682861257e+01,6.659940481185913086e-01,6.767325699329376221e-01,3.193469345569610596e-01,3.678746193647384755e-01,2.570865490270080045e-06,2.570865490270080045e-06
3.164345169067382812e+01,3.239465999603271484e+01,3.164345359802246094e+01,3.239466304779053019e+01,9.379171729087829590e-01,9.471559226512908936e-01,1.136616587638854980e+00,1.196179640293121293e+00,2.854820251464843750e+01,2.920996932983398509e+01,6.744897365570068359e-01,6.746080815792083740e-01,3.462248146533966064e-01,3.667467534542083740e-01,2.571005779827828519e-06,2.571005779827828519e-06
4.046737670898437500e+01,3.230364856719970845e+01,4.046738052368164062e+01,3.230365161895751669e+01,9.375942945480346680e-01,9.469937086105346680e-01,1.204936265945434570e+00,1.197512543201446622e+00,3.731253433227539062e+01,2.912106475830078267e+01,6.684823632240295410e-01,6.725207507610321267e-01,3.438317477703094482e-01,3.655571967363357433e-01,2.571134245954453945e-06,2.571134245954453945e-06
3.910994720458984375e+01,3.219250221252441690e+01,3.910995101928710938e+01,3.219250526428222514e+01,9.466228485107421875e-01,9.468374252319335938e-01,1.220690250396728516e+00,1.198815941810607910e+00,3.590786743164062500e+01,2.901208915710449077e+01,6.688189506530761719e-01,6.704155266284942405e-01,3.659459352493286133e-01,3.643445044755935780e-01,2.571257255112868734e-06,2.571257255112868734e-06
3.292577362060546875e+01,3.208501853942870952e+01,3.292577743530273438e+01,3.208502159118652486e+01,9.525231122970581055e-01,9.466726362705231157e-01,1.234128713607788086e+00,1.200214660167694181e+00,2.968238067626953125e+01,2.890666561126709055e+01,6.768971085548400879e-01,6.682828009128570779e-01,3.798445761203765869e-01,3.631823182106018177e-01,2.571382992755388841e-06,2.571382992755388841e-06
3.261774444580078125e+01,3.196770095825195312e+01,3.261774826049804688e+01,3.196770401000976491e+01,9.499399065971374512e-01,9.464976847171783225e-01,1.211947798728942871e+00,1.201801621913909823e+00,2.945023155212402344e+01,2.879122619628906321e+01,6.707842946052551270e-01,6.661183238029479980e-01,3.348399400711059570e-01,3.620573908090591320e-01,2.571518052718602121e-06,2.571518052718602121e-06
2.911663627624511719e+01,3.183898639678955078e+01,2.911663818359375000e+01,3.183898944854736257e+01,9.445825219154357910e-01,9.463394701480865034e-01,1.151479721069335938e+00,1.202924931049346835e+00,2.604634475708007812e+01,2.866489048004150320e+01,6.549758315086364746e-01,6.639784395694732222e-01,3.192540407180786133e-01,3.608532190322876199e-01,2.571647200966253877e-06,2.571647200966253877e-06
2.304182052612304688e+01,3.172082653045654155e+01,2.304182243347167969e+01,3.172082939147949077e+01,9.522911906242370605e-01,9.461683869361877663e-01,1.197805523872375488e+00,1.204367053508758501e+00,1.984566879272460938e+01,2.854877777099609304e+01,6.765745282173156738e-01,6.618063867092132124e-01,3.694793581962585449e-01,3.597068428993225320e-01,2.571774757598177530e-06,2.571774757598177530e-06
2.967245864868164062e+01,3.161956405639648438e+01,2.967246055603027344e+01,3.161956691741943359e+01,9.460481405258178711e-01,9.459945440292358843e-01,1.170597076416015625e+00,1.205861532688140780e+00,2.652775192260742188e+01,2.844951686859131001e+01,6.623361110687255859e-01,6.596520662307738814e-01,3.657236993312835693e-01,3.585395246744155773e-01,2.571903678472153842e-06,2.571903678472153842e-06
3.265786361694335938e+01,3.150756092071533132e+01,3.265786743164062500e+01,3.150756378173828054e+01,9.472869634628295898e-01,9.458029568195343018e-01,1.255852580070495605e+00,1.207688045501708940e+00,2.941231346130371094e+01,2.833921165466308523e+01,6.658489704132080078e-01,6.574539184570312722e-01,3.765612840652465820e-01,3.574046611785888783e-01,2.572043285908875987e-06,2.572043285908875987e-06
2.978882789611816406e+01,3.139166431427002024e+01,2.978882980346679688e+01,3.139166717529296946e+01,9.458940625190734863e-01,9.456303417682647705e-01,1.207219839096069336e+00,1.209119677543640137e+00,2.662805366516113281e+01,2.822541809082031250e+01,6.613372564315795898e-01,6.552829384803772195e-01,3.463238775730133057e-01,3.562136888504028320e-01,2.572176981630036607e-06,2.572176981630036607e-06
3.584921646118164062e+01,3.126423969268798686e+01,3.584922027587890625e+01,3.126424255371093608e+01,9.490804076194763184e-01,9.454578161239624023e-01,1.306553244590759277e+00,1.210823643207550093e+00,3.255407333374023438e+01,2.809979114532470845e+01,6.542804837226867676e-01,6.530637204647063987e-01,3.852266371250152588e-01,3.551039963960647694e-01,2.572302719272556715e-06,2.572302719272556715e-06
3.393979644775390625e+01,3.116577777862548970e+01,3.393980026245117188e+01,3.116578063964843892e+01,9.488956332206726074e-01,9.453019201755523682e-01,1.229053139686584473e+00,1.212002658843994052e+00,3.074856948852539062e+01,2.800365295410156108e+01,6.518748998641967773e-01,6.508905231952667458e-01,3.614039719104766846e-01,3.539296388626098633e-01,2.572423909441567957e-06,2.572423909441567957e-06
3.479568099975585938e+01,3.103788928985595774e+01,3.479568481445312500e+01,3.103789215087890696e+01,9.435128569602966309e-01,9.451392948627471702e-01,1.239590644836425781e+00,1.213491082191467285e+00,3.160532379150390625e+01,2.787779197692871236e+01,6.509909629821777344e-01,6.486675381660461648e-01,3.562634587287902832e-01,3.527991861104965432e-01,2.572545326984254643e-06,2.572545326984254643e-06
3.878779220581054688e+01,3.091208248138427805e+01,3.878779602050781250e+01,3.091208515167236470e+01,9.404013156890869141e-01,9.449934482574462447e-01,1.269996047019958496e+00,1.214680099487304599e+00,3.558619308471679688e+01,2.775432872772216797e+01,6.337621212005615234e-01,6.464908123016357422e-01,3.574397265911102295e-01,3.515891492366790549e-01,2.572667426647967659e-06,2.572667426647967659e-06
2.886157608032226562e+01,3.078527183532714773e+01,2.886157798767089844e+01,3.078527431488037180e+01,9.457383155822753906e-01,9.448242783546447754e-01,1.201798915863037109e+00,1.216264283657074063e+00,2.574649620056152344e+01,2.762946434020996023e+01,6.352160573005676270e-01,6.442499577999114546e-01,3.323260545730590820e-01,3.504690527915954590e-01,2.572788616816978902e-06,2.572788616816978902e-06
2.292885971069335938e+01,3.066229457855224538e+01,2.292886161804199219e+01,3.066229686737060689e+01,9.394869208335876465e-01,9.446663260459899902e-01,1.138403892517089844e+00,1.217544162273406894e+00,1.992023086547851562e+01,2.750874710083007812e+01,6.421569585800170898e-01,6.420467138290405495e-01,2.885810434818267822e-01,3.492907434701919556e-01,2.572908215370262042e-06,2.572908215370262042e-06
2.966808891296386719e+01,3.051290397644043040e+01,2.966809082031250000e+01,3.051290626525878835e+01,9.414018392562866211e-01,9.444715499877929243e-01,1.256971597671508789e+00,1.219529128074646085e+00,2.651427650451660156e+01,2.736092853546142578e+01,6.286550164222717285e-01,6.397300362586975098e-01,3.267837464809417725e-01,3.482452630996704102e-01,2.573040092102019116e-06,2.573040092102019116e-06
2.798070335388183594e+01,3.038536739349365234e+01,2.798070526123046875e+01,3.038536968231201030e+01,9.533165097236633301e-01,9.443207204341887984e-01,1.221572279930114746e+00,1.220779144763946444e+00,2.482230186462402344e+01,2.723571186065673899e+01,6.465687751770019531e-01,6.375068724155426025e-01,3.369441926479339600e-01,3.470488369464874157e-01,2.573168330854969099e-06,2.573168330854969099e-06
4.144695281982421875e+01,3.025340862274169851e+01,4.144695663452148438e+01,3.025341091156006001e+01,9.370889067649841309e-01,9.441557824611663818e-01,1.279584169387817383e+00,1.222208404541015536e+00,3.821536636352539062e+01,2.710589103698730540e+01,6.253668665885925293e-01,6.352294623851776345e-01,3.895453214645385742e-01,3.459242105484008900e-01,2.573295660113217309e-06,2.573295660113217309e-06
2.619082832336425781e+01,3.013397350311279155e+01,2.619083023071289062e+01,3.013397579193115305e+01,9.549421668052673340e-01,9.439733862876892312e-01,1.273575663566589355e+00,1.223655533790588334e+00,2.301005363464355469e+01,2.698857421874999929e+01,6.455562114715576172e-01,6.329296708106995073e-01,3.067021667957305908e-01,3.448406487703323253e-01,2.573430265329079702e-06,2.573430265329079702e-06
4.092926406860351562e+01,3.001818256378173899e+01,4.092926788330078125e+01,3.001818485260009695e+01,9.392548203468322754e-01,9.437745571136474387e-01,1.244606375694274902e+00,1.225390291213989347e+00,3.773620605468750000e+01,2.687462368011474467e+01,6.131563782691955566e-01,6.306067883968353716e-01,3.960408866405487061e-01,3.437870174646377452e-01,2.573568053776398301e-06,2.573568053776398301e-06
3.214560699462890625e+01,2.989905700683593892e+01,3.214561080932617188e+01,2.989905929565429688e+01,9.338621497154235840e-01,9.436072528362273726e-01,1.267262935638427734e+00,1.226882171630859331e+00,2.898802375793457031e+01,2.675756626129150462e+01,6.283566951751708984e-01,6.283221364021300825e-01,3.281007707118988037e-01,3.426792263984680398e-01,2.573698793639778160e-06,2.573698793639778160e-06
3.550178527832031250e+01,2.978190994262695312e+01,3.550178909301757812e+01,2.978191223144531108e+01,9.497070312500000000e-01,9.434546470642090066e-01,1.307001352310180664e+00,1.228228282928466752e+00,3.222977066040039062e+01,2.664265403747558736e+01,6.409896612167358398e-01,6.260644853115081565e-01,3.743124306201934814e-01,3.415087699890136941e-01,2.573820211182464845e-06,2.573820211182464845e-06
2.711351203918457031e+01,2.965586109161376882e+01,2.711351394653320312e+01,2.965586318969726420e+01,9.409204721450805664e-01,9.432726740837097390e-01,1.230627894401550293e+00,1.230030298233032227e+00,2.396418762207031250e+01,2.651836624145507670e+01,6.277429461479187012e-01,6.237181127071380615e-01,3.500325679779052734e-01,3.404734671115875466e-01,2.573942310846177861e-06,2.573942310846177861e-06
3.499866104125976562e+01,2.952391662597656108e+01,3.499866485595703125e+01,2.952391872406006001e+01,9.476788043975830078e-01,9.430960953235626443e-01,1.378273487091064453e+00,1.231748282909393311e+00,3.162631225585937500e+01,2.638826751708984375e+01,6.354576945304870605e-01,6.213795602321624534e-01,4.109407663345336914e-01,3.394255965948104747e-01,2.574072368588531390e-06,2.574072368588531390e-06
3.575821304321289062e+01,2.938161964416503835e+01,3.575821685791015625e+01,2.938162155151367116e+01,9.323125481605529785e-01,9.429271876811980979e-01,1.227051496505737305e+00,1.233058393001556396e+00,3.263828277587890625e+01,2.624826602935791087e+01,6.092076301574707031e-01,6.190538048744201882e-01,3.513590991497039795e-01,3.383142739534378274e-01,2.574203790572937578e-06,2.574203790572937578e-06
3.274848175048828125e+01,2.924566040039062642e+01,3.274848556518554688e+01,2.924566230773925923e+01,9.442459344863891602e-01,9.427435517311095747e-01,1.279131293296813965e+00,1.234760606288909823e+00,2.953907203674316406e+01,2.611419410705566335e+01,6.217391490936279297e-01,6.166941463947296365e-01,3.642907738685607910e-01,3.372681111097335926e-01,2.574337031546747312e-06,2.574337031546747312e-06
2.741001892089843750e+01,2.912426223754882670e+01,2.741002082824707031e+01,2.912426414489745952e+01,9.435572624206542969e-01,9.425588071346282515e-01,1.278469681739807129e+00,1.236501419544219882e+00,2.427316856384277344e+01,2.599463367462158203e+01,6.101501584053039551e-01,6.143605649471283181e-01,3.046745061874389648e-01,3.362076759338378795e-01,2.574466407168074511e-06,2.574466407168074511e-06
2.749115562438964844e+01,2.900501518249511790e+01,2.749115753173828125e+01,2.900501708984375071e+01,9.494743347167968750e-01,9.423645615577698198e-01,1.240216374397277832e+00,1.238321220874786466e+00,2.435852813720703125e+01,2.587717208862304830e+01,6.103933453559875488e-01,6.120155811309814231e-01,3.325445950031280518e-01,3.351424157619476429e-01,2.574598966020857915e-06,2.574598966020857915e-06
2.283216667175292969e+01,2.888010826110839702e+01,2.283216857910156250e+01,2.888011016845702983e+01,9.404718875885009766e-01,9.421872198581695557e-01,1.224396586418151855e+00,1.239813625812530518e+00,1.972480964660644531e+01,2.575438137054443288e+01,6.214273571968078613e-01,6.097043633460998979e-01,3.210598230361938477e-01,3.340217024087905884e-01,2.574733116489369422e-06,2.574733116489369422e-06
3.706461715698242188e+01,2.874517765045165874e+01,3.706462097167968750e+01,2.874517955780029155e+01,9.424589276313781738e-01,9.419980883598327859e-01,1.291821479797363281e+00,1.241912162303924649e+00,3.386227035522460938e+01,2.562093372344970632e+01,6.058767437934875488e-01,6.073083341121673362e-01,3.621914684772491455e-01,3.330254793167114480e-01,2.574858626758214086e-06,2.574858626758214086e-06
3.068302154541015625e+01,2.863173770904541016e+01,3.068302345275878906e+01,2.863173961639404297e+01,9.504980444908142090e-01,9.418180942535400169e-01,1.271131157875061035e+00,1.243488395214080722e+00,2.748970603942871094e+01,2.550948410034179759e+01,6.041389703750610352e-01,6.049512982368469016e-01,3.675477504730224609e-01,3.319955050945281871e-01,2.574978907432523556e-06,2.574978907432523556e-06
3.288758087158203125e+01,2.850932369232177876e+01,3.288758468627929688e+01,2.850932559967041158e+01,9.393045306205749512e-01,9.416608512401580811e-01,1.329804897308349609e+00,1.244986927509307950e+00,2.966375350952148438e+01,2.538916015625000000e+01,6.020369529724121094e-01,6.026087343692779763e-01,3.526796400547027588e-01,3.309074729681015237e-01,2.575098278612131253e-06,2.575098278612131253e-06
2.777034950256347656e+01,2.837063922882079936e+01,2.777035140991210938e+01,2.837064113616943217e+01,9.468791484832763672e-01,9.415140628814697710e-01,1.213097929954528809e+00,1.246240305900573775e+00,2.466227912902832031e+01,2.525282268524169993e+01,6.139631867408752441e-01,6.002753555774689165e-01,3.341302573680877686e-01,3.297869086265564076e-01,2.575214011812931858e-06,2.575214011812931858e-06
2.613497161865234375e+01,2.823091812133788991e+01,2.613497352600097656e+01,2.823092002868652273e+01,9.464178681373596191e-01,9.413294911384582075e-01,1.259780049324035645e+00,1.248174810409545810e+00,2.301521110534667969e+01,2.511476306915283274e+01,5.994856953620910645e-01,5.978693246841431108e-01,3.140770792961120605e-01,3.287813663482666016e-01,2.575337475718697533e-06,2.575337475718697533e-06
2.267122650146484375e+01,2.810221824645996236e+01,2.267122840881347656e+01,2.810222015380859517e+01,9.336422681808471680e-01,9.411803543567657249e-01,1.152074337005615234e+00,1.249377632141113192e+00,1.973100662231445312e+01,2.498845920562744283e+01,5.833348035812377930e-01,5.955378353595733865e-01,2.711696326732635498e-01,3.276636600494384766e-01,2.575452754172147252e-06,2.575452754172147252e-06
3.364304351806640625e+01,2.795175189971923757e+01,3.364304733276367188e+01,2.795175380706787038e+01,9.359417557716369629e-01,9.409805476665497048e-01,1.291020274162292480e+00,1.251527512073516757e+00,3.050478172302246094e+01,2.483945503234863139e+01,5.957757830619812012e-01,5.930766761302947998e-01,3.155255019664764404e-01,3.267118424177170022e-01,2.575580310804070905e-06,2.575580310804070905e-06
3.257740402221679688e+01,2.781124744415283345e+01,3.257740783691406250e+01,2.781124935150146626e+01,9.360679388046264648e-01,9.408190548419952393e-01,1.294000029563903809e+00,1.253195452690124556e+00,2.942729759216308594e+01,2.470087604522705149e+01,5.834504365921020508e-01,5.906770765781402810e-01,3.365874588489532471e-01,3.256803512573241965e-01,2.575707412688643672e-06,2.575707412688643672e-06
2.804089164733886719e+01,2.767333774566650462e+01,2.804089355468750000e+01,2.767333965301513743e+01,9.434370994567871094e-01,9.406671345233916792e-01,1.290488243103027344e+00,1.254434049129486084e+00,2.490085792541503906e+01,2.456535434722900391e+01,5.874210000038146973e-01,5.882990062236785889e-01,3.186873495578765869e-01,3.245825648307800182e-01,2.575831103968084790e-06,2.575831103968084790e-06
3.055339622497558594e+01,2.754450817108154226e+01,3.055339813232421875e+01,2.754451007843017507e+01,9.399197101593017578e-01,9.404774129390716109e-01,1.228726863861083984e+00,1.255926954746246382e+00,2.750507354736328125e+01,2.443862934112548757e+01,5.803200006484985352e-01,5.858755648136139138e-01,2.993570268154144287e-01,3.235982328653335682e-01,2.575962298578815535e-06,2.575962298578815535e-06
3.327730178833007812e+01,2.741826114654541158e+01,3.327730560302734375e+01,2.741826305389404439e+01,9.285205006599426270e-01,9.402758896350860152e-01,1.370984315872192383e+00,1.257806468009948775e+00,3.004945755004882812e+01,2.431414260864257670e+01,5.702120065689086914e-01,5.834240555763244851e-01,3.581260442733764648e-01,3.226123929023742565e-01,2.576093265815870836e-06,2.576093265815870836e-06
3.234889602661132812e+01,2.729389953613281250e+01,3.234889984130859375e+01,2.729390144348144531e+01,9.388647675514221191e-01,9.400962352752685325e-01,1.361099839210510254e+00,1.259633123874664307e+00,2.912368583679199219e+01,2.419152450561523438e+01,5.881062150001525879e-01,5.809967577457427756e-01,3.371397256851196289e-01,3.216487795114517101e-01,2.576218548711040057e-06,2.576218548711040057e-06
2.955605125427246094e+01,2.717140903472900249e+01,2.955605316162109375e+01,2.717141094207763530e+01,9.441632628440856934e-01,9.399352490901946577e-01,1.231030464172363281e+00,1.261134660243988126e+00,2.648685836791992188e+01,2.407114944458007955e+01,5.778238773345947266e-01,5.786086082458495872e-01,3.161750435829162598e-01,3.205812960863113625e-01,2.576337919890647754e-06,2.576337919890647754e-06
2.574667358398437500e+01,2.704796562194824361e+01,2.574667549133300781e+01,2.704796752929687642e+01,9.366318583488464355e-01,9.397571146488189475e-01,1.245294094085693359e+00,1.262864887714385986e+00,2.269515991210937500e+01,2.394955577850341655e+01,5.774085521697998047e-01,5.761725425720214400e-01,2.921791374683380127e-01,3.196148246526718251e-01,2.576457745817606337e-06,2.576457745817606337e-06
2.553684043884277344e+01,2.691554946899413991e+01,2.553684234619140625e+01,2.691555137634277273e+01,9.423565864562988281e-01,9.395773828029632124e-01,1.232087612152099609e+00,1.264747154712676958e+00,2.249293708801269531e+01,2.381884021759033132e+01,5.739160776138305664e-01,5.737105488777161089e-01,2.955441474914550781e-01,3.186739116907119640e-01,2.576581209723372012e-06,2.576581209723372012e-06
2.715180015563964844e+01,2.677803535461425710e+01,2.715180206298828125e+01,2.677803726196288991e+01,9.446542263031005859e-01,9.394038856029510720e-01,1.305104970932006836e+00,1.266080999374389560e+00,2.402909469604492188e+01,2.368360061645507741e+01,5.637058615684509277e-01,5.712763130664825217e-01,3.092406392097473145e-01,3.176737606525421032e-01,2.576706265244865790e-06,2.576706265244865790e-06
2.967780303955078125e+01,2.664870643615722656e+01,2.967780494689941406e+01,2.664870834350585938e+01,9.398751854896545410e-01,9.392170011997222900e-01,1.282184243202209473e+00,1.267759978771209717e+00,2.658553314208984375e+01,2.355620231628417827e+01,5.580799579620361328e-01,5.688274145126342995e-01,3.121290504932403564e-01,3.166993081569671742e-01,2.576833367129438557e-06,2.576833367129438557e-06
2.598614692687988281e+01,2.653446464538574290e+01,2.598614883422851562e+01,2.653446655273437571e+01,9.351915717124938965e-01,9.390392065048217551e-01,1.324221253395080566e+00,1.269473564624786333e+00,2.283048629760742188e+01,2.344383049011230469e+01,5.819205641746520996e-01,5.664161086082458718e-01,3.143272101879119873e-01,3.157054007053375355e-01,2.576955921540502459e-06,2.576955921540502459e-06
3.042056083679199219e+01,2.641275062561035014e+01,3.042056274414062500e+01,2.641275253295898295e+01,9.302973151206970215e-01,9.388366043567657471e-01,1.321000695228576660e+00,1.271635842323303178e+00,2.724979591369628906e+01,2.332354888916015767e+01,5.645227432250976562e-01,5.639618456363677534e-01,3.549435436725616455e-01,3.147678732872009055e-01,2.577082796051399782e-06,2.577082796051399782e-06
2.064800453186035156e+01,2.628248996734619070e+01,2.064800643920898438e+01,2.628249187469482351e+01,9.343105554580688477e-01,9.386469781398772971e-01,1.196850538253784180e+00,1.273411989212036133e+00,1.769152069091796875e+01,2.319511528015136648e+01,5.604074001312255859e-01,5.615506172180175781e-01,2.649147510528564453e-01,3.137650102376937644e-01,2.577212626420077868e-06,2.577212626420077868e-06
2.674994468688964844e+01,2.614717063903808736e+01,2.674994659423828125e+01,2.614717254638672017e+01,9.388263225555419922e-01,9.384689867496490701e-01,1.326464176177978516e+00,1.275376737117767334e+00,2.363977241516113281e+01,2.306143016815185476e+01,5.599449872970581055e-01,5.590957105159759521e-01,2.849368155002593994e-01,3.127988070249557717e-01,2.577332224973361008e-06,2.577332224973361008e-06
2.649906539916992188e+01,2.602959537506103516e+01,2.649906730651855469e+01,2.602959728240966797e+01,9.459038376808166504e-01,9.382976055145263450e-01,1.285670280456542969e+00,1.276814103126525879e+00,2.337911796569824219e+01,2.294597682952881001e+01,5.676058530807495117e-01,5.566622853279113992e-01,3.207687735557556152e-01,3.118448972702026478e-01,2.577446593932108954e-06,2.577446593932108954e-06
2.435909080505371094e+01,2.590812740325927876e+01,2.435909271240234375e+01,2.590812931060791158e+01,9.341996908187866211e-01,9.381262958049774170e-01,1.244149208068847656e+00,1.278487217426300004e+00,2.129922676086425781e+01,2.282642192840576101e+01,5.655405521392822266e-01,5.542329370975493941e-01,3.159748613834381104e-01,3.108584284782409668e-01,2.577561417638207786e-06,2.577561417638207786e-06
2.483496284484863281e+01,2.577616367340088033e+01,2.483496475219726562e+01,2.577616558074951314e+01,9.457266330718994141e-01,9.379734873771667925e-01,1.306379079818725586e+00,1.279948925971984952e+00,2.170637893676757812e+01,2.269657630920410085e+01,5.591060519218444824e-01,5.518136918544769287e-01,3.173722326755523682e-01,3.098512083292007668e-01,2.577673058112850413e-06,2.577673058112850413e-06
2.240059661865234375e+01,2.564596672058105398e+01,2.240059852600097656e+01,2.564596862792968679e+01,9.411253929138183594e-01,9.377691924571991411e-01,1.315791845321655273e+00,1.282219409942626953e+00,1.925091552734375000e+01,2.256769046783447408e+01,5.545676350593566895e-01,5.493238210678100808e-01,3.381949365139007568e-01,3.089637070894241111e-01,2.577791292424080893e-06,2.577791292424080893e-06
2.035771369934082031e+01,2.552288570404052592e+01,2.035771560668945312e+01,2.552288761138915874e+01,9.480261206626892090e-01,9.375884115695953813e-01,1.283522367477416992e+00,1.284073626995086759e+00,1.725749588012695312e+01,2.244631938934326243e+01,5.614798665046691895e-01,5.468709349632263628e-01,3.071894943714141846e-01,3.080336302518844604e-01,2.577903842393425293e-06,2.577903842393425293e-06
2.668691825866699219e+01,2.539081211090087820e+01,2.668692016601562500e+01,2.539081401824951101e+01,9.403861761093139648e-01,9.373831748962402344e-01,1.332449316978454590e+00,1.286464691162109375e+00,2.350709533691406250e+01,2.231542091369628977e+01,5.510566234588623047e-01,5.443690061569214089e-01,3.559314608573913574e-01,3.071739226579666138e-01,2.578025714683462866e-06,2.578025714683462866e-06
2.160987663269042969e+01,2.526287364959716797e+01,2.160987854003906250e+01,2.526287555694580078e+01,9.393250346183776855e-01,9.372199356555939165e-01,1.244661092758178711e+00,1.288340330123901367e+00,1.860928153991699219e+01,2.218916473388672017e+01,5.375627875328063965e-01,5.419199347496033159e-01,2.790443301200866699e-01,3.062288284301757924e-01,2.578144631115719676e-06,2.578144631115719676e-06
3.002889060974121094e+01,2.513855991363525533e+01,3.002889251708984375e+01,2.513856182098388814e+01,9.366962909698486328e-01,9.370598793029785156e-01,1.320967555046081543e+00,1.289659929275512651e+00,2.693183517456054688e+01,2.206711273193359446e+01,5.440598130226135254e-01,5.394822418689727561e-01,2.953328788280487061e-01,3.052451789379119762e-01,2.578264684416353703e-06,2.578264684416353703e-06
2.014513778686523438e+01,2.502373294830322337e+01,2.014513969421386719e+01,2.502373485565185618e+01,9.404629468917846680e-01,9.368776977062225342e-01,1.204976201057434082e+00,1.290977013111114458e+00,1.720081710815429688e+01,2.195452136993408132e+01,5.360270142555236816e-01,5.370363950729369895e-01,2.628540694713592529e-01,3.043207436800002830e-01,2.578389285190496594e-06,2.578389285190496594e-06
2.355038261413574219e+01,2.469014015197753764e+01,2.355038452148437500e+01,2.469014205932617045e+01,9.407032728195190430e-01,9.374380052089691384e-01,1.310670852661132812e+00,1.277687513828277499e+00,2.040653419494628906e+01,2.163451786041259695e+01,5.558881759643554688e-01,5.376846253871917503e-01,3.365836441516876221e-01,3.028121381998062356e-01,2.578278781584231183e-06,2.578278781584231183e-06
2.432044410705566406e+01,2.435849838256836009e+01,2.432044601440429688e+01,2.435850028991699290e+01,9.310645461082458496e-01,9.380453705787659135e-01,1.251812815666198730e+00,1.264637970924377353e+00,2.132642555236816406e+01,2.131585083007812642e+01,5.359046459197998047e-01,5.383769035339355247e-01,2.752377986907958984e-01,3.015873730182647705e-01,2.578165322120185010e-06,2.578165322120185010e-06
2.834034538269042969e+01,2.403814830780029155e+01,2.834034729003906250e+01,2.403815021514892436e+01,9.379580020904541016e-01,9.386699855327605979e-01,1.275694608688354492e+00,1.252159476280212402e+00,2.526578330993652344e+01,2.100769863128662251e+01,5.293223857879638672e-01,5.390724599361419456e-01,3.315881490707397461e-01,3.005477011203765980e-01,2.578052317403489724e-06,2.578052317403489724e-06
1.743265724182128906e+01,2.373009052276611186e+01,1.743265914916992188e+01,2.373009243011474467e+01,9.422299265861511230e-01,9.392612159252167192e-01,1.171461939811706543e+00,1.240701937675475985e+00,1.451114654541015625e+01,2.071075630187988281e+01,5.409877896308898926e-01,5.397142708301544411e-01,2.668321430683135986e-01,2.996566951274871604e-01,2.577944769655005075e-06,2.577944769655005075e-06
2.486878776550292969e+01,2.344578399658202983e+01,2.486878967285156250e+01,2.344578590393066264e+01,9.421379566192626953e-01,9.398307740688324197e-01,1.309641480445861816e+00,1.230272972583770663e+00,2.174055290222167969e+01,2.043653964996337891e+01,5.518538951873779297e-01,5.402890205383300559e-01,3.246013224124908447e-01,2.988509923219681008e-01,2.577845634732511826e-06,2.577845634732511826e-06
2.594002532958984375e+01,2.316780204772949148e+01,2.594002723693847656e+01,2.316780395507812429e+01,9.423136711120605469e-01,9.404127538204193337e-01,1.238646149635314941e+00,1.219767844676971524e+00,2.291291046142578125e+01,2.016865253448486328e+01,5.397685766220092773e-01,5.408720374107360840e-01,3.063876032829284668e-01,2.980970293283462524e-01,2.577746954557369463e-06,2.577746954557369463e-06
2.487460136413574219e+01,2.287565212249755930e+01,2.487460327148437500e+01,2.287565402984619212e+01,9.410740733146667480e-01,9.410199344158172163e-01,1.181714415550231934e+00,1.209520399570465088e+00,2.191484832763671875e+01,1.988624172210693430e+01,5.409107208251953125e-01,5.414850711822509766e-01,2.960545122623443604e-01,2.973854035139084084e-01,2.577642817414016463e-06,2.577642817414016463e-06
2.285360908508300781e+01,2.259080581665039134e+01,2.285361099243164062e+01,2.259080772399902415e+01,9.366266131401062012e-01,9.416211366653441939e-01,1.197015881538391113e+00,1.199967229366302401e+00,1.989583969116210938e+01,1.961044635772704936e+01,5.366821885108947754e-01,5.420849144458770308e-01,2.874441444873809814e-01,2.966861605644225963e-01,2.577537088654935360e-06,2.577537088654935360e-06
2.789701461791992188e+01,2.233088951110839915e+01,2.789701652526855469e+01,2.233089141845703196e+01,9.396428465843200684e-01,9.422002613544464555e-01,1.229974269866943359e+00,1.191053092479705811e+00,2.484810829162597656e+01,1.935897521972656321e+01,5.400760173797607422e-01,5.426225662231445312e-01,3.392139077186584473e-01,2.960387378931045310e-01,2.577440227469196543e-06,2.577440227469196543e-06
1.620949554443359375e+01,2.208774890899658061e+01,1.620949745178222656e+01,2.208775081634521342e+01,9.491875171661376953e-01,9.427702605724335161e-01,1.173535227775573730e+00,1.182609498500823975e+00,1.326745605468750000e+01,1.912382259368896342e+01,5.510725975036621094e-01,5.431202590465545876e-01,2.682433426380157471e-01,2.954263210296630970e-01,2.577347913756966591e-06,2.577347913756966591e-06
2.743228721618652344e+01,2.184260253906250071e+01,2.743228912353515625e+01,2.184260444641113352e+01,9.375089406967163086e-01,9.433533012866973655e-01,1.256821393966674805e+00,1.174583697319030673e+00,2.435006904602050781e+01,1.888618621826172017e+01,5.547333359718322754e-01,5.436260163784026878e-01,3.331552147865295410e-01,2.948540210723876731e-01,2.577251734692254104e-06,2.577251734692254104e-06
1.963664245605468750e+01,2.157764186859130717e+01,1.963664436340332031e+01,2.157764377593993999e+01,9.523794651031494141e-01,9.439655184745788796e-01,1.204098343849182129e+00,1.166387736797332764e+00,1.667560768127441406e+01,1.862882881164550852e+01,5.479069352149963379e-01,5.441578030586242676e-01,2.566511034965515137e-01,2.943023175001144298e-01,2.577153509264462627e-06,2.577153509264462627e-06
2.660696601867675781e+01,2.132581806182861328e+01,2.660696792602539062e+01,2.132581996917724609e+01,9.393647909164428711e-01,9.445725798606872115e-01,1.188778519630432129e+00,1.158682990074157759e+00,2.362665176391601562e+01,1.838411312103271555e+01,5.410230159759521484e-01,5.446615457534790261e-01,3.111472427845001221e-01,2.937871426343917625e-01,2.577060513431206346e-06,2.577060513431206346e-06
2.271450996398925781e+01,2.108909740447997905e+01,2.271451187133789062e+01,2.108909931182861186e+01,9.434115886688232422e-01,9.451842844486236794e-01,1.178157091140747070e+00,1.151345705986023038e+00,1.970553779602050781e+01,1.815414133071899272e+01,5.572414398193359375e-01,5.451480984687805398e-01,3.301623165607452393e-01,2.932780712842941173e-01,2.576968654466327280e-06,2.576968654466327280e-06
1.995254898071289062e+01,2.086622714996337891e+01,1.995255088806152344e+01,2.086622905731201172e+01,9.530727863311767578e-01,9.457612931728363037e-01,1.160265088081359863e+00,1.144534099102020308e+00,1.698801612854003906e+01,1.793750762939453125e+01,5.521543622016906738e-01,5.456040740013122781e-01,2.990395724773406982e-01,2.928196579217910989e-01,2.576879978732904419e-06,2.576879978732904419e-06
1.711139297485351562e+01,2.065573749542236470e+01,1.711139488220214844e+01,2.065573940277099751e+01,9.557732343673706055e-01,9.463097751140594482e-01,1.120463013648986816e+00,1.138243305683136031e+00,1.419471645355224609e+01,1.773275995254516602e+01,5.404120087623596191e-01,5.460241734981536865e-01,3.000276684761047363e-01,2.924004167318344227e-01,2.576794713604613207e-06,2.576794713604613207e-06
2.201545906066894531e+01,2.046597442626953267e+01,2.201546096801757812e+01,2.046597633361816548e+01,9.438799023628234863e-01,9.468104064464568648e-01,1.167952656745910645e+00,1.132660496234893843e+00,1.906663322448730469e+01,1.754812583923339986e+01,5.443980693817138672e-01,5.463718593120574507e-01,2.925954759120941162e-01,2.920059710741043091e-01,2.576718543423339725e-06,2.576718543423339725e-06
2.544242858886718750e+01,2.026654663085937358e+01,2.544243049621582031e+01,2.026654853820800639e+01,9.487970471382141113e-01,9.473469197750091775e-01,1.161903738975524902e+00,1.126983582973480225e+00,2.249518585205078125e+01,1.735386838912963725e+01,5.384659767150878906e-01,5.467425048351287620e-01,2.980766296386718750e-01,2.916046321392059548e-01,2.576639190010610037e-06,2.576639190010610037e-06
1.878799247741699219e+01,2.005830936431884837e+01,1.878799438476562500e+01,2.005831127166748118e+01,9.423488378524780273e-01,9.479119777679443359e-01,1.092795968055725098e+00,1.121116149425506636e+00,1.593267154693603516e+01,1.715093069076538157e+01,5.384761095046997070e-01,5.471402049064636453e-01,2.816997468471527100e-01,2.912109822034835704e-01,2.576556425992748700e-06,2.576556425992748700e-06
1.716393661499023438e+01,1.985040836334228587e+01,1.716393852233886719e+01,1.985041027069091868e+01,9.494418501853942871e-01,9.484640479087829146e-01,1.081949114799499512e+00,1.115429556369781583e+00,1.432338047027587891e+01,1.694817380905151438e+01,5.435053110122680664e-01,5.475179374217986616e-01,2.656607329845428467e-01,2.908233374357223622e-01,2.576477982074720785e-06,2.576477982074720785e-06
1.701611709594726562e+01,1.964562606811523438e+01,1.701611900329589844e+01,1.964562797546386719e+01,9.459146261215209961e-01,9.489927470684051958e-01,1.103664517402648926e+00,1.110151731967925937e+00,1.413018417358398438e+01,1.674813632965087962e+01,5.512140393257141113e-01,5.478812932968140093e-01,2.851399183273315430e-01,2.904642403125762828e-01,2.576400220277719200e-06,2.576400220277719200e-06
2.510171127319335938e+01,1.943275718688964915e+01,2.510171318054199219e+01,1.943275909423828196e+01,9.425343275070190430e-01,9.495539963245391846e-01,1.151055335998535156e+00,1.104897761344909579e+00,2.213803100585937500e+01,1.653991880416869975e+01,5.461424589157104492e-01,5.482770562171935813e-01,3.239487409591674805e-01,2.901092857122421487e-01,2.576315409896778874e-06,2.576315409896778874e-06
2.438572692871093750e+01,1.921844482421875000e+01,2.438572883605957031e+01,1.921844673156738281e+01,9.375251531600952148e-01,9.501423776149749978e-01,1.085301756858825684e+00,1.099694108963012784e+00,2.152759170532226562e+01,1.633015718460082866e+01,5.387032628059387207e-01,5.486919701099395308e-01,2.966050207614898682e-01,2.897593110799789318e-01,2.576226506789680570e-06,2.576226506789680570e-06
1.569777011871337891e+01,1.901251811981201101e+01,1.569777297973632812e+01,1.901252002716064382e+01,9.546481370925903320e-01,9.507007241249084695e-01,1.042915463447570801e+00,1.094842493534088135e+00,1.286965942382812500e+01,1.612848539352416921e+01,5.605081319808959961e-01,5.490700960159301536e-01,2.700396478176116943e-01,2.894195169210433960e-01,2.576142833277117461e-06,2.576142833277117461e-06
2.004479980468750000e+01,1.883242740631103374e+01,2.004480171203613281e+01,1.883242931365966655e+01,9.540358781814575195e-01,9.511899590492248757e-01,1.110943436622619629e+00,1.090665555000305265e+00,1.716182708740234375e+01,1.595212020874023473e+01,5.483038425445556641e-01,5.493634104728698508e-01,2.696890830993652344e-01,2.890879988670349010e-01,2.576071437943028286e-06,2.576071437943028286e-06
2.096177101135253906e+01,1.865982398986816548e+01,2.096177291870117188e+01,1.865982589721679830e+01,9.468865394592285156e-01,9.516991615295410378e-01,1.092353224754333496e+00,1.086441564559936568e+00,1.811742782592773438e+01,1.578324565887451136e+01,5.368028283119201660e-01,5.496543765068053755e-01,2.683015763759613037e-01,2.887828022241592518e-01,2.576002771093044430e-06,2.576002771093044430e-06
2.049636077880859375e+01,1.847674293518066335e+01,2.049636268615722656e+01,1.847674484252929616e+01,9.555375576019287109e-01,9.522100687026977539e-01,1.078579783439636230e+00,1.082303488254547030e+00,1.761325836181640625e+01,1.560378246307373118e+01,5.483603477478027344e-01,5.499677300453186257e-01,3.006244897842407227e-01,2.884789973497390858e-01,2.575928192527499050e-06,2.575928192527499050e-06
1.869242477416992188e+01,1.829575595855713033e+01,1.869242668151855469e+01,1.829575786590576314e+01,9.421037435531616211e-01,9.526966869831084983e-01,1.102204322814941406e+00,1.078411138057708829e+00,1.580625057220458984e+01,1.542620429992675746e+01,5.526396036148071289e-01,5.502774000167847124e-01,2.892268002033233643e-01,2.881658375263214111e-01,2.575852022346225567e-06,2.575852022346225567e-06
1.523010826110839844e+01,1.812624702453613423e+01,1.523011112213134766e+01,1.812624893188476705e+01,9.583754539489746094e-01,9.531545221805572954e-01,1.075977087020874023e+00,1.074813377857208208e+00,1.234900665283203125e+01,1.525986471176147496e+01,5.602531433105468750e-01,5.505552053451537864e-01,2.864965200424194336e-01,2.878589481115341187e-01,2.575779944891110063e-06,2.575779944891110063e-06
1.779263877868652344e+01,1.797084064483642507e+01,1.779264068603515625e+01,1.797084255218505788e+01,9.483419656753540039e-01,9.535921454429626687e-01,1.048119902610778809e+00,1.071364498138427823e+00,1.496868515014648438e+01,1.510751934051513601e+01,5.506814122200012207e-01,5.507993161678313987e-01,2.768092453479766846e-01,2.875653505325317383e-01,2.575713097030529752e-06,2.575713097030529752e-06
2.084939575195312500e+01,1.781708602905273509e+01,2.084939765930175781e+01,1.781708793640136790e+01,9.406606554985046387e-01,9.540110826492309570e-01,1.116902709007263184e+00,1.068119549751281649e+00,1.796210670471191406e+01,1.495665273666381800e+01,5.485604405403137207e-01,5.510328888893127885e-01,2.811640799045562744e-01,2.872696369886398315e-01,2.575644430180545896e-06,2.575644430180545896e-06
1.953786468505859375e+01,1.764637660980224609e+01,1.953786659240722656e+01,1.764637861251831197e+01,9.484993815422058105e-01,9.545167207717895064e-01,1.088424444198608398e+00,1.064615786075592041e+00,1.663069152832031250e+01,1.478896865844726527e+01,5.544207692146301270e-01,5.513041555881500466e-01,3.158286511898040771e-01,2.869708359241485707e-01,2.575574399088509381e-06,2.575574399088509381e-06
2.324762725830078125e+01,1.748526668548583984e+01,2.324762916564941406e+01,1.748526868820190572e+01,9.377735853195190430e-01,9.550019085407257524e-01,1.123303651809692383e+00,1.061356317996978715e+00,2.031503105163574219e+01,1.463066883087158132e+01,5.478790402412414551e-01,5.515528202056885210e-01,3.236405849456787109e-01,2.866863280534744374e-01,2.575507778601604514e-06,2.575507778601604514e-06
1.778210449218750000e+01,1.732517366409301829e+01,1.778210639953613281e+01,1.732517566680908061e+01,9.588819146156311035e-01,9.554989993572234885e-01,1.056017637252807617e+00,1.058067476749420255e+00,1.491081523895263672e+01,1.447338142395019567e+01,5.500263571739196777e-01,5.518180847167968306e-01,3.063645064830780029e-01,2.864074587821960338e-01,2.575436610641190782e-06,2.575436610641190782e-06
1.666893577575683594e+01,1.717524833679199148e+01,1.666893768310546875e+01,1.717525033950805735e+01,9.650264978408813477e-01,9.559080123901366743e-01,1.060967445373535156e+00,1.055213427543640226e+00,1.379382324218750000e+01,1.432594757080078196e+01,5.596888065338134766e-01,5.520397961139679177e-01,2.894303202629089355e-01,2.861396998167037853e-01,2.575369762780610472e-06,2.575369762780610472e-06
1.722303199768066406e+01,1.703455076217651509e+01,1.722303390502929688e+01,1.703455276489257741e+01,9.557685256004333496e-01,9.562737345695495605e-01,1.032288074493408203e+00,1.052575421333312944e+00,1.443686485290527344e+01,1.418759088516235423e+01,5.443251132965087891e-01,5.522305607795715554e-01,2.537859380245208740e-01,2.858805775642395131e-01,2.575305416030460037e-06,2.575305416030460037e-06
1.367127227783203125e+01,1.691165971755981445e+01,1.367127513885498047e+01,1.691166181564330984e+01,9.629346728324890137e-01,9.565797448158264160e-01,1.045640468597412109e+00,1.050387024879455566e+00,1.081785488128662109e+01,1.406675014495849574e+01,5.522367954254150391e-01,5.523422837257385698e-01,2.926056385040283203e-01,2.856009840965271218e-01,2.575253120085108094e-06,2.575253120085108094e-06
1.630905914306640625e+01,1.678144168853759766e+01,1.630906105041503906e+01,1.678144378662109304e+01,9.577988982200622559e-01,9.569418787956237571e-01,1.045437574386596680e+00,1.048037326335907071e+00,1.346604919433593750e+01,1.393865404129028285e+01,5.500975847244262695e-01,5.524840593338012917e-01,2.896744310855865479e-01,2.853240728378295676e-01,2.575196958787273616e-06,2.575196958787273616e-06
2.282022094726562500e+01,1.664944562911987447e+01,2.282022285461425781e+01,1.664944782257079936e+01,9.455573558807373047e-01,9.573146641254425271e-01,1.094280838966369629e+00,1.045664429664611816e+00,1.992553329467773438e+01,1.380878839492797816e+01,5.565402507781982422e-01,5.526291906833649126e-01,2.983089089393615723e-01,2.850484907627105491e-01,2.575140797489439137e-06,2.575140797489439137e-06
1.480003833770751953e+01,1.651214475631713796e+01,1.480004119873046875e+01,1.651214694976806641e+01,9.671458601951599121e-01,9.576886713504790816e-01,1.001893162727355957e+00,1.043329238891601562e+00,1.203843212127685547e+01,1.367359724044799840e+01,5.485898852348327637e-01,5.527775228023529275e-01,2.439778298139572144e-01,2.847522437572479470e-01,2.575086909928359091e-06,2.575086909928359091e-06
1.475908279418945312e+01,1.637791948318481516e+01,1.475908565521240234e+01,1.637792177200317312e+01,9.591197967529296875e-01,9.580218493938446045e-01,1.039226651191711426e+00,1.041218411922454790e+00,1.193870258331298828e+01,1.354132061004638743e+01,5.588397383689880371e-01,5.529071688652038574e-01,2.631941735744476318e-01,2.844517290592193381e-01,2.575033477114629932e-06,2.575033477114629932e-06
1.403796386718750000e+01,1.623124141693115163e+01,1.403796672821044922e+01,1.623124370574951314e+01,9.658154249191284180e-01,9.584088027477264404e-01,1.032712817192077637e+00,1.038971436023712114e+00,1.122314262390136719e+01,1.339660205841064489e+01,5.608891844749450684e-01,5.530897915363311990e-01,2.554036378860473633e-01,2.841694325208664051e-01,2.574970039859181270e-06,2.574970039859181270e-06
1.432060623168945312e+01,1.608551254272460795e+01,1.432060909271240234e+01,1.608551483154296946e+01,9.623298645019531250e-01,9.588158845901488814e-01,1.008043169975280762e+00,1.036683893203735440e+00,1.154201221466064453e+01,1.325282058715820277e+01,5.488337874412536621e-01,5.532868862152099387e-01,2.593870460987091064e-01,2.839053094387054554e-01,2.574903646745951846e-06,2.574903646745951846e-06
1.308753681182861328e+01,1.594631910324096680e+01,1.308753967285156250e+01,1.594632148742675781e+01,9.614126086235046387e-01,9.592114210128783736e-01,1.036324262619018555e+00,1.034536051750183150e+00,1.024003601074218750e+01,1.311547927856445384e+01,5.631063580513000488e-01,5.534568071365356667e-01,2.866575419902801514e-01,2.836357116699218528e-01,2.574842028479906730e-06,2.574842028479906730e-06
1.545013141632080078e+01,1.582575588226318430e+01,1.545013427734375000e+01,1.582575826644897532e+01,9.575375914573669434e-01,9.595126569271087424e-01,1.044451475143432617e+00,1.032825076580047519e+00,1.261094665527343750e+01,1.299653835296630788e+01,5.563880205154418945e-01,5.535419404506682906e-01,2.808071970939636230e-01,2.833373069763183705e-01,2.574792915766010992e-06,2.574792915766010992e-06
1.456789207458496094e+01,1.570799045562744212e+01,1.456789493560791016e+01,1.570799283981323313e+01,9.602240920066833496e-01,9.598285794258117898e-01,1.023407101631164551e+00,1.031105089187622115e+00,1.174732303619384766e+01,1.288036890029907156e+01,5.494086146354675293e-01,5.536312282085418257e-01,2.875291407108306885e-01,2.830565482378005759e-01,2.574744939920492470e-06,2.574744939920492470e-06
1.402109146118164062e+01,1.558549709320068288e+01,1.402109432220458984e+01,1.558549966812133825e+01,9.644285440444946289e-01,9.601543486118316872e-01,1.009332060813903809e+00,1.029401683807372958e+00,1.122408580780029297e+01,1.275943527221679652e+01,5.579757690429687500e-01,5.537345647811889870e-01,2.652691900730133057e-01,2.827712684869766457e-01,2.574694690338219516e-06,2.574694690338219516e-06
1.524831771850585938e+01,1.546103782653808523e+01,1.524832057952880859e+01,1.546104040145874059e+01,9.564449191093444824e-01,9.604519724845885786e-01,1.034759521484375000e+00,1.027734065055847079e+00,1.243942165374755859e+01,1.263653898239135742e+01,5.644788146018981934e-01,5.538449466228485552e-01,2.532128989696502686e-01,2.824677377939224243e-01,2.574640120656113140e-06,2.574640120656113140e-06
1.297898101806640625e+01,1.534735383987426793e+01,1.297898387908935547e+01,1.534735651016235281e+01,9.708504676818847656e-01,9.606951355934143510e-01,1.020902633666992188e+00,1.026301860809326172e+00,1.019552421569824219e+01,1.252429647445678640e+01,5.502362847328186035e-01,5.539091110229492632e-01,2.414676696062088013e-01,2.821511059999465831e-01,2.574592372184270062e-06,2.574592372184270062e-06
1.703322601318359375e+01,1.523803510665893590e+01,1.703322792053222656e+01,1.523803777694702077e+01,9.583287835121154785e-01,9.609400391578674094e-01,1.025182366371154785e+00,1.024788546562194869e+00,1.422074508666992188e+01,1.241647939682006907e+01,5.505769848823547363e-01,5.539723932743072510e-01,2.783921062946319580e-01,2.818547666072845348e-01,2.574544396338751540e-06,2.574544396338751540e-06
1.851543807983398438e+01,1.512803735733032262e+01,1.851543998718261719e+01,1.512804012298584055e+01,9.437863230705261230e-01,9.611667215824126753e-01,1.047943472862243652e+00,1.023408842086791948e+00,1.565535259246826172e+01,1.230787935256958043e+01,5.553336739540100098e-01,5.540299892425537553e-01,3.130207359790802002e-01,2.815523386001587136e-01,2.574495283624855801e-06,2.574495283624855801e-06
1.468270969390869141e+01,1.500778512954711985e+01,1.468271255493164062e+01,1.500778789520263601e+01,9.624109864234924316e-01,9.614637196063995361e-01,1.025176882743835449e+00,1.021921503543853804e+00,1.187104988098144531e+01,1.218904790878295863e+01,5.551168322563171387e-01,5.541144251823425515e-01,2.689553797245025635e-01,2.812375962734222634e-01,2.574444351921556517e-06,2.574444351921556517e-06
1.303095817565917969e+01,1.489327983856201243e+01,1.303096103668212891e+01,1.489328260421752859e+01,9.610023498535156250e-01,9.617676854133605513e-01,1.030157804489135742e+00,1.020485484600067050e+00,1.021342658996582031e+01,1.207590112686157191e+01,5.500937104225158691e-01,5.541867852210998757e-01,2.762776613235473633e-01,2.809391081333160178e-01,2.574395921328687109e-06,2.574395921328687109e-06
1.247976589202880859e+01,1.478385906219482493e+01,1.247976875305175781e+01,1.478386192321777415e+01,9.728315472602844238e-01,9.620799303054810014e-01,9.944112300872802734e-01,1.019001662731170654e+00,9.703104019165039062e+00,1.196785707473754812e+01,5.486550331115722656e-01,5.542608976364136186e-01,2.607645094394683838e-01,2.806593358516693004e-01,2.574346581241115928e-06,2.574346581241115928e-06
1.352095985412597656e+01,1.467759780883789134e+01,1.352096271514892578e+01,1.467760066986084055e+01,9.668658971786499023e-01,9.623117327690124956e-01,1.018584847450256348e+00,1.017678105831146151e+00,1.069176769256591797e+01,1.186292600631713867e+01,5.527000427246093750e-01,5.543132543563842329e-01,2.910416126251220703e-01,2.803686290979385265e-01,2.574297923274571076e-06,2.574297923274571076e-06
1.441416072845458984e+01,1.457481975555419851e+01,1.441416358947753906e+01,1.457482261657714773e+01,9.700645208358764648e-01,9.624955773353576216e-01,1.029581069946289062e+00,1.016467583179473833e+00,1.159181690216064453e+01,1.176144666671752859e+01,5.557323098182678223e-01,5.543453454971313255e-01,2.669656574726104736e-01,2.800648927688598744e-01,2.574251311671105213e-06,2.574251311671105213e-06
1.510410022735595703e+01,1.448438816070556712e+01,1.510410308837890625e+01,1.448439102172851634e+01,9.603739976882934570e-01,9.626062929630279097e-01,1.019288301467895508e+00,1.015650308132171720e+00,1.231218338012695312e+01,1.167209777832031214e+01,5.514684915542602539e-01,5.543089568614959495e-01,2.607859671115875244e-01,2.797250121831894032e-01,2.574215614004060626e-06,2.574215614004060626e-06
1.380171775817871094e+01,1.438837585449218714e+01,1.380172061920166016e+01,1.438837871551513636e+01,9.678126573562622070e-01,9.628234624862670454e-01,1.020889401435852051e+00,1.014571571350097567e+00,1.097451972961425781e+01,1.157725086212158239e+01,5.646037459373474121e-01,5.543164134025573286e-01,2.738922834396362305e-01,2.794135063886642456e-01,2.574175368863507174e-06,2.574175368863507174e-06
1.518916988372802734e+01,1.428830528259277344e+01,1.518917274475097656e+01,1.428830814361572266e+01,9.577797651290893555e-01,9.630558609962462935e-01,1.001356482505798340e+00,1.013421064615249723e+00,1.240079879760742188e+01,1.147837715148925852e+01,5.517063736915588379e-01,5.543404936790465865e-01,2.775291204452514648e-01,2.791107654571532981e-01,2.574132395238848403e-06,2.574132395238848403e-06
1.099016761779785156e+01,1.418562145233154226e+01,1.099017047882080078e+01,1.418562431335449148e+01,9.767350554466247559e-01,9.633003592491149458e-01,9.762502908706665039e-01,1.012251085042953580e+00,8.259217262268066406e+00,1.137691106796264684e+01,5.584884881973266602e-01,5.543700098991394265e-01,2.194763422012329102e-01,2.787889659404754750e-01,2.574091013229917735e-06,2.574091013229917735e-06
1.505700111389160156e+01,1.408797779083251989e+01,1.505700397491455078e+01,1.408798065185546911e+01,9.618961811065673828e-01,9.635021448135375755e-01,1.032213807106018066e+00,1.011262267827987671e+00,1.221793556213378906e+01,1.128038892745971644e+01,5.523064136505126953e-01,5.543718099594115989e-01,2.926494479179382324e-01,2.784527242183685303e-01,2.574053496573469602e-06,2.574053496573469602e-06
1.357488346099853516e+01,1.398895816802978587e+01,1.357488632202148438e+01,1.398896102905273509e+01,9.571037292480468750e-01,9.636826395988464800e-01,1.026532053947448730e+00,1.010371559858322055e+00,1.078001022338867188e+01,1.118240938186645472e+01,5.620412826538085938e-01,5.543777346611022949e-01,2.491958439350128174e-01,2.781165927648544534e-01,2.574012341938214377e-06,2.574012341938214377e-06
1.424697780609130859e+01,1.388805541992187464e+01,1.424698066711425781e+01,1.388805828094482386e+01,9.594164490699768066e-01,9.638919055461883101e-01,1.019897460937500000e+00,1.009363400936126753e+00,1.140021228790283203e+01,1.108258523941040075e+01,5.615254044532775879e-01,5.544107258319854736e-01,3.059267699718475342e-01,2.778038531541824341e-01,2.573965957708423957e-06,2.573965957708423957e-06
1.226720714569091797e+01,1.378754663467407227e+01,1.226721000671386719e+01,1.378754949569702148e+01,9.741789102554321289e-01,9.641076028347015381e-01,1.008129715919494629e+00,1.008371257781982333e+00,9.463267326354980469e+00,1.098314085006713903e+01,5.652742385864257812e-01,5.544406831264495628e-01,2.563576400279998779e-01,2.774864524602890237e-01,2.573920937720686197e-06,2.573920937720686197e-06
1.457279396057128906e+01,1.369765672683715785e+01,1.457279682159423828e+01,1.369765958786010707e+01,9.596176147460937500e-01,9.642732501029968040e-01,1.030853390693664551e+00,1.007569885253906339e+00,1.174391746520996094e+01,1.089425611495971680e+01,5.565116405487060547e-01,5.544155538082122803e-01,2.818933129310607910e-01,2.771423667669296043e-01,2.573885012679966167e-06,2.573885012679966167e-06
1.411349964141845703e+01,1.361023368835449254e+01,1.411350250244140625e+01,1.361023654937744176e+01,9.653404355049133301e-01,9.644607603549957275e-01,1.005062818527221680e+00,1.006732773780822709e+00,1.131170272827148438e+01,1.080783023834228551e+01,5.550856590270996094e-01,5.543913304805755393e-01,2.763067185878753662e-01,2.768186241388320701e-01,2.573852043497026898e-06,2.573852043497026898e-06
1.270109653472900391e+01,1.351754388809204066e+01,1.270109939575195312e+01,1.351754674911498988e+01,9.527494907379150391e-01,9.646625518798828125e-01,1.003195643424987793e+00,1.005899977684020952e+00,9.895569801330566406e+00,1.071609411239623988e+01,5.548207759857177734e-01,5.543878734111785667e-01,2.947608530521392822e-01,2.764993339776992687e-01,2.573814981587929651e-06,2.573814981587929651e-06
1.392849063873291016e+01,1.342704305648803675e+01,1.392849349975585938e+01,1.342704591751098597e+01,9.642816781997680664e-01,9.648051917552947776e-01,1.014762401580810547e+00,1.005150157213211104e+00,1.111463832855224609e+01,1.062656211853027344e+01,5.594785809516906738e-01,5.543730735778809038e-01,2.753298282623291016e-01,2.761524409055710061e-01,2.573776328063104302e-06,2.573776328063104302e-06
1.258617973327636719e+01,1.334135818481445312e+01,1.258618259429931641e+01,1.334136104583740234e+01,9.640187025070190430e-01,9.649040400981903076e-01,1.045972824096679688e+00,1.004538744688034058e+00,9.707735061645507812e+00,1.054180164337158132e+01,5.786666274070739746e-01,5.543290674686431885e-01,2.897865176200866699e-01,2.757847696542740090e-01,2.573743131506489590e-06,2.573743131506489590e-06
1.069500637054443359e+01,1.325856857299804759e+01,1.069500923156738281e+01,1.325857143402099680e+01,9.805237054824829102e-01,9.649954259395598921e-01,9.844627380371093750e-01,1.003821372985839844e+00,7.936988353729248047e+00,1.046004600524902273e+01,5.673165917396545410e-01,5.542818963527679221e-01,2.257148623466491699e-01,2.754238992929458618e-01,2.573709025455173105e-06,2.573709025455173105e-06
1.451469516754150391e+01,1.317525997161865270e+01,1.451469802856445312e+01,1.317526283264160192e+01,9.569759368896484375e-01,9.650790691375732422e-01,1.030614614486694336e+00,1.003192555904388383e+00,1.169565963745117188e+01,1.037768383026122976e+01,5.577838420867919922e-01,5.542374551296234131e-01,2.736608386039733887e-01,2.750670284032821766e-01,2.573672873040777631e-06,2.573672873040777631e-06
1.283296298980712891e+01,1.308666677474975515e+01,1.283296585083007812e+01,1.308666963577270437e+01,9.706376791000366211e-01,9.652414500713348833e-01,1.022360324859619141e+00,1.002523422241210938e+00,9.997470855712890625e+00,1.028997621536254847e+01,5.697996020317077637e-01,5.542112171649933305e-01,2.726948857307434082e-01,2.747145950794219749e-01,2.573636948000057600e-06,2.573636948000057600e-06
1.335782051086425781e+01,1.300138950347900391e+01,1.335782337188720703e+01,1.300139236450195312e+01,9.552935957908630371e-01,9.654138982295989990e-01,1.013691067695617676e+00,1.001867902278900102e+00,1.051695632934570312e+01,1.020554351806640625e+01,5.620287060737609863e-01,5.541816353797912598e-01,3.098507821559906006e-01,2.743826538324355968e-01,2.573602159827714786e-06,2.573602159827714786e-06
1.459190177917480469e+01,1.291638860702514613e+01,1.459190464019775391e+01,1.291639146804809535e+01,9.579582214355468750e-01,9.656329154968261719e-01,1.020764827728271484e+00,1.001008147001266391e+00,1.176812267303466797e+01,1.012148151397705043e+01,5.526381731033325195e-01,5.541796386241912842e-01,2.924183011054992676e-01,2.740865558385848777e-01,2.573562142060836777e-06,2.573562142060836777e-06
1.169137954711914062e+01,1.283452816009521413e+01,1.169138240814208984e+01,1.283453102111816335e+01,9.702497124671936035e-01,9.657669484615325484e-01,1.001694083213806152e+00,1.000252395868301392e+00,8.891605377197265625e+00,1.004058742523193359e+01,5.597726106643676758e-01,5.541547238826751709e-01,2.680578827857971191e-01,2.737667113542556763e-01,2.573523488536011428e-06,2.573523488536011428e-06
1.178336620330810547e+01,1.275536756515503001e+01,1.178336906433105469e+01,1.275537042617797923e+01,9.678598046302795410e-01,9.658695936203003374e-01,9.892627000808715820e-01,9.995481193065642866e-01,9.027119636535644531e+00,9.962395000457764382e+00,5.501325726509094238e-01,5.541158854961395486e-01,2.489910572767257690e-01,2.734389752149581909e-01,2.573486199253238738e-06,2.573486199253238738e-06
1.079112529754638672e+01,1.268464126586914098e+01,1.079112815856933594e+01,1.268464412689209020e+01,9.699856042861938477e-01,9.658840298652648926e-01,9.918411374092102051e-01,9.991577625274657981e-01,8.003983497619628906e+00,9.892523479461669211e+00,5.492707490921020508e-01,5.540154397487639937e-01,2.760443389415740967e-01,2.730607569217681774e-01,2.573458459664834663e-06,2.573458459664834663e-06
1.133514404296875000e+01,1.261156034469604492e+01,1.133514690399169922e+01,1.261156320571899414e+01,9.797723293304443359e-01,9.659868955612183061e-01,9.968843460083007812e-01,9.986477673053741899e-01,8.557372093200683594e+00,9.820263004302978160e+00,5.551402568817138672e-01,5.539434373378753218e-01,2.459742426872253418e-01,2.727193325757980569e-01,2.573427536844974384e-06,2.573427536844974384e-06
1.128897380828857422e+01,1.253476390838623011e+01,1.128897666931152344e+01,1.253476676940917933e+01,9.738380908966064453e-01,9.661203861236572488e-01,9.834118485450744629e-01,9.980224192142486128e-01,8.517427444458007812e+00,9.744337654113769176e+00,5.518615245819091797e-01,5.538906335830688921e-01,2.624346613883972168e-01,2.723928958177566639e-01,2.573394340288359672e-06,2.573394340288359672e-06
1.203574466705322266e+01,1.245856628417968714e+01,1.203574752807617188e+01,1.245856914520263636e+01,9.624153971672058105e-01,9.662630736827850786e-01,1.001539945602416992e+00,9.973906338214874046e-01,9.234559059143066406e+00,9.669036293029785512e+00,5.556556582450866699e-01,5.538300216197967751e-01,2.815743088722229004e-01,2.720462262630462535e-01,2.573365918578929268e-06,2.573365918578929268e-06
1.368546104431152344e+01,1.238173780441284144e+01,1.368546390533447266e+01,1.238174066543579066e+01,9.503229260444641113e-01,9.663474380970000777e-01,1.020576715469360352e+00,9.968881189823151079e-01,1.086602878570556641e+01,9.593063831329345703e+00,5.588535070419311523e-01,5.537588179111481157e-01,2.896791398525238037e-01,2.716795563697814719e-01,2.573337724243174307e-06,2.573337724243174307e-06
1.336262512207031250e+01,1.230140619277954173e+01,1.336262798309326172e+01,1.230140905380249094e+01,9.600086212158203125e-01,9.664618134498595969e-01,1.001369237899780273e+00,9.963377952575683816e-01,1.056742858886718750e+01,9.513555812835694070e+00,5.505301356315612793e-01,5.537145912647247759e-01,2.832876443862915039e-01,2.713360756635666005e-01,2.573302708697156049e-06,2.573302708697156049e-06
1.224062538146972656e+01,1.221871852874755859e+01,1.224062824249267578e+01,1.221872138977050781e+01,9.675089120864868164e-01,9.666574418544768843e-01,9.997353553771972656e-01,9.956068634986877663e-01,9.459302902221679688e+00,9.431695461273193359e+00,5.530006289482116699e-01,5.537144422531128374e-01,2.610779702663421631e-01,2.710442274808883556e-01,2.573261099314549938e-06,2.573261099314549938e-06
9.862032890319824219e+00,1.214063177108764613e+01,9.862035751342773438e+00,1.214063463211059535e+01,9.814073443412780762e-01,9.668173551559448020e-01,9.786399602890014648e-01,9.949881196022033469e-01,7.107839107513427734e+00,9.354419040679932351e+00,5.536108613014221191e-01,5.536824285984038863e-01,2.405360341072082520e-01,2.707247942686080711e-01,2.573226083768531680e-06,2.573226083768531680e-06
1.382149600982666016e+01,1.207031831741332972e+01,1.382149887084960938e+01,1.207032117843627894e+01,9.555655717849731445e-01,9.669156074523925781e-01,1.015309691429138184e+00,9.945659697055816428e-01,1.101473045349121094e+01,9.284867763519287109e+00,5.480934381484985352e-01,5.535991191864013672e-01,2.877968251705169678e-01,2.703698188066482322e-01,2.573199935795855708e-06,2.573199935795855708e-06
1.236441707611083984e+01,1.200231847763061488e+01,1.236441993713378906e+01,1.200232133865356410e+01,9.603968262672424316e-01,9.670463860034942405e-01,9.916362166404724121e-01,9.941201984882355180e-01,9.581959724426269531e+00,9.217592048645020242e+00,5.446729063987731934e-01,5.535176217555999312e-01,2.857511937618255615e-01,2.700421839952468761e-01,2.573175834186258726e-06,2.573175834186258726e-06
1.222477436065673828e+01,1.193310813903808665e+01,1.222477722167968750e+01,1.193311100006103587e+01,9.563067555427551270e-01,9.671200156211853249e-01,1.019008874893188477e+00,9.937721788883209229e-01,9.389841079711914062e+00,9.149095630645751598e+00,5.661348104476928711e-01,5.534308493137359841e-01,2.934836447238922119e-01,2.696892529726028220e-01,2.573150368334609084e-06,2.573150368334609084e-06
1.190322589874267578e+01,1.186455364227294851e+01,1.190322875976562500e+01,1.186455650329589773e+01,9.708260297775268555e-01,9.671661198139190896e-01,9.973332285881042480e-01,9.934137105941772683e-01,9.132893562316894531e+00,9.081313419342041726e+00,5.515144467353820801e-01,5.533428788185119629e-01,2.506582736968994141e-01,2.693172961473465077e-01,2.573122856119880453e-06,2.573122856119880453e-06
1.090185832977294922e+01,1.179741563796997106e+01,1.090186119079589844e+01,1.179741849899292028e+01,9.807729125022888184e-01,9.671824872493743896e-01,9.821549057960510254e-01,9.931291341781616211e-01,8.149054527282714844e+00,9.014927387237548828e+00,5.488942265510559082e-01,5.532453298568725808e-01,2.409821450710296631e-01,2.689312040805816872e-01,2.573096708147204481e-06,2.573096708147204481e-06
1.256106472015380859e+01,1.173266458511352539e+01,1.256106758117675781e+01,1.173266744613647461e+01,9.571353197097778320e-01,9.672052085399627241e-01,1.013697385787963867e+00,9.927570462226867898e-01,9.743021011352539062e+00,8.950998401641845348e+00,5.605205297470092773e-01,5.531448543071746382e-01,2.866909205913543701e-01,2.685591131448745728e-01,2.573070560174528509e-06,2.573070560174528509e-06
1.283558750152587891e+01,1.166946220397949219e+01,1.283559036254882812e+01,1.166946506500244141e+01,9.585992693901062012e-01,9.672204256057739258e-01,1.003375887870788574e+00,9.924524784088134544e-01,1.004262542724609375e+01,8.888561820983886363e+00,5.521398186683654785e-01,5.530366122722625288e-01,2.788469195365905762e-01,2.681908339262008556e-01,2.573044866949203424e-06,2.573044866949203424e-06
