-5.956909510937685032e-02,-1.245134270451420250e-01,-2.178727852892588801e-01,1.519782502695578852e-01,1.239547056575511230e-01,-1.008618090534253164e-01,7.341637415210558459e-02,1.134774148850028197e-01,1.498260200314579516e-01,2.056519601699835775e-01,-2.587781092519657045e-01,-1.694927080207701831e-01,-2.077003004140876366e-02,-9.580431917094928140e-02,3.113242802607152360e-01,1.072341663783024507e-01,-1.106300884287778480e-01,4.173325836955033008e-02,2.100090176881930226e-01,2.269587409374128895e-01,-3.946783976912777991e-02,2.477380081214132501e-01,7.096894543641210640e-02,7.015625180444523545e-02,1.013634253642412275e-01,-9.264009918819983425e-02,2.376293342731304603e-01,8.966310302513542940e-02,2.069473504514922901e-01,-3.318956599443775857e-02,-6.390866294108187018e-02,-2.216976466479790575e-01,-1.642684049162669302e-01,-8.491528051071259298e-02,-1.665721367775972739e-01,1.014266247079031735e-01,-1.236420145236069440e-01,-1.372662766032767545e-01,-4.492372600912815372e-02,3.566183107358083387e-02,1.926726176125603540e-01,-2.288064605581950628e-01,1.192069357800944612e-01,6.350929547447556334e-02,-4.223421098340277707e-02,-5.165580671409605125e-04,1.243371669987952399e-01,3.577722183458472566e-02,-1.567062486934074350e-01,-2.373676636489067127e-01,-5.004813518189240445e-02,2.229645996510586370e-01,-7.091636010717343452e-02,6.070154263211766793e-02,2.167441287165588343e-02,2.830913130434358216e-01,4.663544802101746503e-03,1.324850498727761228e-01,-1.921301094947112653e-01,-1.657782011334656969e-01,-1.363100450575231437e-01,-7.841159729330398481e-03,-2.240702513518070538e-01,-1.389431562718865532e-01,-5.998272298365123906e-02,2.280031706328181640e-01,1.756795584538978494e-01,1.602732800537594871e-01,8.365761377748569261e-02,-3.233299915469717636e-03,-1.626058738496719835e-01,-1.217563810647472322e-01,2.073306428935231538e-01,1.283693495879878119e-02,5.835613659662101937e-02,2.244616569626405045e-01,-6.011960008604425552e-03,6.237067700014219986e-03,-6.347994598096530494e-02,-1.665906222628007749e-01,-4.324273449659501480e-03,1.435509502229702083e-01,2.871500365051911641e-01,-1.728505659277200512e-02,-1.701870545103666421e-01,-4.302482555256344210e-02,1.931688108497966461e-01,9.181980619033441871e-03,3.170215223840561897e-02,1.072052814085507205e-01,3.092454470166699013e-02,1.662292518944141484e-01,4.858655111163574097e-02,1.216966274263158038e-01,9.753926196805100257e-02,-1.691338586077612283e-01,-5.425368170389167216e-02,8.372060311297134516e-03,1.336944614944662046e-01,-1.153056828771137771e-01,-6.151303881433299592e-02,5.140843198890943794e-02,2.927236959925930693e-01,-7.989558613442120094e-02,1.011964988546743133e-01,-1.858013702939289025e-01,1.848126938550119502e-01,-8.596960906496248223e-02,5.827562638462046446e-02,-1.308411084476811537e-01,1.528256885720484237e-01,-2.533886886031052610e-01,1.070049608892901516e-01,1.859558623074112904e-01,-6.940771451240063117e-02,1.516548301166624757e-01,2.335588672350250028e-01,1.159596831917938109e-01,2.443347271600350423e-01,8.710792534693531652e-02,7.282645634253308298e-02,-1.970156590631959304e-01,1.755796035662213761e-01,-4.623102537125298866e-02,1.082151891948886085e-01,3.752105264340418328e-02,-8.323032508001988738e-02,-8.723814387004089066e-02
-6.498700502895288222e-02,-1.186886979637166994e-01,5.401480479420248809e-02,-1.428506203308554101e-01,2.260495377618846058e-01,1.495015426473163267e-01,2.056714440759790374e-01,4.473295456543828486e-02,-4.303560052618601167e-02,2.916156551875012659e-01,6.002676677961994896e-03,1.152681196409983400e-01,1.937391614195039802e-01,1.386124766965192157e-01,7.080100125433624880e-02,1.989954390076587309e-01,-5.854816288922015666e-02,-2.649410958764363277e-01,2.266269079139560383e-01,1.751297834600447634e-01,8.320847623559075174e-03,6.143196911017958194e-03,-8.711900864908077302e-02,-1.183812573204583718e-01,-1.491705861869632443e-01,-6.139596800440162011e-02,1.391389599586933812e-01,-6.825556164685610272e-02,-1.266600771898616917e-01,3.343887669714088462e-01,-3.613592275973179224e-02,-1.248008230688251174e-01,6.724843594032017813e-02,-1.191819152292422218e-01,1.346194117101733251e-03,4.982393949527395838e-02,-1.390009088228928158e-01,-2.524849133596357431e-02,-6.849608848473212608e-02,-8.372547537533088502e-02,2.036520408349174194e-01,8.819241462548260690e-02,9.981464527500753803e-02,-1.262408342755666768e-01,-4.950447454836306993e-02,-3.189024740452007373e-02,-1.788856554886067707e-01,-8.925816826040412766e-02,2.165707807604857205e-01,-5.213694620387000073e-02,-8.642780216048000230e-02,2.219907550799315732e-01,-1.215323576810055234e-01,8.869249833606613481e-03,-1.294767600088541325e-02,1.072165826260868537e-01,-2.667285267427632056e-01,1.281626063737488497e-01,-5.733002228782604209e-02,-7.623372545116846588e-02,-2.639843020736269349e-02,1.596803085093833341e-01,1.724797877010815494e-01,1.067348869062723637e-01,1.440325329781721141e-02,-1.801080221744871118e-02,1.456712258693007855e-01,1.146434781444474332e-01,-7.725950629523187230e-02,-1.662899694891683267e-01,2.911640101544165637e-01,1.209182501498317769e-01,6.884711505505497486e-02,1.721586698269701385e-02,-1.855648272823193223e-01,-1.982332418880735914e-01,1.989067917221573611e-01,-1.632957993780156936e-01,-3.326736791073314076e-02,-2.261096092714448558e-01,8.390775363797694716e-03,1.460689891004983421e-01,-2.321567058109960391e-01,2.017386048194352022e-01,-5.221055982675933127e-02,2.827535105742468718e-02,1.539989554070489985e-01,1.919587798811493162e-01,-2.239819597793093753e-01,6.646311312854544240e-02,-1.060606700049064738e-01,-2.192434851500001947e-01,1.722761680070830081e-01,3.168782412390377945e-01,-5.878644696085368049e-02,2.391078566928339366e-01,3.051402268126035544e-01,2.570484790935897990e-01,1.449053971034664212e-01,2.146177316504225274e-01,-1.069894706576322158e-01,2.308370455493498341e-01,-7.227368331959849179e-02,6.870912299698263455e-03,1.079945392939903603e-01,9.599906387637711924e-02,-1.568734652307459398e-01,2.543075823878582220e-01,-2.126096463857669039e-01,2.370169264262288467e-01,2.377958162749150006e-01,5.261356547084240776e-02,2.550815899942356357e-01,-1.885397496517770832e-01,-2.929047097476195766e-02,-6.175471910122269648e-02,-2.736440743928677047e-02,-8.113418347725051549e-02,8.668163381636227738e-02,-2.147731957096720712e-01,-2.235238349334161823e-01,5.402309611701698600e-02,-2.646493312492287919e-01,6.916240487465528941e-02,-1.321472592455927297e-01,-2.227535532436978605e-01,-1.389090790076709103e-01,7.163114283177859920e-02
1.184192926283886838e-01,-1.743329208411758258e-01,-9.847681097685137552e-02,-1.942457025372785473e-01,-2.156377106006420463e-01,6.722096243033438834e-02,1.961186853276921660e-01,1.419799548856562621e-01,-1.255944291792908396e-01,1.002945156027732765e-01,1.490677365931262766e-01,-1.337559387778263775e-01,-1.318476102625018853e-01,1.166855951804885751e-02,-6.941398496204657931e-02,-2.579666309146715908e-01,-6.350299130435710371e-02,1.778306806290295603e-04,1.582538621803661893e-01,-4.364193282718864531e-02,-2.482262842176048701e-01,1.565960171733001005e-02,2.090811370405750713e-01,-7.943049835310457552e-02,1.307047937509870916e-01,2.537699426908309741e-01,7.712121494999030213e-03,6.884538202662406070e-02,-2.630303507364942783e-01,2.218161811161424024e-01,-5.525731314706624347e-02,-1.497062749989920005e-01,-1.333495472675048643e-01,-1.803805125373526830e-02,-2.708385126323826775e-01,7.921552506646214672e-03,5.775342956683373469e-02,-2.477381569634984626e-01,-1.081619253912679268e-01,-3.874847539126951429e-02,-1.641121611380939871e-01,2.142778414881386650e-01,-1.728037527059082534e-01,-1.042238207644878706e-01,7.072353958407646968e-02,1.130191743516425484e-01,-1.304996505386154804e-01,1.938990640209552196e-01,1.313247185978598242e-01,1.004838851361850582e-01,2.298813133336696790e-01,-9.834841199652645527e-02,-7.212455100433419475e-02,1.985542046254117066e-01,-2.258879554888940933e-01,-2.383033275686406716e-02,2.486949243689921540e-01,-2.081733294101222320e-01,1.964096802125891161e-01,1.223916533695037639e-01,-2.118831848252657191e-01,-1.178787774025089469e-01,5.786042058710726133e-02,7.180110945752905816e-02,-1.954183632444501661e-01,-1.366702089753391580e-01,-1.592148558097635502e-01,8.904439947245661180e-02,3.392448242208662146e-02,-2.061898382953923636e-01,-1.892126881850711428e-01,-1.090834376369489711e-01,2.092695306690271206e-01,5.734858594309822505e-02,-5.597920485573783245e-02,-1.030981857166294868e-01,-1.016992827346054201e-01,8.484487229559333973e-03,2.024415180226995514e-01,8.694021718356517714e-02,1.185791403001779931e-01,-1.293836865706884109e-01,2.602836147403382247e-02,-5.195538925825431142e-02,1.613817121535596937e-03,2.350499897524383486e-01,1.664015048116670448e-01,7.102202575250295136e-02,-1.443266722030865923e-01,9.987897226391864725e-02,2.468804048134569384e-01,-9.567422744236273036e-02,1.309265331390558063e-01,2.317120384313418324e-01,7.381432419585221005e-02,1.161814216125573035e-01,-3.032916742205294530e-02,2.650061394548561822e-01,1.407916338419881730e-01,1.836642395066894751e-01,-7.784820431750963388e-02,-2.072387074345326957e-02,-2.338861335573503078e-02,-2.051450185382570346e-01,-1.604644134723215709e-01,4.805598192281284459e-02,-4.415176252941978990e-02,2.043640281783083157e-01,1.908804025441917379e-02,-7.838437389702501701e-02,-1.002925523083411374e-01,1.489160266855333592e-01,6.683970798743456287e-02,1.134599599371594880e-01,-7.450523659880807503e-02,-1.856813245028455794e-01,3.157092288971411614e-02,1.580937356619166179e-01,-1.204016733906771996e-01,1.414190070273929900e-01,-2.602683132934415222e-01,-2.352170696737372890e-01,1.779113100532250802e-01,-6.076761247203429916e-02,-1.652427203973633532e-02,-1.190412756211944451e-01,-7.035168961552894229e-02,-1.331427432533933281e-02
2.041748665319595424e-01,-1.101448428152745213e-02,1.945167048664685205e-01,-1.770036844571200585e-01,1.384287727817958003e-01,-1.352279311444773424e-01,-2.243331560004022396e-01,-5.617032856578276639e-02,1.711717503784017935e-01,-1.662055096162900203e-01,1.697220792131047540e-01,-7.981727599400840686e-03,-1.364502961765043897e-02,1.332221609925871852e-01,-4.488384250918221047e-02,3.724485971008956869e-02,1.084541720136044246e-01,1.912067563247566715e-01,-1.987749452981324161e-01,-4.514486168589734727e-02,-8.814787353510662726e-02,-2.320652167212118311e-01,-8.109357106632712753e-02,-8.349706119205503249e-03,1.865499804884478696e-01,1.129205366829131585e-01,-4.370353092895325892e-02,-1.183692050299905985e-01,-2.403637338943292664e-02,-2.584349803924330946e-02,2.532659405160052057e-01,-2.389034527829160537e-01,5.866110689033305486e-02,-4.462329903865060871e-02,-2.086944276258926867e-01,-2.126348661669069107e-01,-5.284189867122566359e-02,1.588196830918497671e-01,1.826485873626646772e-01,-2.027236209007070022e-01,8.557122365356198412e-02,-2.707406274101426653e-04,-7.286154647332082623e-02,4.428900271306166619e-02,-8.722336193523351489e-02,9.036634238717955458e-02,-1.596406842492147093e-01,-8.760525973954307044e-02,2.024353778883343502e-02,-2.642828531699039155e-02,-1.950570751911276379e-01,-5.645143607526131174e-02,-2.730278795779744663e-03,-9.194920365230592821e-03,1.022793670324518983e-01,-1.428546039008207758e-01,-1.247959387564483158e-01,3.821094789570961270e-02,2.508151293536551862e-01,-7.712142087102859256e-02,6.148258101488096594e-02,1.959929719769536449e-01,-1.103817179036378632e-01,2.131343224880357101e-01,1.697156651354719478e-02,3.211940586850476481e-02,9.181525225355194331e-02,-3.646279910127216140e-02,-6.969880930257162099e-02,9.236356319228514189e-02,-8.812007924098830269e-02,-5.661427199059616139e-02,1.709498208216085058e-01,-4.999069532950212169e-02,-1.691490789549688345e-01,-1.721446052472971888e-01,5.531694256998040404e-02,1.257444696638317094e-01,-1.251263401502119565e-01,-2.165589219191745574e-01,1.639141271131635269e-01,-1.548893466462308299e-01,2.734759107021026824e-03,-3.206072405385588381e-02,4.908423362293127395e-02,4.583875287911424144e-03,-2.681942453959663270e-02,-2.217573908810639982e-01,-1.089944021491220522e-01,1.478738296593776758e-01,-1.577543398965544977e-02,6.554609872409913884e-02,-1.075918997905490199e-01,-1.893637590131255488e-01,3.097439536972427382e-02,-2.149910221927079090e-01,1.821443767265442659e-01,-4.093894022735910382e-02,2.621899988789660463e-01,1.162220993849839706e-01,9.281312218365671274e-02,-1.879822129203022607e-01,2.063548065909795448e-01,-8.839670038582010669e-02,-1.822485335742332624e-01,1.002492838404979089e-02,-4.111482070238486886e-02,-1.336550968799923578e-01,6.574388681708955018e-02,1.082110437400875536e-01,-3.328513534657238926e-02,4.782990288977974347e-03,-2.002789790566157357e-01,-1.330146604563797186e-01,1.391083691388694810e-01,6.643870600960580242e-02,-1.194037432486211858e-01,1.325199880951550835e-01,4.106552548836449323e-02,-1.922038216868263982e-01,1.315416293015450946e-02,-2.457838303175329531e-01,5.235147301174752910e-02,1.510866049168730907e-01,1.163008193528259071e-01,-1.368453919808667596e-01,1.593577597923670763e-01,5.051918153497168135e-02
-1.272765314639330014e-01,-2.403017147918848004e-02,-2.408719547422861693e-02,-2.126035252274011966e-01,-2.587207151965593144e-01,-1.472748368647424644e-01,-6.230202310555275902e-02,-8.536598374246515348e-04,1.510027072439348861e-01,-1.703234755574498382e-01,-2.201134892638703655e-01,-4.241995184385344286e-02,1.205998461062967042e-01,1.659828979745666677e-01,1.739342414856451247e-02,-1.887225237302540271e-01,-7.439958197874627088e-02,4.570403010406503402e-02,-1.705553639838136570e-01,9.031769145708748447e-02,-1.469469730011017661e-01,1.640329123548503942e-03,1.704109762731927102e-01,-1.001270629310667681e-01,-3.542144714526552357e-02,-1.015948679727747411e-01,-1.228374085069570271e-01,1.015586502222868281e-01,5.888007847604150719e-02,-1.010958379959916997e-01,-2.422237738729449419e-01,-1.033865092009042530e-01,7.707910750990583371e-02,6.322219865957104390e-02,1.654787119836782228e-01,5.257241951538289826e-02,-2.512490863952557968e-02,2.134940540085940586e-01,1.081128569284864060e-01,1.463220668994521523e-01,-6.355417451574887910e-02,1.607384325848264517e-01,-1.166516810932688962e-02,-1.442448812629524083e-02,-1.353667141036612098e-03,-9.469033209679486585e-02,1.896927465795170409e-01,6.930554206394755334e-02,2.080385663691879106e-01,1.467162029939736989e-01,3.760362039871053413e-02,-1.060914154510592677e-01,5.358908242334417191e-03,9.757963377723706533e-02,1.619711588513450262e-01,-2.389713462506530550e-01,3.817207547269604873e-02,3.555898601329593456e-02,-9.919591517782995471e-02,7.866553818413211940e-02,2.838185582735647944e-02,-1.994426118330098474e-01,-1.022988091829479286e-02,-2.070313717343773008e-01,5.387268893182654145e-02,-2.154342580796652848e-02,2.223062030098169606e-01,1.541647079081960858e-01,-1.224154447579074156e-01,-2.329859090009294420e-01,-1.043096036110031516e-01,-2.446037571636560937e-01,-2.632579068917347692e-02,-1.994936556672106676e-01,1.323798183887798519e-01,1.460575482492617039e-01,3.205406339745846961e-02,-9.381712596488186269e-05,1.594417018869457303e-01,-4.296179754249138810e-02,2.926674045059135532e-01,8.863853622367716401e-02,-1.472488948568471401e-01,-1.336292126804151381e-01,1.874656568195046391e-01,-1.035017141245018896e-01,-1.457534479620040124e-01,-1.087831164925772420e-01,2.576041407080624165e-02,1.654514305063486609e-02,1.519082258088605697e-01,2.866126120031587537e-02,-1.074228212213498568e-01,-3.067181497674678625e-01,-1.335167883161909180e-02,-3.988534236997014898e-02,1.656096190608853935e-01,-2.200847790133644011e-01,2.344102929090753629e-01,7.113160927624401220e-02,-1.484761690593685013e-01,2.001393098069306209e-01,1.480209967679441962e-01,4.418271947545355377e-02,-5.333976114005781199e-02,1.970645821140654952e-01,1.168579522848791491e-02,-1.050637699064105451e-01,2.471075019907660875e-01,-3.980586725446014912e-02,1.027871111543054716e-01,1.775054778006453504e-01,-8.069736313413281015e-02,-6.879967988172422388e-02,-1.048057758281676077e-01,1.512793926831890456e-01,9.461883505713034048e-02,1.500771708933912874e-01,2.069757002290869008e-01,-1.484725782706360353e-01,9.475831514895692587e-02,-8.908108444488702093e-02,-1.847745639842670318e-01,-8.863827871164016436e-02,-4.043730389197518899e-02,1.246251951559318172e-01,1.940892549737518458e-01,1.290775611467098183e-01
7.282798452322433724e-02,1.673732191691981175e-01,1.330690868378953395e-01,-5.320533618062620301e-04,-2.053348982932239608e-01,1.415058765382544992e-01,8.023485431819721292e-02,1.396470511481165133e-01,-1.968565111755842811e-01,-1.814254683152257963e-01,-1.249676013557968896e-01,-1.159678341013391373e-01,8.126452853469116888e-02,1.401383158054500533e-01,-2.422951137372491570e-01,-7.551485503395001520e-02,-2.160159534595611497e-01,-1.238895272743466280e-01,-7.276874045838784000e-02,6.711964584955330826e-02,1.951157220422873595e-01,-9.798985157797308887e-02,1.146618106057898101e-01,1.155372436474878667e-01,-2.323598536275617576e-01,3.212524115902921223e-02,2.163292291742699436e-01,-1.264731936089105724e-01,-2.585581362909760150e-01,-5.298012034667979459e-02,-4.656200680361754357e-02,2.902194478016062451e-01,8.657415578444906112e-02,-1.218401778262316881e-01,3.417715897270672681e-02,1.174803362745593244e-02,-9.045534191533848023e-02,4.499821848592206602e-02,-5.523144147651025404e-02,2.346449334311439539e-01,1.952190963029142023e-02,1.203470063786068467e-01,1.144819269014543395e-01,3.978492849067591375e-02,-1.761914203240886323e-01,1.039835812611844407e-01,1.819346552444139342e-01,1.667836399287258575e-01,-1.881771040526797334e-01,3.495019796656876898e-01,1.363345469116579445e-01,3.994730825122328605e-02,-1.777733786949382139e-02,1.581954841584868876e-01,-2.077407400378420976e-01,-4.185470051708672229e-02,6.061974442598622170e-02,-2.638722945826515454e-01,-5.970157654702810957e-02,-1.468305131200071389e-01,1.798093661981406965e-01,-8.486578539026136056e-03,-1.827675375632299357e-02,3.572177883148303090e-02,-1.548816356387982263e-01,1.746408395183451367e-01,1.674057238121073876e-02,-1.166982921721789190e-01,1.518079732950755600e-01,9.920810970733139056e-02,-8.308730394281629850e-02,5.818491998428717595e-03,3.052727020094441954e-02,-8.890951813708823648e-02,2.184916665112358325e-01,-1.373165170096704302e-01,-8.434306658184190231e-02,-1.141430543574251666e-01,1.018572741472156817e-01,1.265778935804887373e-01,-4.663931935221003679e-04,-1.539365887136091016e-01,1.138890823047533640e-01,7.394613535790049708e-02,-2.351793408678613251e-01,-4.986742717702353361e-02,-8.646744353741513123e-02,2.004508235420854323e-01,-1.741274407598054352e-01,-9.575357789355505925e-03,-2.396344226506349206e-01,8.288800193231093960e-02,-6.762545232222227920e-02,2.284411708544927672e-02,-1.292059155471131371e-01,6.228428423415886817e-02,-2.272671925658214243e-01,2.740016672686753085e-01,-1.005306081771542570e-01,-6.111659688396276630e-02,-1.864782987783943358e-01,9.694574399327168801e-02,1.749550497768537216e-01,-7.356302457508717696e-02,-1.791180364947125500e-02,-5.327290466395663560e-02,-1.158669503957256430e-01,-1.610481209682021742e-01,-1.413459652701491709e-01,-3.807305538030770348e-02,2.347162840375545401e-01,2.763309912347373110e-01,-2.215840785410576053e-01,2.415647570520663423e-01,1.683287546942908997e-01,-6.589773656724343120e-02,-1.786557608237984984e-01,-1.956030679999864741e-01,-3.137611728828772206e-02,-2.078060381332710593e-01,5.482088964732954872e-02,2.035221226837725106e-01,-2.200599209541473089e-01,2.026728540179562887e-01,-7.641526965147238393e-02,-1.936836446811563139e-01,2.230038948985746672e-01,1.711567108868660703e-01
-2.365060866222933045e-01,-8.750490721258046001e-02,-1.554835506417774627e-01,1.039323952911101051e-01,1.760063879625336503e-01,3.443509394183030814e-02,1.596706041300813284e-01,-5.073918130008366056e-02,2.904103041619175360e-02,2.160615124975831525e-01,-2.623150342722637557e-02,2.844719687166967145e-02,-1.027689068075416101e-01,6.328008655571046304e-02,1.281350538262736143e-02,-1.051459713356887316e-01,3.185294533208043316e-02,7.955655393455135505e-02,-2.650316303754458591e-01,-9.502996697160397133e-02,-1.265625855662310673e-01,1.228639457546598368e-01,-5.872223469941796614e-02,5.215804246443836445e-02,4.754676299226322234e-02,2.009904683443720641e-01,-2.660763164866293204e-02,1.434672156530292925e-02,1.663019828342953144e-01,-1.200928138791791840e-03,-1.616846804792312631e-01,-5.854583046192368689e-02,-2.490177189335135988e-01,1.199569290043442649e-01,9.400860122876624272e-03,5.028254637893777093e-03,-4.024393484087662731e-02,-1.333507620191629328e-01,-9.984699657375676121e-03,-4.362664620852362007e-02,-1.669756193492003826e-01,-4.319968360723790840e-02,-1.868413782832165360e-01,1.714696260700354913e-01,1.427102133329063716e-01,-1.240244333044919489e-01,1.315322624927178774e-01,3.161588765087783998e-02,8.704964743971557728e-02,1.825216088633695444e-01,1.693275864526987140e-01,-4.627876512348653298e-02,-6.292211832367890223e-02,-6.846049796502318152e-02,-2.910191711637065415e-02,-2.607716111478051713e-01,9.857557066889742481e-02,-9.826876689647749685e-02,4.169987321554514265e-02,7.758476685594323241e-02,-1.817416361895640708e-01,2.253018585866822451e-02,2.146243402370864861e-01,-1.488300042081497077e-01,9.295852191550033061e-02,-4.953952318569944391e-02,7.416692862674510722e-02,2.226759378959164981e-01,1.442810128823849292e-01,-1.080870617655648874e-01,-5.413319183179796795e-02,2.817054137484217499e-02,-9.180131400349615667e-02,1.548945968378174221e-01,-8.130343103102080637e-02,-1.846643019764500349e-01,4.109629320696822630e-02,8.312097386138629640e-02,1.296539706820578064e-01,1.568458517252149798e-01,5.043987880783635386e-02,3.269008276168145627e-02,-1.044997627093365022e-01,-1.174250685811333850e-01,-1.290674165394561090e-01,-1.940640568351490736e-01,-8.842299798693314949e-02,-8.766093071283315163e-02,2.664742920502214535e-02,-1.295999764061724763e-02,7.149990662804190170e-03,-1.997781860691499878e-01,-8.032104092958278208e-02,1.216094185552676066e-01,8.394321834132466298e-02,1.134675691097674494e-01,-7.841528894677166073e-02,-1.491942017052804992e-01,-8.557550765579816088e-02,-5.980942134826820050e-02,1.354673263022576346e-01,-8.512047636734434986e-02,-8.811228111393899776e-02,1.738848721310342904e-01,3.390685855015716788e-02,-1.021412401556925087e-01,-1.797033198716679880e-01,2.024565409705121888e-01,-9.440336118769094079e-03,-1.293068230095666682e-01,6.687591612452685463e-03,1.277318160398790980e-02,-9.197387163837297819e-02,5.844099225330540159e-02,-1.065748882178202822e-01,3.024202262019832013e-02,-6.777780468131722191e-02,1.243540165877375370e-01,-2.191460025648636623e-02,1.176860206557264615e-01,-8.059146139038134149e-02,-1.716099526966502753e-01,6.208629194519833111e-02,-1.038430782650387602e-01,-3.676252079446951093e-02,1.328134223948304327e-01,-8.687113164142104549e-02,1.627538359205504825e-01
1.694683794451497527e-01,-1.280788620054055804e-01,-2.487931584891324432e-01,-6.015992652433951871e-02,1.668463809520344121e-01,3.639301256184074296e-02,-3.411015780057804481e-01,-1.556206393301340883e-02,-2.156633151054674347e-01,-2.584406673170457913e-01,2.054882223963380439e-01,-8.236638880316023148e-02,1.756341897502974592e-01,3.273002106315548582e-02,1.030389847137698628e-01,-9.251779947807256543e-02,-1.984925534149100113e-01,2.332987014440041640e-01,1.222287438438610513e-01,9.568338985879756842e-02,-2.145806265200094487e-01,-2.090073840722978249e-01,2.088605903973473621e-01,-8.185203537873261825e-02,2.352364466783347652e-01,-2.483476253491485597e-01,-4.266580004193717968e-02,-1.575921941160669457e-02,-1.735879459295544269e-01,8.612280012378305261e-02,1.139378955876503563e-01,5.514175311759323544e-02,-9.019605468426412920e-02,-1.362145329523268278e-01,-1.692301431767333220e-02,-1.974099584273157973e-02,-4.021583256256738154e-02,2.165802205678245551e-01,-2.332202691597348443e-01,1.010872457371528449e-01,2.999323863179384486e-02,2.785377976557416868e-02,4.558492738175610320e-02,2.245483664989490757e-02,1.923218444321060372e-01,2.390157892414055407e-01,1.319421219336538165e-01,-2.050423712608901577e-02,-1.320688440848462319e-01,8.590316023868609097e-02,-1.922362360604638332e-01,2.499919858634077341e-01,-2.819679465065147786e-02,-1.816956440453068033e-01,1.304794091034453263e-01,1.142044048876332402e-01,9.270761170972910414e-02,-4.508209596013870724e-02,-1.627511130369891090e-01,-5.871112768383727337e-02,9.209740561956610699e-03,1.617791562178293729e-01,1.458264227780765310e-01,2.889045054862993678e-01,7.406471479753551357e-02,1.484477125120806373e-01,-4.680062407318484607e-02,9.735082322138724487e-02,-1.036911519824474520e-01,8.390103933317623330e-02,-8.592324348752358731e-02,-2.241582619572150825e-01,4.330830411939096819e-02,1.060717208750335261e-01,1.762555723174946687e-01,9.294895019001173098e-02,1.020834919474606639e-01,4.073464355375004675e-02,1.321035850417500712e-01,-7.701003945854469068e-02,-1.813368794939430040e-01,1.943006290994628849e-01,1.119213556396212728e-01,2.167547415570621472e-01,1.109238523502517199e-01,-9.737802075170035043e-02,-1.531466597790611672e-01,-1.818422109260476316e-01,-1.339990888082502052e-01,-1.099881425924481050e-03,-2.069277848830384514e-01,2.134376285551695118e-01,2.669087734803152756e-01,9.949015094047378160e-02,1.150363793517849426e-01,-3.779389522728861250e-02,-4.962049473690025025e-02,4.015682046961179669e-02,2.146717133931227428e-01,2.849050454520253295e-01,7.123113831940137974e-02,1.454654441160268818e-01,9.186259756089791562e-02,3.402733112223689516e-02,1.887067173739032655e-01,-1.997660388032829470e-01,5.646753052603044332e-02,1.315538559813982933e-01,-2.061452091321460678e-01,-1.433936654177914716e-01,-7.803420420778410527e-02,6.966624546059053957e-02,-1.077959115670925061e-01,1.852477010165299032e-01,1.367681238190587012e-01,-4.278536530844333219e-02,-2.137620755522528504e-01,-1.316423677006403337e-01,-6.455975225248496152e-02,-3.712077687251885000e-02,-4.913282860754317888e-02,-1.719131797819703766e-01,1.446183506000131846e-01,-2.382097715268282900e-01,-6.474997763541344431e-02,-2.894880772982208472e-03,-1.166657043017263751e-01,-5.647430528673747646e-02
-1.649651098397914017e-01,1.771585824291607714e-01,-2.389985030037203306e-01,-1.762248177069209720e-01,-1.081216886239492470e-01,-7.362661320282257171e-02,-1.966916731444678101e-01,1.409940842997838839e-01,4.148270217213819583e-02,-2.283972799713982760e-01,2.449382421113814601e-01,5.695497473901116325e-02,9.953137669859928038e-02,-6.691961819398993538e-02,1.409821320620440604e-02,-1.672467709259708724e-01,1.033425331479547737e-01,-2.032220806162298998e-01,1.556132393839067540e-01,-1.295243039694235487e-01,-1.457199238086489268e-01,-4.883314593660566943e-02,6.451115793176094571e-02,2.761228918437889923e-02,2.184790551019125115e-01,-1.697873432348081801e-01,-1.275501476339737927e-01,1.198583870038189142e-01,1.502022231007656972e-01,-1.701495807107241548e-02,-1.262291814189538119e-01,2.032377644067002165e-01,2.001706270005459420e-01,-3.776072608190166047e-02,1.806797304078451849e-01,3.286639093478762458e-02,1.287806769530027984e-01,1.251862082960879530e-01,-1.765517882850978770e-01,3.778553874270072083e-02,-1.713913235029369819e-01,9.093475052477824339e-02,1.516927654043820906e-01,-5.237909337937976528e-02,2.611754394344303551e-02,-2.135198613743328200e-01,-9.044203229524330756e-02,-7.204797148676030105e-02,-1.753792989136693514e-01,7.646641517437019475e-02,-1.762807295792856166e-01,-1.445761335462282804e-01,1.157063117094569576e-01,-2.300048817106941923e-01,-5.118495837274997934e-02,4.028534817618297653e-02,1.324767020058750244e-01,6.937723801956892367e-02,-1.161286478724069260e-01,1.902344463652353435e-01,1.644861236876604682e-01,-1.661709107594356027e-01,-1.585069467453587011e-02,-1.042610435920882928e-01,-4.797534844500606077e-02,-4.444139675351511248e-02,-2.337635723026345036e-01,-8.898667257235383377e-02,-1.030658512249177927e-01,-1.643234044554486850e-01,5.447904739149016934e-02,-1.154687715404362491e-01,-9.932058833426012090e-02,-1.985045531809302433e-01,-1.704244859553362135e-01,2.083753233053906029e-01,-1.978375970382011684e-01,-2.281111358141514334e-01,9.626938061935066265e-03,8.019214589737316823e-02,7.293258638804464566e-02,-6.171498969256204725e-02,-6.081055910601280284e-03,7.396345546237003896e-03,1.641161378935862003e-01,1.167334921730703995e-01,9.214051228075974265e-02,7.681933735164599153e-02,1.618408807251555115e-01,-1.878519660117252688e-01,-1.420169559384986679e-01,2.739048030233148801e-02,5.070371996836230133e-02,-2.037608311008810291e-01,6.829913386367396366e-02,1.601675047821231879e-01,-1.766184466020223054e-01,2.651822360884586657e-02,-8.293908817303664860e-02,9.660893834243859668e-02,-5.118180184522300863e-02,-7.183870755672022539e-03,-1.356583970492361846e-01,2.584169545634773871e-02,1.671286593079358562e-01,6.062272033608669813e-02,1.297622055767722049e-01,2.090044443717433420e-01,2.001540162667004297e-01,7.862725325389768871e-02,-2.405942466753530906e-01,-1.457257005314968046e-01,1.026603451809503381e-01,-1.253851297100819218e-01,-1.126902525720955561e-01,-2.445545176419404096e-02,-8.243349799112642540e-02,-2.756376388778709607e-01,1.642276107227596815e-01,1.287179187812219905e-01,-6.897043220264516272e-02,1.285327774233336329e-01,1.616014600184197125e-01,-2.292356988797809025e-01,-5.228688870847186809e-02,7.933318021524435326e-02,-1.661488640828180929e-01,1.730951638426718453e-01
-6.558402558094454660e-02,1.362116974102411948e-01,1.887727396580284739e-03,6.454517469865120316e-02,1.744768337554864213e-01,-6.927727093486288346e-02,7.429015042417609627e-02,2.426253012805559828e-02,-2.047657924846788824e-01,-5.603097900726117242e-02,1.279375640849731155e-01,7.361876581630108496e-02,-6.408005512924572211e-03,1.924669277848068405e-01,-6.216086008298784410e-02,3.275324882675262339e-02,2.279774406957738725e-02,-1.178569752807047955e-01,-1.884051454796239200e-01,-1.110239549390157482e-01,-7.314582654353951607e-02,1.630230169239842986e-01,-2.125214227629121377e-01,-6.006486807522404096e-03,8.692477549987039087e-02,8.378652013748650110e-03,9.235030061042019678e-02,-5.265790718741670401e-02,-2.635604414983707192e-02,5.826181942934724467e-02,5.853967332992401733e-03,1.898090092591518951e-01,-4.917602523278911952e-02,7.554933431861718396e-02,-1.447067730493395710e-01,2.805042204107530829e-02,-1.216864420030335514e-01,3.509311110608805823e-02,-2.957807841172333668e-02,-1.673306726354951979e-01,8.533082846017629730e-02,-1.598397837986368919e-01,9.788044319279248784e-02,2.482788188192372181e-01,6.894652625482032560e-02,-1.115440903075476109e-01,-1.669763259658616217e-01,6.442555313808638780e-03,-2.301474426935339046e-01,2.371682944673103935e-02,7.968563983434714948e-02,-4.289590869509565113e-02,-1.366756265530318371e-01,-2.678569811367617626e-02,-1.334771733518742287e-01,1.761153087335750600e-01,-1.876387690830552679e-01,3.433201396833318597e-02,-7.760420381960762837e-02,-5.015944895500959455e-02,1.962353947286598066e-01,1.657895972509940974e-01,-5.587490611392996465e-02,1.793977846646541696e-01,4.950757506341084413e-02,-2.694898566646114837e-02,1.573447281496489769e-01,-6.049094427893299437e-03,4.849698333632639774e-02,2.008509466136157162e-01,2.306916285889119150e-02,1.026874448841091358e-01,-1.202411619146765732e-02,-1.573723567255294609e-02,-2.019361733391336067e-01,-7.025116663338176748e-02,-1.174070664064922609e-01,2.291359133448878441e-02,-1.273611133210690305e-01,1.754921412803435443e-01,-1.013290701804838989e-01,-1.533192187696188757e-01,1.237641192973226861e-01,-9.015458070808574087e-02,-7.723756498857413388e-02,-1.263324711904355857e-01,1.128162020309725760e-01,-1.538909301309125954e-01,-1.530826726612311180e-02,4.948690551358041201e-02,5.978745851274862994e-02,-1.200487322008100821e-01,-3.896511684282776347e-03,-7.162322413668516241e-02,2.314607392238308969e-01,-5.093349441423712654e-02,-7.233766256323527488e-02,9.774263650073437837e-02,7.549922642496435972e-03,-2.695783863169118888e-01,3.131250456495768969e-02,9.213021322822606551e-02,-5.369568714779889701e-03,-2.029491135511761468e-01,1.494847097404310987e-01,-1.306318644062320067e-01,-1.819585890599895728e-01,-8.683753233539830488e-03,-2.530921494808186997e-02,8.007718762262716616e-02,1.881281170300317176e-02,-8.814402118483626036e-02,6.870666905650027467e-02,1.965777504002235720e-01,7.115739295349082782e-02,3.862481594434267335e-02,-1.932125522313150323e-01,-6.281554430952306090e-02,1.079609420392835528e-01,5.668480588947907850e-02,6.087713041483988619e-02,-1.710739731920614404e-01,-3.605943849242606442e-02,1.447719477287114781e-02,1.114877274752287123e-01,1.913674662410167968e-02,-3.224284190372870423e-02,4.774600439843751376e-02
-1.472201536250929699e-01,1.868962189154316222e-01,-7.311109832048709456e-02,-3.483581678243377611e-02,-9.088375118137236031e-02,-9.366623500456786391e-04,-7.464191952700618971e-02,3.244217154856341573e-02,2.288021756681334340e-01,3.911653327384100737e-02,1.241508104929484047e-01,-2.062776323958378510e-01,-9.230593559533328829e-02,1.875785606283328077e-01,2.082602572047518863e-01,-1.331519732055841398e-01,-1.379845456125485537e-01,-1.619919371466268521e-01,1.240728985521447475e-01,-2.660595531478998632e-01,-1.431829799858318208e-01,1.352796582645864609e-01,-4.733061993847380300e-02,9.631657041383695494e-02,1.833174429100752623e-01,1.598332756210709971e-01,1.900435644015673886e-01,-1.269253860667560463e-01,-4.961440657365952939e-02,5.071546436467962160e-02,1.682544810098647869e-01,-2.409067822808036788e-02,2.539011951233504094e-01,-1.462510160417190286e-01,-2.682829593497693468e-02,2.352603342881936510e-01,-1.021242430228036790e-01,-1.449103982636028853e-01,2.196247698480627841e-01,-2.186185460955730187e-01,-1.366798011854720163e-01,7.239938655322862571e-02,4.205388471703803629e-03,1.557446548453370883e-01,-4.939388867880706996e-02,-2.392768542769635465e-01,9.693373764500162748e-02,-1.609856732085188369e-01,8.437059686753796417e-02,-7.526024941573246363e-02,1.541329947522566794e-02,1.871334935157197288e-01,2.751822072733867142e-01,4.016496825094293538e-02,-2.046945188279193917e-01,1.464712752386893024e-01,-1.799293204063657226e-01,-2.680936274368257433e-01,-1.288538461079407338e-01,1.226398656287557842e-01,1.036667340333080195e-01,8.032918206759654539e-03,1.094902889492108539e-01,1.095975259903537308e-02,-1.045575145595496330e-01,2.123755708393642028e-01,1.856773408385751778e-01,-1.926904771952554218e-01,1.854504156779785903e-02,6.870014693268955419e-02,9.957227209413700708e-02,-1.851703734516599309e-01,8.373570268912465531e-03,3.757045390497168458e-02,1.242127192666726831e-01,-1.203422148877455050e-01,-1.774528408126646029e-01,-1.828446481410599470e-02,1.043121861665045336e-01,-6.815663472760713493e-02,-9.256349079794483348e-02,-1.721449884757975390e-01,2.588976630040239896e-02,-2.571371020010689290e-01,-9.627898263942942514e-02,-3.994539836769617214e-02,-1.876713248185530036e-01,-1.449707618341180559e-01,-1.321920770098326259e-01,1.566769360390286581e-01,1.751369032500968981e-01,-5.294296659512753855e-03,-8.496733414281205932e-03,6.247640617022646309e-02,-1.208278730525468858e-01,1.376690406976502912e-01,-2.075909668928377708e-02,-2.450861722176622681e-01,2.484576045638027808e-01,-3.322401214085651117e-02,4.324718458709110591e-02,1.713126918118834385e-01,2.949875930959856007e-01,5.079500651006511880e-02,-2.971625477252100578e-01,8.526909447864032543e-02,-4.735885013687186895e-02,1.872911750220725147e-01,-4.456520443761499695e-02,1.731048138318625196e-01,-1.146520127344808765e-01,-3.356175975189915756e-02,-4.151114943266323576e-03,1.681656105238306664e-01,2.330572585033958144e-01,-1.167297286540131956e-01,-1.570406379968664334e-01,-9.902164671560212406e-02,1.551211078714594127e-01,-3.886090793747728339e-02,-2.136257455737587685e-01,-9.445930809566661923e-02,-1.318073836380743991e-01,2.197874518629343299e-02,-1.769102409985320590e-01,-2.374788974158348609e-01,-5.075841767581872749e-02,-1.301190120713599692e-02
-1.652534806185589622e-01,-1.832604696129399857e-01,-2.561585320319018089e-01,-1.221116049154850614e-01,5.308180969321480563e-02,-5.125668791021085330e-02,-3.048259846385892313e-01,-9.347448112879101767e-02,-4.619839114852648809e-02,-7.600937777153007890e-02,1.384970362585699055e-01,1.511369919431735098e-01,1.664526397066010133e-01,3.232175775518535132e-02,1.604062084958873813e-01,-8.682110477507633262e-02,7.025291762998880918e-02,-6.162079093776082900e-02,9.938352827114020627e-02,-7.247704408412265764e-02,5.952170288601796311e-02,-5.896028104067082415e-02,8.275733197639680017e-02,-7.911630305318435863e-02,2.600929620529600084e-01,-1.884764836377444963e-01,1.399733219374956483e-01,3.036612745370804306e-02,-4.134856555537492345e-02,4.284047426224820571e-02,-3.410059487024567210e-02,-5.255339322868562285e-02,-1.331652590537953651e-01,2.363809917990122508e-02,7.780879053759019726e-02,-2.515925482835667040e-02,8.796862449429271313e-02,1.758080343746101781e-01,-2.482709944743066721e-01,1.669959519516608926e-01,-6.426030671866440891e-02,-9.619444281239281080e-02,2.230080284685466985e-01,-5.182177812164626141e-02,-3.291769051937498691e-02,-2.688662186844952284e-01,-2.152527928180404393e-01,-4.675358368480900424e-03,-2.779079631326444519e-02,3.828489927385881481e-02,-1.651602435313410944e-01,-1.319009221849669691e-02,3.612859947057065618e-02,-1.444892305219303008e-01,2.216616338769976657e-01,2.122524625326167036e-01,-1.406634922569379442e-01,-2.415962257735761176e-02,-1.602339435394741218e-01,-6.518876323196343137e-02,9.259710363703528568e-02,-3.564682726066757679e-02,1.056030023403640994e-01,-1.050964256401745595e-01,8.839866843865541723e-02,-9.105942237317010690e-02,3.825724515101480705e-02,1.316546414444418611e-01,-7.407006131582628827e-02,-7.955939397175317007e-02,1.538011162458182979e-01,-1.041455002519405537e-01,1.423639691276965547e-01,1.065443023447717602e-01,-1.268804509893049944e-02,-1.564618879747479152e-01,-2.241844000569145900e-01,1.569414398205416436e-02,1.084294936823583869e-02,2.765539864952950080e-02,4.415983968006347710e-02,-2.477047274834944315e-03,-1.352774085783331470e-01,1.980622848351857035e-01,8.883605641344168025e-03,-5.464869611326399895e-02,5.391659504618664250e-02,-1.853713898583950540e-02,-4.368353194985982735e-02,-8.574980633300419153e-02,-1.188775576135616269e-01,-1.594441338180649648e-01,1.135416414280998043e-01,3.794022554528059948e-02,1.581963285719457657e-01,1.668588810031574332e-01,3.097911327427739156e-02,2.224642755375293990e-01,1.451492546250416349e-01,2.446221448689712974e-01,5.342422365168526116e-02,5.905207792484728352e-02,-3.007845659018570372e-01,-4.767738403929123320e-02,1.820977811869641805e-01,-1.517506855978986435e-01,1.465572285394735504e-02,2.259280906822312140e-01,3.969532636401792297e-02,2.142173174868628183e-01,-3.193350429730386630e-01,6.603616715857673139e-03,8.840513800955937529e-02,-2.008965308452509146e-01,-1.821027962940126310e-01,5.036683924823161240e-02,-1.980231190472948044e-01,-2.067682904214488138e-01,-2.058839814253601852e-02,8.824154507468053021e-02,-8.857166778834861531e-02,-8.857474228504864933e-02,1.742396808811269571e-01,-2.149306924824695431e-01,-2.368878589251186342e-02,-4.898328522251181594e-02,-1.941183721872604961e-01,-6.106057054668285328e-02
2.257116379750442325e-01,1.848232641180063418e-01,-3.431864460178359055e-02,-1.215074408078161833e-01,9.051814751590593622e-02,-3.182894436109975911e-01,2.029199117449606571e-01,1.563376213835229178e-01,5.873867079880116387e-02,4.391299132284789443e-03,2.243254263289300721e-01,-2.277996849006999336e-01,-4.847874664141350876e-02,3.456910430441234583e-02,1.306781580607388471e-01,1.773707438049045015e-01,5.699717892047596185e-02,-9.434031350904541202e-02,1.714865241980105259e-01,1.065831422772722664e-01,1.451328398733347236e-01,-1.949041202001137313e-02,-2.935468367605367085e-02,4.550413759321632161e-03,2.241832720772798937e-01,-1.312960557458241473e-01,-9.988639132477520818e-03,-2.796174398365382230e-02,-1.989504268846380153e-01,-4.376660886953478297e-02,-1.666034917513037894e-01,-5.104658972246853971e-02,2.192148430688487248e-01,2.071475044130251797e-01,5.378917524548084556e-02,-1.284257362753269717e-02,-1.486204712007413165e-01,1.894723184152021511e-01,2.165446047162623289e-01,-4.523713815752927747e-02,-2.262041281585418229e-01,5.026162839175520036e-02,1.608359043062059790e-01,-2.579873296316534392e-01,-2.778389653865760422e-01,9.316441019452527394e-02,-2.641356461266764974e-02,2.400004049384711347e-01,-1.073635222218776580e-02,-1.441808254434529257e-01,-2.254175176487539789e-01,-2.199936358857468854e-01,2.609903632606322757e-02,1.036798261397303411e-01,-1.514868343118205285e-01,1.387501506055382750e-01,2.442421720361718784e-01,1.861877797957421365e-01,2.318180829857733605e-01,-5.900769250684860523e-02,9.544061042785025040e-02,-1.799263850718099689e-01,-3.305303108599472878e-02,2.382310282007523983e-01,5.246952944390359530e-02,-1.114527154349121141e-01,-1.210245080406974760e-01,1.926117211983425503e-01,2.505504287066272484e-01,-1.120558071192270799e-01,-3.036222032654151692e-01,6.985321983745827745e-02,-7.654901568748800206e-03,-2.753866623915570688e-01,-1.820269482339736400e-01,-6.732517164485549155e-02,3.748583794815237014e-02,-3.061996528355718020e-02,-5.413003892941472411e-02,9.554734685673746397e-02,1.674744941312561464e-01,-4.112138051854722504e-02,-2.946594039573058876e-01,2.427675995248713969e-02,-3.118401613386146964e-01,-2.522743861712406152e-02,2.207516781326633315e-01,5.037953845354136567e-02,1.232718439098053897e-01,-1.100686869558890058e-01,-9.895632219194001877e-02,-1.566862118383314031e-02,-9.481638672756055597e-02,-5.929475490590735420e-02,7.483335595896592474e-02,-1.188284907788718370e-01,-3.506073759931328804e-02,2.032365898831163809e-01,1.761162932888394039e-01,2.549914343547790910e-02,-2.746327933472927363e-01,-2.267384220785493287e-01,-1.562939118847728459e-01,-7.806152922177338194e-02,1.988082065628614392e-01,-3.226001198227430034e-01,1.872984152918241718e-01,-1.232779761980350997e-01,2.945473411338614747e-02,-4.117758306052289596e-02,6.119556543186608494e-02,-2.002448021880995077e-01,1.138506056031417524e-01,3.062288102413900440e-02,-7.788648399282217805e-02,1.171455298517710131e-01,5.219071439754126296e-02,8.020323989753667948e-02,8.061122094211531364e-02,1.209854826648962267e-02,2.962008442093846949e-02,-7.905361302572420923e-02,-1.917107183322369623e-01,1.669994721349689071e-01,1.217431835027852627e-01,-5.509844567601183962e-02,4.484375003038616747e-02,1.412976806250352269e-01
3.052045803085378095e-01,-4.121529512208976787e-01,4.677736149865157483e-02,2.877553607766412669e-01,-6.699457843213652009e-02,-3.157400778091417476e-02,-9.084233864132550129e-02,-2.458355471019213756e-01,-8.222889372781974626e-02,5.208149128295275904e-03,-2.129801600677388163e-01,8.706383002432117879e-02,2.097653824054704005e-02,-3.842498748444721501e-01,1.336074887054216898e-01,1.113582001491610768e-02,-1.602393425319034170e-01,3.967116507782920132e-01,9.209362761639368344e-02,3.509649646079694013e-02,2.247010183290264196e-01,-5.243110931055713908e-02,2.490333813051148204e-01,-3.544541744207245215e-01,-2.420823265672509272e-01,-3.761241309234460983e-01,6.755942910957925263e-02,-1.117058641457276298e-02,-2.664400780222329623e-01,-1.770783898407593815e-01,7.013135535656579711e-02,-5.054410611957746435e-02,-3.289224466891833010e-01,2.807527539208302114e-01,1.422233952268989188e-01,4.608898164333965347e-02,1.729431913995018444e-01,-1.712607585689056994e-02,-1.333376081995049089e-01,3.543447021119174312e-01,-4.062735775508758557e-02,-1.647773778630047259e-01,1.319435592491053910e-01,-2.914861764991205084e-01,4.981383631427687558e-02,1.217217420413913981e-01,1.589652998887449223e-02,9.403790330548617016e-02,8.458865203032224500e-02,-1.969080872732063281e-01,5.019307703869790166e-02,9.427737647815622596e-03,-1.240380879813545584e-01,1.229783761039721368e-01,1.577568424166247985e-01,1.524709007500372748e-01,1.296997077970677148e-01,-1.097121919976749987e-01,-2.959874244327198936e-02,-6.837710707863746407e-02,-1.514015103804463580e-01,-9.144825116973948065e-02,5.048260484721379948e-02,5.554244752754063791e-02,1.941049050648989138e-01,-7.839281355592335118e-03,5.539746718706729800e-02,8.253132682400433906e-02,-1.620188990877944879e-01,9.919547856151592069e-02,1.044247441796988668e-01,-7.457935157675632531e-02,-1.629096549451659187e-02,2.011210132320339905e-01,2.653778559655405322e-01,9.447982613837987986e-02,-7.854428483372812020e-02,2.918866436754857241e-01,1.291379254171481361e-01,7.525749907642566294e-02,-1.882971021728311600e-01,1.653907636539646564e-01,4.548832202968732148e-03,1.578492997542902121e-01,-8.684916334739917199e-02,-1.870917478629035569e-01,-2.397429606114640233e-01,7.196391212254074632e-02,-1.596891646118410724e-01,-9.162138910100417477e-02,1.525281344440805598e-01,4.058180786928772960e-02,1.621556977381044817e-01,1.210213393054652281e-01,-9.478171643284277748e-02,-1.836695496609535849e-01,2.200697206566716302e-01,-1.290049528542870361e-01,-1.528739686532913922e-01,1.108643092616391490e-01,-1.592544937143256997e-02,5.207620545559590169e-02,-3.115717426162179504e-01,2.792714508601226719e-02,3.159341630206253387e-02,-4.801915413077150960e-03,1.866323506985556324e-01,-3.008973393568633026e-01,-4.920114290037650578e-02,4.044295646040547282e-02,-4.810366222395099506e-02,2.094641733200092448e-01,-7.052918778854798398e-02,-1.324034033069930102e-02,-4.964394932098901980e-03,-3.993130345000647091e-02,1.553601888526983388e-01,1.048837004395053729e-01,-3.185676259653241749e-01,1.462340025294848467e-01,1.033538401614178398e-01,-2.757104444063947311e-03,-2.749995648350867655e-02,-2.141145941400850183e-01,9.270142320286628435e-02,-4.159731886635763959e-02,1.602067668454692784e-01,-4.177936538617498807e-01
1.975624473901748390e-01,2.438974123449536846e-01,1.068565868430576826e-01,9.576226553207344006e-02,-1.042798494169717982e-01,7.602337396725344920e-02,2.179622719454657465e-01,6.166344792590756213e-02,-1.751903608580497318e-01,1.624233085022216416e-01,-4.959809124693290855e-02,-1.681243869495097909e-01,-1.321475870767670480e-01,2.611393036855692573e-01,-1.695459358782275827e-01,1.921366041925336721e-01,-4.031556745343257975e-02,-4.712525399664148351e-02,1.808528885935026254e-01,5.560227237797345928e-02,-2.710668331480857729e-01,5.374241465205962381e-02,-3.190749494131148722e-01,1.208591049325812572e-01,-1.585824771963033342e-01,4.373127714439777047e-02,-1.377882582663656208e-01,9.404472981389233599e-02,2.181619059766520818e-01,1.009192134371909334e-02,-9.928492539750370660e-02,1.277931030502361121e-01,1.437385576553060207e-01,4.582741401438791828e-02,4.816233859190634237e-02,1.087941502535959837e-01,-1.896493990187181622e-01,-2.070995017909498317e-02,1.772188787393631226e-01,-2.065038193427768398e-01,-2.015451584093125026e-01,1.798959583573066789e-01,-1.809200386086422807e-01,-4.805253811002091480e-02,2.653922850121280888e-02,2.786215796115779075e-01,2.923638704411853362e-01,-1.056683655655957788e-01,2.639904918355765462e-01,-1.405542786963710211e-01,-6.595636681189177841e-02,1.558654906777077465e-01,2.094316335035452670e-01,-8.187137385907172771e-02,-1.734162826126406931e-01,-1.376469807469552775e-01,2.734756872467354327e-01,-5.109588384298270614e-02,-2.505064799558021083e-02,1.464913267666390351e-01,-1.350395364622893335e-01,-2.131084473694584702e-02,1.521606672688362027e-01,2.175642700788560646e-01,2.790003456690080472e-02,2.391955336882822282e-03,-2.507302713168751973e-01,2.207731160439792284e-02,-5.326396034882300429e-02,7.404488556287140699e-02,-8.890342684084848179e-02,4.193452216592617743e-02,-3.213710287176724245e-01,-5.235495193689999882e-02,1.849523211959213098e-01,5.048899240472461136e-02,3.358829892985799037e-01,-3.850944731609984989e-02,-1.230300276475800453e-01,-4.608789405514781418e-02,-2.760872383024859031e-02,1.162393071015276197e-01,-2.460715214684983942e-01,-1.279005316458180219e-01,-4.609643865373377197e-02,1.256050755910502470e-01,-2.663693112226356297e-01,-8.497391996718750562e-02,1.763590181595554307e-01,1.960189364708914833e-02,2.055586200636083105e-01,6.656544338926621840e-02,1.455636417554865558e-01,1.411799285112758651e-01,-2.180715684022707934e-01,-7.825105635595312747e-02,4.009274855961931366e-02,-2.460844959639974239e-01,1.277915261026378313e-01,-1.052133870206036909e-01,-6.443125647788412735e-02,2.473483219557139068e-01,7.384226950805262979e-02,2.490859176960318611e-01,-4.540991075260852189e-02,2.336824628063559686e-02,6.429120908920078759e-02,1.587812948870265806e-01,-1.962362867410835376e-01,-2.548348289285076174e-01,1.114206112787532038e-01,-3.156497799538279247e-01,1.158339995471595885e-01,3.345446429062663707e-02,9.999163306415058405e-02,1.742676519321702472e-03,6.626396583581464945e-03,1.667629586146349152e-01,-7.712603030597317555e-02,8.479570674961106613e-02,-9.884379698902406863e-02,1.661353794024559294e-01,-1.237571857678665815e-01,-6.779054604210429935e-02,-9.122708429673574704e-02,1.769480071604371263e-01,-3.773900675007502148e-02,-1.229996838309458385e-01
5.685899705759765027e-02,1.676199067661270428e-02,-2.952149150973022995e-01,-1.212906047603052179e-01,2.088167292435115507e-01,1.802656509067714352e-01,2.121775113296421322e-01,1.342890901218932523e-02,2.084083415692426777e-01,3.714265283361496608e-03,4.206301082596766716e-02,3.691386738854947336e-02,4.997112684596786980e-02,-6.261029971413969997e-02,2.063860666643015374e-01,-1.383132494382783850e-01,-2.062549515678420708e-01,6.395538519642470637e-03,-1.571043168136762036e-01,-1.333498970138966011e-01,9.498471647355373471e-02,-1.105459648071253909e-01,1.695600327793154172e-01,-2.836647120576603065e-01,7.804307263722735921e-02,8.277390315970354837e-03,-1.615052728841017693e-01,-2.899862061550031317e-02,-1.209958772238132335e-01,1.201220545005265705e-01,6.418071505649060315e-02,-3.205668697959154073e-02,-6.016742066946227652e-02,2.120222768933786028e-01,1.871513045279213361e-01,1.137749647776115647e-01,-9.996784487112836057e-03,-2.282052646015634290e-01,1.660375393962675306e-01,2.027603049602845764e-01,9.712000266000744841e-02,-6.869088162675844600e-02,-2.073122538764693157e-01,-2.048800256019874810e-01,1.820404715454818911e-01,6.666687916111498080e-02,9.995313075711566297e-02,-5.558226504010047725e-02,-5.423591452963930776e-02,-1.031783560110184905e-01,-1.982661652785205064e-01,-9.364224602756417160e-02,-6.553082702925025482e-02,-1.424463686662323925e-01,2.992340023957052939e-02,1.803036693081627451e-01,-2.073144551088558496e-01,-1.590112723766490613e-02,-6.022628510611380270e-02,1.926615885396370798e-01,-5.029879126642405884e-02,6.173954840570709118e-02,1.907322864190116041e-01,2.367807550650768700e-01,6.812274487199276862e-02,-7.155364363740453204e-02,1.153910156523539482e-01,4.068675071480044869e-02,-3.132308323302637754e-02,3.464074779738278431e-02,8.208015213018442224e-02,1.003598450083997007e-01,-7.025269260270966543e-02,1.015630209381438234e-02,2.656179531923458237e-02,1.911462786664882840e-01,-1.105914705294659683e-01,2.525328661422573950e-01,-3.087741912695253846e-02,-4.310336979502389643e-02,-3.165487491758606220e-01,2.396539583640472648e-01,-1.176659383153281224e-01,1.411685076164801711e-01,-9.073226715654131302e-02,-2.318963357286929206e-01,-1.855521973317425521e-01,1.670078527622620435e-01,6.346165723433384864e-02,-1.732476502791699680e-01,2.124535544507544782e-01,1.777723600586288699e-01,-1.615653357649479704e-01,3.084737117568352449e-01,-1.058045426454132069e-02,1.326165796907129713e-01,-8.052577283163518673e-02,-2.080025052805044572e-01,1.122360098544717688e-01,-1.450678872512959072e-01,5.784361703163705404e-02,-1.678178729832702776e-01,-2.461989385393168195e-01,-2.160080993319227205e-02,-1.466028205758277136e-01,-1.128677698433749182e-01,-1.072814835049711209e-02,1.822530059841757089e-01,-9.384548539391783517e-02,3.961618915234985799e-02,-2.301623702956715964e-02,1.463224788094239504e-01,-7.053813270942765543e-03,1.664513651383233706e-01,1.672600305915923624e-01,-1.738955576023311356e-01,-3.044795231578885722e-02,-1.548006542264608043e-01,-2.524699972373375956e-01,-8.145861415798628935e-02,1.701087394104036643e-01,-2.347481319452576209e-01,-2.796168205044057831e-01,1.846859955124262043e-01,-2.089641431985975184e-01,-3.371262121322056438e-02,3.537312174277396776e-02,7.013389942031103552e-02
7.832187029241419185e-02,1.690007374363902692e-01,-6.903771427047458720e-02,-1.923379034093593842e-01,-4.442065548507850847e-02,5.717043295286768079e-02,1.797134293212476197e-01,3.665796345797057987e-02,2.093454813494507460e-01,-2.324232301875368001e-01,3.992251045307126933e-02,1.168815473277120404e-01,1.781788022103411584e-01,1.440036359706651781e-01,1.161230993225860764e-01,-1.741213603253786157e-01,1.027821077048637066e-01,-1.906532035193897190e-01,-2.062819642225573458e-01,1.815406281488800844e-01,-1.090626267089431639e-01,-2.477127318602316275e-01,-2.306611787997600235e-02,1.443647522086698685e-02,-1.624474813569223852e-01,1.076463725377424657e-01,8.013398321757739945e-03,-2.579795533889955514e-02,2.463946156028441747e-01,1.876106129733445815e-01,2.019367252889033848e-01,-2.559211093670428205e-01,-8.822461865852222751e-02,-1.036086154621424088e-01,-8.445407285410490641e-03,1.202303936644671112e-01,1.286326225343736585e-01,-1.914245817905632363e-01,-2.635450976562516701e-01,-1.603479600769090185e-01,-8.399255631346615181e-02,3.367331509892884656e-02,-2.284928659397695572e-01,5.718012331340394105e-02,1.911091259480399429e-01,-7.218516437285041332e-02,4.640897583221819528e-02,-1.076760325274140478e-01,-1.638839946330873931e-01,1.154947109040614650e-01,-8.230969488834825876e-02,2.732227936775482452e-02,6.681731697223254607e-02,-6.944098354952215300e-03,-2.917633227445852739e-01,-8.800668650440211793e-02,1.287682639874199175e-02,-1.202482042723375527e-01,9.691216584903590558e-02,3.174612513557507620e-01,-2.661614966078885147e-01,2.002525592822018419e-01,-3.585223879442428485e-02,1.615326964522213748e-02,-7.103990326662908139e-02,-1.855395539871931565e-01,6.386147721409403399e-02,3.210176040200687225e-02,-1.456706223420768109e-01,-9.879504431518477958e-02,-1.958553373522180507e-01,1.455422468602767527e-01,-6.476463186088543544e-02,-1.316920287171103043e-01,-3.069842476286203659e-01,1.161621725942896949e-02,1.289760656757349966e-01,-1.865908951240111691e-01,-2.707912583072571988e-01,-1.499458143679124333e-01,2.200435860975042679e-01,-1.444399164272104630e-01,1.763685893596116938e-01,1.368153307916611106e-01,7.393692082738673177e-02,-1.130761218072690311e-01,1.823519645119128230e-01,2.542944071814381424e-01,-1.424780787777427116e-01,-1.167025649886816729e-01,-1.866982247712977439e-01,1.373982062475892496e-01,5.868167584764986261e-02,-1.053332302659663357e-02,-1.984802068375436657e-01,-2.700164392895757631e-02,-2.061857346385535805e-01,1.709580033760393913e-01,2.414194739452210914e-01,-1.975559432449907615e-01,4.491770888287297675e-02,-2.384571634203287160e-01,1.018080369086875742e-01,-9.010656387725718419e-02,-5.426487291062279811e-02,1.830288091361917946e-01,2.719016675546126471e-02,1.860131560483192226e-01,1.466145617741390905e-01,7.656387003445230821e-02,2.626000698086228269e-01,9.278685554015346460e-04,9.945158231960470052e-02,1.011784553718563934e-01,-2.274391819383881491e-02,-1.108701073876476317e-01,5.208134199549677157e-02,-1.614798373848631563e-01,-1.026820879641879569e-01,-8.142707281425433374e-02,-2.638875364086539776e-01,-2.318476311639564580e-01,5.141750225618695047e-02,2.634545093297243068e-01,1.085218043400126287e-01,-1.979958459014647398e-01,2.172662389891298895e-01,-1.300751899816111022e-02
4.852003277926635050e-02,-4.439655066956531282e-02,-1.854302177382073646e-01,2.827230217942186888e-02,6.244057926899520411e-02,1.961721993193114508e-02,-2.335008635873650484e-02,-3.270666578347951325e-02,3.212330485649865508e-02,-6.483515192787553394e-02,3.592393167424523526e-02,-2.456223233156753227e-01,7.327949656725084304e-02,-3.861064671050942754e-02,1.347624817105642914e-01,1.945894496733606427e-02,-2.337558506750828657e-01,-4.598781739891898146e-02,5.024347594874733341e-02,1.812789149069106154e-01,1.167832584843531002e-01,-1.118020679045097221e-01,1.098741924569861389e-01,4.617383435424252808e-02,6.884527519262001460e-02,-8.220261896775424293e-02,6.603518881896261461e-02,-1.244842218406329026e-01,-4.184868498081732030e-02,2.098638684037100813e-02,1.867329296710516090e-02,7.160507697286004614e-02,-4.817754913305666992e-02,-1.030858141641007308e-01,3.953194547892745214e-02,1.333040415859128580e-01,-1.097160984811856449e-01,-6.223031246896005772e-03,5.300427557346890084e-02,5.975037555778851123e-02,7.532591931451487755e-02,-1.955070491193072746e-02,-3.703981807706836771e-02,-1.134148849761988376e-01,-8.971677060606599030e-02,9.734071687160418540e-02,2.034038680191970760e-01,2.463110390823172735e-02,-8.769279051487069432e-02,3.657289393561610757e-02,1.020256529696015740e-01,2.028471837414917711e-01,1.304320920809948492e-01,1.757899141423338585e-02,-9.156560630536044604e-03,9.223300748463668375e-02,8.322239614606578850e-02,-1.389603069470463775e-02,-1.438314592711152917e-01,-1.814238785472402915e-01,-4.385256378262743920e-02,1.975798020393385035e-02,7.908348115964922154e-02,1.398232318730319723e-01,-2.242654871279355436e-02,4.454566601846513679e-02,1.556631910874027858e-01,1.543844327205895206e-01,1.080254064131179054e-01,8.183952607976515900e-03,-1.329808489731451604e-01,-7.905164668832380392e-02,1.240362469568081216e-01,-1.060199993702211352e-02,8.566054728032036769e-02,-5.121494377405384074e-02,-4.765422841917541646e-02,1.278130432080039174e-02,1.256956453027578691e-01,-2.329762888528584541e-01,3.732948748285443152e-02,6.202954027973221762e-02,-6.810848542766013980e-02,1.250265869544901487e-01,-2.740623075535316144e-01,-1.316722940283220622e-01,-9.041996871601597208e-02,1.859391949970256794e-02,-9.706650889070589372e-02,-5.624230215220317464e-02,-1.385694189111364161e-01,1.376501176000430315e-01,3.660621592774412209e-02,1.541641104131298567e-01,-9.737641494644899698e-02,-6.182287839974086319e-02,-8.113274078138604795e-02,1.376637646885821298e-01,1.457453102370078191e-01,5.865702349498559676e-02,-8.232053474537753823e-02,1.144375612627846969e-02,8.277471354328601316e-02,4.493860591907774399e-02,-1.476556031834541927e-01,-1.919853195967205495e-01,4.311085997975069861e-03,-2.091859133769011572e-02,-1.240872580956123850e-01,-2.132004229374601448e-02,2.893765640613285006e-01,1.096197847442996892e-01,-9.772252174762774413e-02,2.873849078294433146e-01,1.706622440609140978e-01,-6.117985899592029431e-02,1.935958282454466883e-02,-7.338405344294085531e-02,-6.558421859741032749e-03,-8.178000549400614438e-02,5.076097977264109815e-03,-1.607118217375392011e-01,-2.444870332576261907e-01,2.457202737124856429e-01,-4.688110739750245282e-02,-2.104621374594930205e-01,8.013412020493473897e-02,9.806311104849292290e-03
1.605261330064118863e-01,-1.385548750546245211e-01,-1.587123941287568729e-02,1.839770573716099922e-01,1.398037573321802007e-01,-1.705521825493844512e-01,-9.804952461530276608e-02,-2.964271552539491372e-01,-1.206385873778943602e-01,-1.901529782517343281e-01,2.096409658928384545e-01,-4.991632428703192924e-03,1.147941878110837616e-01,-4.201500286896736602e-02,2.175564619552169121e-01,1.098562330837914158e-02,-1.447611806188017596e-02,1.884018364674289736e-01,-6.259721731481025786e-02,-6.718975076209365849e-02,1.476150313294922467e-01,2.431239950631179300e-02,-6.991398255309259901e-02,-1.503295515485651157e-01,-1.407868222914157585e-01,-2.565618719669026659e-01,1.498803728372010424e-01,-1.350721726050063132e-01,-2.304759162037754439e-01,-1.686456175800998269e-01,6.044959808329221362e-02,3.368427917426792401e-02,-1.630865140147042258e-01,1.742077042479952265e-01,1.289107759486639859e-01,2.845332004159419892e-01,2.071798568694444096e-03,8.956353420101223484e-02,-2.177719226849655076e-01,-1.095975868595261415e-01,-2.974088464953175137e-01,-1.028946609502467829e-01,1.977602506440369334e-01,8.196241908711848767e-03,9.351840056133754742e-02,-2.459144237098704888e-01,-7.929365048342107425e-02,-1.087868964271411637e-01,6.336626246025454934e-02,-8.261402972410683554e-02,2.746998590895938785e-01,1.533721043271091822e-01,2.121784659943668216e-01,7.279737608739288157e-02,-1.100971614332085513e-01,-5.538962834250797662e-02,1.062550695835804693e-01,-2.184099971955235642e-01,-2.254550809826413316e-01,7.948034412916482605e-02,-6.410828222088614525e-02,-1.197472488031901955e-01,1.771358808822241504e-01,-6.957231266081208287e-02,2.830685926562874211e-01,-1.477073738472013675e-01,1.762581901259218653e-01,1.152704512436702466e-01,-7.348920133253229736e-02,4.509464906879591395e-02,8.510527817109769799e-02,-1.088082726494894320e-01,-2.664127761427675933e-01,5.218498128108722822e-02,-7.289796843165913254e-02,-2.976275467174362976e-01,-6.499966397378582894e-02,9.406030823875326241e-02,-1.745544824541886419e-02,-3.087248694642409988e-02,1.423516576309676596e-01,-9.148670564588054499e-02,-2.109200296877574987e-01,3.563916127401043493e-02,-2.129861284468844707e-01,-3.180269617281929473e-01,-1.183919925116173472e-01,-2.204369871888279819e-01,-2.767185762955205464e-01,-1.072852001763587443e-01,-1.478568552962405136e-01,-2.309797398261299872e-01,1.860866374005840929e-01,-1.960761463303346275e-01,-1.769054540664528330e-01,-1.878159428716397183e-01,1.089268180030892597e-01,-3.316973317330113545e-03,1.507986374325075152e-01,1.320016463470642387e-01,-9.899053261584724039e-02,-9.183937524633442595e-02,-8.386858115102303890e-02,2.429158582944668243e-01,-1.762389097695142917e-02,6.784455497176655747e-02,4.325817537535796287e-02,-3.939002356535537680e-03,7.275365101495741282e-02,1.933718455297642747e-01,6.884960565579822944e-02,2.243633374474148234e-01,-9.854117408264079225e-02,6.823141946087188381e-02,5.591719185005735587e-02,-6.725690168431575078e-02,-1.339848953145624244e-01,-5.979081375721596869e-02,-1.276219013614230124e-01,2.851365533068578872e-01,-2.986515393741079327e-01,-1.544049328651348196e-01,-1.357494390448580612e-01,-1.702540372595839069e-01,1.618792166006130795e-01,-2.055059123209246053e-01,2.041064579972876047e-01,-2.965526914843422124e-01
1.697617223753656590e-01,-8.733662415619705688e-02,1.107461766389547103e-01,6.202904411041223164e-03,1.735055918838939448e-01,-1.589337708831484175e-01,3.385800367420183782e-02,-2.458811688636486359e-01,1.932837109484508709e-01,2.140350112362064683e-01,1.204998095796212948e-01,1.026409357822181262e-01,-8.965797266638615703e-02,3.332335149798589663e-02,2.033454147744415963e-01,3.043247040233593506e-02,1.381947068990873329e-01,7.615305099596678118e-02,-1.053771385155264639e-01,-1.958419436419517601e-01,-3.879070056324384480e-02,1.437178002602101101e-01,-1.011917493588385536e-01,-1.431254301425023412e-01,-2.186892040097562079e-02,1.137668429021285732e-01,-8.963671829744472574e-02,-9.814966992688516079e-02,-2.346703142977309142e-02,1.112506614658930609e-01,2.615538610931607000e-01,-2.792562713367074956e-01,-5.951616226384843882e-03,1.635572385097306125e-01,-1.287146075068525963e-01,1.905413777113073859e-01,3.253386168229830538e-02,-1.994612011679689767e-01,1.629817498222811967e-01,-4.538311923459439901e-01,-1.033930948460327487e-01,-9.496480765780631467e-03,-1.436599041234914997e-01,-5.855229120020038168e-03,1.776352344610995504e-01,-1.649444056725960783e-01,-2.412183400870798744e-01,-1.811541839115238806e-01,1.745263303627841989e-01,-3.820193278695281913e-01,1.529250139933651664e-01,-4.107193803578237240e-02,4.352174549035995460e-02,1.144219058877110062e-01,-7.315455549966612403e-02,-1.087882258841588873e-02,-2.511906096203652683e-01,-8.653559521364086182e-02,2.012111688786753505e-01,2.643351559084592961e-01,-1.642598278658095323e-01,1.433580353372506666e-01,3.371636434861192272e-02,-3.483394729884204538e-02,1.142315410917956048e-01,-8.038488145337253921e-02,2.191318848820867637e-01,2.433241718601446973e-02,-1.412128792407905398e-01,4.278717546569157232e-02,1.174704719890496407e-01,6.168841542474178680e-02,-1.962917464705692672e-01,5.876273001364848425e-02,-3.189938399822116466e-01,-1.479170475990989886e-01,6.543818831069765640e-02,1.710938124899256674e-01,-1.299742531281732061e-01,-1.545675115675659017e-01,1.279813337865561562e-01,-1.048577503626519081e-01,-6.625459680521569861e-02,-6.874219670865264198e-02,7.649805548377078268e-02,-6.242012269995008550e-02,4.036178436392592883e-02,-1.208993674177625960e-01,-1.696442967407478242e-01,8.016994334514590537e-02,2.625228203330959853e-01,-2.118483003250774821e-01,3.052089124926180702e-02,-6.945808225422766755e-03,-9.342521786298102482e-02,-1.045970222377727299e-01,2.771026131712832630e-01,-1.487878589658966355e-01,3.061651580127933703e-01,-1.663095834322966685e-03,1.150386497862727619e-01,-2.687982469982854727e-01,2.460810851349900727e-02,1.078985990350624785e-01,-3.498369558767128740e-01,2.320232948703521425e-01,-8.794954400034853126e-03,5.986881369085844673e-02,1.215614016873262232e-01,2.871194814327662770e-01,-1.861263716448775026e-03,6.136432114811622013e-02,1.154231353004456090e-01,3.966157970076033407e-02,8.798440340688407080e-02,-9.896499426709146063e-02,2.032155659232756650e-02,1.152786443183509285e-01,-7.450044397506083715e-02,1.898238653180078228e-01,-2.293682272741389694e-01,-3.157008765598471878e-01,-1.512021970812773841e-01,4.360978248264987811e-02,1.048921815929375750e-01,-2.140276857231812047e-01,1.469321369521818799e-01,-3.135358826667672960e-01
-1.791727082561932194e-01,-5.899859258360756753e-03,-2.772116372514549579e-02,-1.577423139472093061e-01,9.065287508940944594e-02,-4.275902673383481095e-02,5.925611814685467077e-02,-1.790071939410008972e-01,2.773251996226420643e-02,-2.546559539969984742e-01,2.574942442372389357e-03,-2.808116714737035613e-01,4.049193669004196722e-02,-1.489525099320478385e-01,8.986796079935147064e-02,1.709019916967841890e-01,-1.951200837265156807e-01,8.385637986020759438e-02,9.871387218446946166e-02,-6.672501553201422297e-02,1.832326585431638399e-01,8.567693454738034564e-02,-1.762906604914888375e-01,-2.423192659678716221e-01,1.967157889928380088e-01,8.259013788951509449e-02,-4.787165757528404758e-02,-1.005268060521849888e-01,2.943336977280232580e-01,1.102817307720461715e-01,-1.935211070665315003e-01,2.517151373217183744e-03,1.011604624330047497e-01,-1.410153482179860862e-01,-7.897088498891885466e-02,-7.374606278429628181e-02,-2.691712941567908079e-01,5.620215914356972015e-02,-1.140663030409890533e-01,-1.003008478282014782e-01,-1.051522394566737073e-01,-8.148266890300447096e-02,1.520771268178726932e-01,1.485624625522876108e-01,-8.518246700210785338e-02,8.392090418611621028e-02,6.746937352377496699e-02,-1.308431806739166481e-01,7.993111651267814210e-04,8.382583219512158845e-02,2.368250021120438809e-01,1.494615355894060860e-01,-9.129104261295800660e-02,-1.020857531221352615e-01,-5.153964142455381287e-02,-2.160498881245656866e-01,2.887181066648011329e-01,1.405475430542781068e-01,-1.767795077788731350e-01,-1.790578049275898531e-01,2.564591490168248444e-02,-8.422824584307028739e-02,1.768842923030842229e-01,2.230605302122045108e-01,1.101422981225037984e-01,-1.826928714815890809e-01,-1.976026664969748325e-01,-2.174238243201938869e-01,-1.243064179200067954e-01,3.558406016389552978e-02,2.163935433093482907e-01,-1.493890137252849304e-01,-1.311608639859225822e-01,-1.000133024934698051e-01,-1.096281882884729136e-01,-1.744129898378979637e-01,-6.666644229538906674e-02,-1.667369202307482368e-01,-1.078702253663880728e-01,-2.486796596339810317e-01,8.770345729525402811e-02,-1.883289637745309275e-01,1.164713219947037803e-01,2.754986076361843339e-01,-2.148423861577982152e-01,3.989248659314024309e-02,1.815353838752832571e-01,2.518151542467138015e-01,-2.038560324764854825e-01,-8.768846288359354035e-02,1.845390435749431624e-01,2.718933705042683724e-01,8.265706527719045293e-02,-1.634175885302260323e-01,9.205556789025358400e-02,-1.426853500293792099e-01,2.370762259628666213e-01,-1.370361707005796625e-01,-1.440726787406380049e-01,1.080807636554877577e-01,-4.989020631587671312e-02,2.189627657941782823e-01,2.506209842444121969e-02,-2.025355542843695622e-01,-7.656600716399075690e-02,6.005014958064418262e-02,1.140342163407578324e-01,1.846035253549357241e-02,1.175191408256018866e-01,2.946178480968716235e-02,1.169832116202882272e-01,3.433941959431500990e-02,-2.165797891581522361e-01,1.502924977388225315e-02,1.446676168306650079e-01,-2.539530342568793175e-01,1.485582012397374529e-01,5.205947326369947392e-02,9.355491218723764602e-02,1.952906206763146968e-01,1.464269937677790401e-01,1.939394291104023713e-02,6.091362038255125622e-02,-6.039066549012082202e-02,1.522599535878996768e-01,3.601416109450906317e-02,-8.941698040305184891e-02,2.150204774366784033e-01
