-6.097846402420743078e-02,-6.727310212645430665e-02,-8.791428678403315211e-02,-1.026878178956230486e-01,-7.233148190684854373e-02,-1.046068139384471463e-01,4.039003179714977659e-02,7.370220661898763126e-02,-2.244627063667850239e-02,6.632929537853522739e-02,-3.361981053062869373e-02,-1.208297209964003492e-02,3.108144521349541500e-02,-4.319549657174312496e-02,-2.160932587817140232e-02,-8.059289333794206200e-02,3.700221471378412064e-02,8.896658066137548559e-02,8.441033951422278331e-03,9.139948518267739658e-03,2.436487367937184827e-03
-1.304096859423543309e-01,-2.066595143873043230e-02,-1.728063473215471491e-02,8.358758386991248235e-02,-5.187987004936193969e-02,-1.876912722524867738e-01,-7.099154902170416725e-02,-2.998058912946302210e-02,-4.756181842350206551e-02,-4.004797804891373214e-03,-2.178017373657268468e-02,-6.290685249188222861e-02,-6.016502521294731648e-02,-6.616185060864598899e-02,-6.095765532964764200e-02,6.730743168128591747e-02,-6.190035937954371792e-02,9.183966609737023723e-02,1.651614142771086202e-01,-1.662381952960568787e-01,-4.156196252151457549e-02
-3.255902303821155835e-02,-5.345312466365672449e-02,5.131155888165034318e-02,-1.039328948003486602e-02,-1.550302993311283156e-02,-3.681072486857722703e-02,-2.556885951271012369e-02,-6.470530852118241971e-02,-7.262410187179867138e-02,1.513901740025644892e-02,-1.789286808259856268e-02,1.758106168341331405e-02,-1.372489945057127131e-03,-8.277205966321725394e-02,-2.769591260246193412e-02,2.307631120906574254e-02,-1.070499705701995902e-02,6.915111933907272523e-02,9.715418181885333154e-03,-5.827650754148810258e-02,1.710466448377949422e-02
-8.349989174577396311e-02,-4.196675923209185199e-02,-6.956323439987739752e-04,-8.389816726832015348e-02,4.216511461562787860e-02,-5.200174359102988780e-02,1.560510457731828851e-02,1.916853479154423043e-02,-1.107991464183175345e-01,5.584563196378611316e-02,2.907907877435018593e-02,8.534337181380848014e-02,1.708311853060733715e-02,5.098763472403199798e-02,1.647010819291643002e-02,-2.105085830937453856e-02,6.561336943664958232e-02,2.466897181281015039e-02,-1.057402733930012523e-01,2.319345374250267669e-02,5.872442000354660685e-02
-9.856444286296968393e-02,-7.140490087697649868e-02,-9.796490235273761990e-03,-2.913339828152455499e-02,3.209897385987271756e-02,6.840360107483402230e-02,1.074147659154600087e-01,4.027808532204731756e-02,8.662918302187352926e-02,1.233476780783049516e-02,-1.671778947404966437e-02,1.228679437085577336e-01,-9.071364696110336204e-03,6.667395918857481341e-02,9.913374401465593899e-02,-1.432645289236305353e-01,-6.180886922260152294e-02,2.156210911889090143e-01,-1.415791298121602537e-01,1.905943940631891209e-01,-3.473162669634625999e-02
-7.889443367561765896e-02,-2.672492038807926240e-02,-8.097735792019006285e-02,-1.318410557025286034e-01,7.381081929591203766e-03,-5.249939917950618984e-02,-1.001402672726986985e-02,4.520278474104866273e-02,1.883129661758413745e-02,-2.943248173099525036e-02,1.074912475622955416e-01,-5.578912378018109630e-02,7.792753346857700381e-02,-3.155984376486465487e-02,-1.644502909501544333e-02,1.075325717221275838e-02,-5.315564074869814394e-03,-7.749394179141066985e-02,1.020768781467957242e-01,-6.441982747328844905e-02,-1.376664329028434199e-02
9.587876463950895448e-03,-5.815655488285254721e-02,-1.006891785248240946e-02,-5.795384825185474070e-02,6.241177795299240189e-03,-7.473841922019149042e-02,-9.812315572425879540e-02,-9.268755006628864174e-03,-8.793350120947714121e-02,2.878078961479026490e-02,2.174995432235565448e-02,5.936122767409964668e-02,1.488767017557475307e-02,-8.224646421928959172e-02,2.773322753243489050e-02,1.461473758012259150e-02,6.058497562690504145e-04,-3.426949475600153758e-03,7.226523746991855846e-02,-6.205123255446690772e-02,5.228372958909111197e-04
8.988655466837783270e-02,-1.370372294987692863e-01,-9.031737452584230608e-02,-1.876378953076013045e-01,1.362507225641594773e-02,1.084124453350136623e-02,-7.092734503773183430e-02,6.128967544229395326e-02,-6.434799916029064482e-02,-1.538330932171982635e-01,4.237782973444582241e-02,8.924085531891400719e-03,-8.365485008166825831e-02,-1.329806264692781625e-01,1.265005106276924918e-01,-7.755334353754837068e-03,-9.863406343211437999e-02,-1.042570318235076093e-01,1.401872700116938708e-01,1.217594664877823772e-02,-1.120600023751055531e-02
2.720680322359720835e-02,-3.994541303298439899e-02,-1.183734289689074119e-02,-1.188888417177486195e-01,5.311508899156284352e-02,-2.378641684474514743e-03,1.510337873660186781e-03,4.004047162554372902e-02,-6.292955514150765095e-02,-4.910405086208624939e-03,-1.486662839804316627e-01,1.090073825009338221e-01,-4.890422873931286191e-02,-1.072206475196872122e-01,5.442726550287502185e-02,3.224477670324661649e-02,-1.558076565936687349e-02,8.096814370369743996e-02,2.409127300594855747e-02,9.543885118914208210e-02,2.939243846763361923e-02
-6.547467422503179535e-02,6.812376457006660141e-03,2.316804698636977695e-03,-1.046227402414310059e-01,-2.215593607716250554e-04,-1.060552395080040233e-01,4.611766839045734756e-02,4.820271498160440954e-02,-1.365661466105367872e-01,6.701621272057915746e-03,7.022468160722798725e-02,2.658944349964431630e-02,5.895507640894360329e-02,-8.299914779468403267e-03,-5.966680023697073371e-02,-4.833915204665784754e-02,-7.314181307413389344e-03,-6.457283279091358130e-02,-7.317200954545743929e-02,-1.299753858640529704e-02,-3.150992161397039859e-02
1.399880988262217248e-02,-2.739696387998645857e-02,4.147132039340310772e-02,7.146769434137961730e-02,1.044624847745340285e-01,-7.805081754706883965e-03,8.665584208540562036e-03,-1.157840849556699830e-01,4.029209300004990557e-02,4.164470640833130982e-02,-3.770332352420757704e-02,-2.276116134214726042e-02,-6.462183441369945269e-02,-7.302014296879962008e-02,7.291777304308282026e-02,-2.430636803301846390e-03,-3.609169645386899744e-02,7.357055622209353850e-03,1.072364029958797621e-01,5.507570829441153781e-02,2.180987435274993336e-02
-6.429255371308552347e-02,3.486290604778839036e-02,-9.880285163816469873e-03,-2.219449888262757520e-02,-1.184252025443407498e-02,-5.749368931145679845e-02,-2.581447937434455317e-02,2.761293356704086141e-02,4.850493013988039365e-02,2.932315100509821221e-02,-3.869039512360277627e-02,-1.233821911381351444e-01,-3.099673798310017409e-02,-5.833560806611637513e-03,-8.460112508530585884e-02,-1.328635580490163462e-02,-2.561358278174971290e-02,6.875488253580873399e-02,1.997415911340989086e-02,9.806197436709089901e-03,-2.278285842098449684e-02
4.536152748051460078e-03,-1.237291405456512894e-02,-2.401440844840448813e-02,-3.641120356129377150e-02,-6.040647270119275936e-02,-7.781247498586740807e-02,-2.741921562798705497e-02,5.960879861672504360e-02,-2.336062702898098961e-02,-5.475360075583132063e-02,-4.578888746132062093e-03,-8.750116457776041523e-02,2.881906707094562207e-03,-7.092816761725471986e-02,-1.166815587984133124e-01,-1.288813284494050304e-02,-6.553891403055965570e-02,2.554501503665431231e-02,5.338653527095744977e-02,3.508767746416058177e-03,2.817425367884023729e-02
-7.045575263905964891e-03,-8.769536074141567883e-02,6.179581719670451667e-02,-6.357433412853706611e-02,4.476948859625901056e-02,-1.306776868643891032e-01,-3.448614132246631547e-02,-5.874723432510324528e-02,9.623310997467138250e-02,8.152876974833142554e-02,1.280240455548483092e-01,-4.815776907708108241e-03,2.250281202621392390e-02,6.535279991247669451e-02,1.139785119245539241e-01,-8.870054643616898105e-02,-3.673753306273400132e-02,1.108840807420028302e-01,-7.112710615556376570e-02,-1.990084521316592362e-03,3.278241249545223168e-02
-9.479859838224781454e-02,-7.434770605147601741e-02,7.441149748994450863e-02,-1.081812222235320475e-01,8.126771646555393247e-02,-3.541843824255348078e-02,-1.116634680838656801e-01,2.736958116584525813e-02,-9.286640030816860347e-02,5.898564183460663912e-02,1.007796050184268065e-02,8.092049477090854093e-02,8.740233122400497753e-03,-3.660343212706251154e-02,3.521690926672478572e-02,-1.464180281648328093e-02,-1.019602621701912876e-02,5.050909247947750480e-02,-1.200667080621194704e-01,6.473606057241784728e-02,-3.614808817593293672e-02
9.106643809379965163e-03,-8.399039719544533489e-02,-9.101793013896789485e-04,-1.453994836247583279e-02,-4.044797002097125921e-02,-8.105265323495172702e-02,3.619769512232941244e-02,1.480657388616431203e-02,1.272089473722844422e-01,2.843448702627364086e-02,-7.473025205136210602e-02,-1.724840445064599881e-01,-6.982323652777470968e-02,-5.249530207268596205e-02,-8.166886005119106118e-02,-9.766879352117373292e-02,-5.555784836245322711e-02,8.262244713065639012e-02,1.286522883125238992e-01,3.069262483572979955e-03,-5.892805342028725052e-02
-6.199611176692378101e-02,-4.509519498778443054e-03,4.780845491795751578e-02,-3.491916324598751120e-02,-2.881600026389767241e-02,-1.681142005471357448e-01,-7.344920947720798288e-02,3.110729024734461279e-02,-1.352785190992616404e-01,5.366605003896398468e-02,8.904183836418502751e-02,-8.149528617580968203e-04,2.360067317583938729e-02,-4.417628663053432131e-02,-5.253482508711747323e-02,-1.910210890050056259e-02,1.017833169835727185e-02,1.287677785209814362e-03,-2.398945794050890215e-02,-1.045503275808022103e-01,-1.620821654806102463e-02
1.173987234435812654e-01,9.024515452304646135e-02,-3.826801611831021771e-02,1.256261042558650363e-02,-5.255319964279397960e-02,5.211321529791957535e-02,-3.704556237319964196e-02,8.953769124078662586e-03,-2.701311004537337856e-02,-1.940434590800332176e-02,-1.243855606027781252e-01,2.349804350510389939e-02,-1.253561913163399842e-02,-2.134439821574143914e-02,3.175958186377245834e-02,1.124264469730533872e-01,1.203328861776804815e-02,-3.863659177868893763e-02,9.829681620545201171e-02,-4.279807187568724497e-02,2.662737768106639147e-02
-1.357602425241608013e-01,-1.340337132018932544e-02,-3.743139278236936457e-02,-3.300721028731086470e-02,2.335244784859627151e-02,9.974906360823312598e-03,5.488271342732929658e-02,-1.383145660795930820e-01,4.262213939974702354e-02,1.375939116930651185e-01,8.796014369775094488e-02,4.247254275568541904e-02,-3.883501525752316302e-02,1.387427961149683420e-01,1.325787210768055169e-01,-1.262792725574370112e-01,1.548136003736112210e-01,1.574271915749041462e-01,-5.768830705054413949e-02,-2.855414772194053707e-02,2.176285909072482941e-02
8.587974172931792105e-02,7.912871178906884240e-02,-2.932043722457062379e-02,1.199994965084407311e-01,1.399635119367744207e-01,8.629068054121415143e-02,2.117585336014776720e-02,-7.963229679634463432e-02,4.933013617362099618e-02,-5.929839324659928745e-02,-1.165641631835178382e-01,5.383253994848932050e-02,5.854447412196994022e-02,6.190667666876210895e-03,-4.814629195342771950e-02,2.110730619653966578e-02,7.047419183315560554e-02,5.764943122682503196e-02,-2.698797057244629524e-02,-1.812331605960827707e-02,-1.012761449339606712e-02
-1.041480437119153418e-01,-7.454167730482481879e-02,4.475392328286964538e-02,7.421677442701010707e-02,-5.178966278526104389e-02,5.372005084306231970e-02,-5.573370709804423805e-03,-1.140332319748294659e-01,1.682829947955636826e-02,8.180748752633316620e-03,-2.175451592240138302e-02,1.384825462461942713e-01,-3.706129665945954305e-02,3.854150658708607388e-03,3.909257942880863847e-03,-4.541718452897262892e-02,-2.372732325733799968e-03,2.167895637280862209e-01,-7.033580958031925012e-02,4.692063431473550428e-02,-1.450140530841003382e-02
-2.971286304744653623e-03,-4.034388964705989955e-02,1.971914751661966655e-02,7.710290030643135450e-02,-1.213962185560174822e-01,1.131804296545769611e-01,6.523182140944262797e-02,-7.975821996471307504e-03,-3.625763883208221044e-02,-1.031166516220323043e-01,1.420840119382729694e-02,4.029537028515337016e-02,3.553508724503517957e-02,-4.657239086423360652e-02,-3.993902803221151265e-02,3.136131488207916790e-02,1.793155763274170353e-02,-1.916247268297684436e-01,1.494681466671462511e-01,-7.713869752611191011e-02,8.752208271530788342e-02
-1.537457846222864237e-02,7.940991195265878488e-02,-2.919490657748225956e-02,-2.815835873891300162e-02,1.021272074310073871e-02,-9.508068105957512284e-02,4.307805307411603779e-02,-3.283282235491368634e-02,8.168403918607014536e-02,9.405328511238901512e-02,1.450087849459222866e-01,-6.456809246777810152e-02,3.450486289237826576e-02,1.456061002091395273e-01,-1.218556991130216594e-02,-1.100534623344969348e-01,5.146350570509533595e-02,2.508788033230208506e-02,-1.262234954291835964e-01,-8.643766220066921580e-02,-3.214490509031221743e-02
-9.341559010508429517e-02,3.078100029787880429e-02,6.799150759140944189e-02,-1.555832717856646952e-01,-8.244901990487296661e-02,-8.036696315403141222e-02,-7.732468514138635118e-02,7.167209021788686907e-02,2.588345930387818752e-02,-2.731157226995002685e-02,7.688056650931530955e-02,-1.167564541746796414e-01,5.407322477098115004e-02,-4.019617901361809131e-02,-1.444793442601515765e-01,-8.558268581911268602e-02,-1.079173305519686016e-01,7.320805485716942729e-02,-6.203213589970318909e-02,1.137385891725223447e-01,-3.397624792162047547e-02
-8.331532683379153092e-02,3.892347486980844012e-02,-1.444747949985523694e-01,-5.167082724716769160e-02,-1.203352814775797697e-01,8.086894177258069361e-02,1.113212042287645663e-02,-2.322387907090540243e-02,2.078105792236703206e-02,-1.886275859434995150e-02,-2.935015643165957144e-02,-1.278749808958677160e-02,-1.724498016017986593e-02,-4.340907505486843974e-03,1.280017711122152513e-01,-1.207035591497987170e-01,-1.302480955791668685e-02,3.136664533947529365e-02,6.841915718020401271e-02,6.172082835052267180e-02,7.365183314355304434e-02
2.422285153407257099e-02,-7.595514203698914765e-03,5.949715056522528883e-02,-4.786075028757094674e-02,5.403645960378002794e-02,2.977670266659869155e-02,-9.268675351267617601e-02,1.583804087383578309e-03,8.193811099638197495e-03,2.154614981737689935e-02,-1.610100261198764704e-01,-3.677228200979738328e-03,-2.458103958855190757e-02,-1.020770638540818009e-01,4.403635354316453275e-03,1.057596679723391969e-01,-2.401715726326987543e-02,2.518327191438569923e-02,1.055413778111258111e-01,3.254745933683318715e-02,-7.487383301246504363e-02
-4.717472408568434972e-02,-1.147451290165262539e-01,-6.604935689333266136e-02,-1.262671070204615387e-01,4.214030152570146653e-02,-9.785742058158653292e-03,3.300932421000694894e-02,8.351617057535937194e-02,-1.183751200869010214e-02,2.344475619465622579e-02,4.310615103666680381e-02,-2.412685869553159862e-02,1.482691251307386056e-02,-4.217267837399901048e-02,-2.367288795380900410e-02,1.939067138648785382e-02,3.358021035953229205e-02,7.743477492054662292e-02,-7.818314223854352929e-02,1.207200809566730121e-01,2.155374401805772860e-02
1.858522515086779014e-01,-5.947503760696386255e-02,-2.189324815221433546e-02,-1.809982586477171529e-01,3.634403251394902317e-03,1.230401846548837691e-01,4.759631465160743535e-02,5.993896714815837024e-02,1.608781974923082225e-01,4.477294607860081432e-03,2.648788003961497807e-03,4.110458295596775696e-02,-3.427582472608974723e-02,-5.645262491436480595e-02,-3.362943845026558631e-02,3.994125846066393787e-02,-2.146972036205977916e-03,-9.034866292441817714e-02,-4.912949206361510307e-02,6.700661399188199974e-02,-3.332562786953247036e-02
3.274301784304121943e-02,-3.357861423781593330e-02,1.299826204139340469e-01,1.785821044495011500e-01,1.966170730429817742e-02,1.149817404546670530e-01,6.655018959700975678e-02,-9.918001953237083612e-02,1.754043457269423983e-02,4.394618557637397505e-02,-6.237292356992831660e-02,5.133869592120842568e-02,4.227676174565489498e-02,4.644227630726906197e-02,8.046489031638719147e-02,1.439262814963192805e-01,-1.018448202969147037e-01,-7.986553640495418216e-02,-2.018234056582267691e-02,-2.342113207684549253e-02,-3.043028803103689506e-02
7.589280449274775353e-02,-3.632713921241625260e-02,-5.631423534906369183e-02,1.350753810936066446e-01,-8.489131688952832044e-02,1.103228183662411377e-01,4.644393797603947605e-02,8.233394119428727106e-03,2.756101598189939373e-03,-1.527117473592614072e-01,1.037586551867149681e-01,8.569044997556692685e-04,-3.918897036489658176e-02,-1.241879535728807743e-02,-9.588843492004085756e-02,2.947605948686101568e-02,-9.652461875427975624e-02,-1.043404002538523556e-01,1.422854233708789953e-02,9.676656506707351918e-03,2.885746037691193713e-03
-1.132106563712634295e-01,5.727384997272060019e-02,-7.066442411266408985e-02,-1.039670844694059321e-01,2.551058341389484188e-02,1.692165073345806153e-02,-5.291437066033703642e-04,-3.081179071620894147e-02,-1.299417250782064215e-01,-9.560035714473516522e-02,5.883819057722550899e-02,-1.132995609144181633e-03,-1.755917032726261873e-02,-7.465977377798459214e-02,-7.502722625856085570e-02,-5.226446144732578396e-03,-5.215909650070007716e-03,-2.920925973807683013e-02,-3.616120837678110655e-02,7.277351639729971733e-02,7.545282960823211649e-02
1.370523237934756847e-02,-3.112413598042496413e-02,-8.984474212414611527e-02,-3.217512114709312337e-02,-7.980569496632172743e-02,1.753452029898926456e-01,1.198028345582824970e-02,3.311997667266303180e-02,-3.133837298627837470e-02,-9.459540117111674140e-02,-1.075101152089557449e-01,6.542645234539114230e-02,-1.186946442917513438e-02,-9.290415346943250996e-02,1.306978075086600612e-02,4.020439133816388309e-03,-5.937983186495510851e-02,-5.721739336878679111e-02,1.873207449979449185e-02,1.668398793870978225e-01,1.994941586697018474e-02
-8.012806593157555113e-02,2.292454552325832312e-02,3.759562348421641165e-02,-2.566590668266775441e-02,6.978518853042528503e-02,-6.605307052645363608e-02,6.720805187013565926e-03,2.189882814293928927e-03,3.314922976775872693e-02,8.154811486195048809e-02,3.814440236105636622e-02,-1.923359021555061735e-02,7.150503296453827526e-03,1.170171803309414393e-01,1.496120311474918516e-02,-9.167865366499773627e-02,8.419263454508532640e-02,6.485655730003418717e-02,-1.289410198326853829e-01,2.206503328616855539e-02,-1.949063513489254773e-02
-4.542813475236619908e-02,-3.936963581312533621e-03,1.587527158541257241e-02,8.959940377076436313e-02,-2.740483578190410288e-02,7.060440466781043797e-03,4.940439300705416759e-03,-2.336891875247644815e-02,1.812432302365978021e-01,1.184320019629686860e-01,-5.699315234342021419e-02,-9.006788484726138688e-02,-1.754781705611067888e-02,1.105603405234079212e-01,1.065574637173311370e-02,-2.452346823908329101e-02,1.543067483205838759e-02,9.168366771108725499e-02,-1.055738581981482613e-02,2.604884552792827504e-02,-2.791143256687102225e-02
-3.119569489255460612e-02,-5.823815555923771148e-02,-5.052579191646779100e-02,-9.834603518988345450e-02,1.554371489768908467e-02,2.869328308190097557e-02,-3.372123543822505565e-02,4.492894866381668545e-02,-8.511771343227725328e-02,-7.735647169049933436e-02,4.814014498229195888e-02,4.700117098110084823e-02,7.575726216533078261e-02,7.692015640953571431e-03,-2.468157184696109091e-02,-7.646332472441924599e-02,5.324159105308479134e-02,-4.239864058006982683e-02,-8.378975737750236907e-02,6.997774388918018285e-02,4.242765282758485801e-02
5.082120847634881422e-02,-5.276827240768558296e-03,4.598126591835319243e-02,-9.069490999898842040e-03,8.849045189799979727e-02,4.572922859097176135e-02,3.592152324883002290e-02,1.255526934221924129e-01,6.757997290563806658e-02,-7.829557575687801085e-02,-3.625475724834925639e-02,-4.212047414280774282e-02,6.964986013290971889e-02,-3.579345387599700695e-02,-8.311310487809235592e-02,9.131815750517298380e-02,-3.086445729500002580e-02,-1.179656300738377191e-02,-1.949659528725194296e-02,9.429328130064631996e-02,5.943416718894382889e-02
-1.197062354941382800e-01,-2.047879205728183119e-02,-1.104697008133862651e-01,-1.350585708315726330e-01,-3.637928425871873872e-02,-9.571342202902313745e-02,-8.082676154313786498e-02,1.045951260084823364e-01,-1.081276241432042734e-01,3.631736679463999813e-03,8.547487006553788902e-02,1.592244942282977291e-02,-4.168875428520180115e-02,7.207093064296443696e-02,-3.321778351834884374e-02,-1.046452771995702441e-01,8.867642855992821649e-02,2.770300767878904058e-02,-6.632661911263811050e-02,2.009361302397333349e-02,-4.214275202160197575e-02
1.044606808036241813e-01,9.798803067107540038e-03,7.765893646373528414e-02,-1.286939169056414700e-01,5.543486058762002455e-02,5.781875422473237158e-02,-9.234604575766168499e-02,9.450765035281158410e-02,-3.842773206245926609e-02,2.968075223400053891e-02,-9.544621815006656962e-02,-4.188718802795686480e-02,8.543067771406549771e-02,-1.226220670465251600e-01,4.045078221180465478e-02,1.557794891293640960e-01,1.893130247219234133e-02,-1.712685701975214525e-01,1.517564218957435929e-01,-2.914607486308617990e-02,-5.262013645205965151e-02
8.689029317928582963e-02,3.906640173546145622e-02,8.143770202234625055e-02,6.739184125718830631e-02,-7.955600878832579104e-02,7.193264218925336621e-03,4.322713063148240359e-02,-1.058074226412553109e-01,8.873757405542279098e-02,-2.155360492757575283e-02,-7.648572739117539057e-03,6.874485347429294679e-02,2.779929585789089191e-02,-4.315732103036596518e-02,4.440170684713308502e-02,7.056986860956086793e-02,-3.757287361476659843e-02,-8.570674293539630451e-02,2.140612564381348150e-03,-1.327953259707934943e-04,-6.174834054077750489e-02
-7.091292611851511551e-02,-5.034372739906751819e-03,3.820311095497520848e-02,-1.507788762896462333e-02,-2.564714618541513377e-02,5.773102455553271589e-02,3.155405434026332251e-03,-7.653228159710949441e-02,-7.769520167275774380e-02,-1.370524519086180892e-01,1.821436900361498787e-02,-8.488005407247114359e-03,9.958882070415289722e-02,-3.045858665931570203e-02,-8.944043298426626598e-02,-5.074421799134539585e-02,-5.993740716421351068e-03,8.894371094330460418e-04,-4.690288101322676040e-02,7.293758759509005180e-03,3.392618462301965482e-02
-5.732817195003584582e-02,-9.649886178673976536e-03,7.305841400856480372e-03,-9.413981850886200820e-02,1.445650959562455357e-04,2.115142023909548363e-02,1.975586882446579012e-03,-9.718161991287256607e-03,8.237334275320026822e-02,7.896207397263599326e-02,-1.569568629898709933e-01,-7.382817014849940573e-02,-3.724789013803596338e-02,-1.103175907484293949e-02,-6.582104725696347712e-03,1.700571848680535250e-02,-3.135519959810983970e-02,9.531886029106141633e-02,-1.115189864895460743e-02,9.066182427695333723e-02,4.794080344400910437e-02
-4.797940185130375457e-02,2.528363269406177019e-02,-6.707967020107603873e-02,9.461919448358560580e-02,-7.400556970913364785e-02,1.728078108758242803e-01,1.001237981806231969e-01,7.758213735521682364e-02,-5.688925964760223331e-02,-1.399309621655174252e-01,1.262051119805972788e-01,4.986265452902972906e-02,-3.846770689440762864e-02,3.997119909405258929e-03,-5.777704636410549953e-03,-3.113975895575879158e-02,5.835205387685685890e-02,-1.117991487284689944e-01,-9.094437953549826259e-02,7.443669168119203261e-02,2.279781900404825520e-02
-3.870502603101975535e-03,1.065677131509214226e-01,6.480653175612131021e-03,1.059909409989751722e-01,2.179556743845901742e-02,-3.843111832104447595e-02,1.149266113623870489e-01,-9.872959777663345426e-02,1.230269945211506788e-01,3.477386860238600857e-02,-1.011929381582524490e-01,-2.874026300616716253e-02,-8.216538744457942134e-02,2.519595434848294346e-02,8.233175815078146165e-02,-6.784799164401689175e-02,-2.530173447604440115e-02,1.513355398633334237e-01,-5.580816685601817234e-02,-7.309508855033482189e-02,-4.766500273155001126e-03
7.498867477624439337e-02,-7.845443133907252162e-03,1.173978737489270695e-02,1.408270763007448412e-01,3.866548322994049075e-02,5.780202936957084398e-02,-1.406160069546774985e-02,-9.022629867584594510e-02,5.508170412312823894e-02,-7.046525977030800025e-02,-6.352926332740415141e-03,4.404435658158344785e-02,4.330099511819955616e-02,6.814449499223729223e-02,9.318682383168715166e-02,1.006407674194892965e-01,8.425843181440288709e-02,7.141270634281293717e-02,8.046776088941400007e-02,-9.654720957722009653e-03,-5.887411629508351035e-02
6.151613785986056321e-02,-7.169577881710230416e-02,5.482906213011207869e-02,3.460533683002998961e-02,-3.650610721308037571e-02,9.218945231971197030e-02,1.627428392634549734e-02,-1.024702822891668252e-01,1.198159348954563885e-01,8.746236638531496022e-03,-6.801402851705644348e-02,9.024205365350551622e-02,-9.322342662454387308e-02,-2.113461213798143931e-02,7.165592014957791744e-02,2.014492316564846230e-02,7.355835916516756390e-02,8.159765173355573720e-02,3.067788203582761872e-02,-3.181147243537737340e-02,-2.736252875910038032e-02
2.070645550019413125e-02,3.966196241454645471e-02,-3.251653369940592925e-02,5.437700301221537469e-02,-2.080635249390576022e-02,-1.023899726483531447e-01,1.482483059525965541e-01,7.906858871861414950e-02,8.852266355478448367e-02,1.857743174833151019e-03,4.818723342155267243e-03,-1.013705743157145844e-01,-6.712898663094878614e-03,9.167035548855917426e-02,-9.949958078908056891e-02,-1.381161997247549490e-02,3.168061808753430686e-02,1.013566755449877704e-01,-4.356692901786259065e-02,-8.960080067455864286e-03,-1.142953378977619727e-01
-8.007961433689272934e-02,4.876620009491401675e-02,-6.001158569501537435e-03,-9.714957363746862251e-02,1.988509008854121018e-02,-2.161912125641406862e-02,-3.976505879606280491e-02,1.892074945652429813e-02,-9.247428195686013819e-02,4.401349165668241858e-02,-1.376413548766660701e-02,1.287460810629010612e-02,8.229470411780839476e-03,-1.998996338510306003e-02,-3.149047851049142227e-02,9.231498700047038874e-03,4.060487507269955332e-02,3.536326959479416110e-02,-1.085285451407767138e-01,8.155710830268381173e-02,-4.154187741467995493e-02
4.264174457459896095e-02,1.955994687257347001e-02,-9.688827328895852076e-03,9.035619087082667755e-02,-3.179037275479017904e-02,1.519562948584188000e-01,5.191286419787535106e-02,2.863254082965246625e-02,2.089132873558405962e-02,-1.403482137071778574e-02,4.940324055900419120e-02,4.806535631387489488e-02,4.099573693375493932e-02,7.141270196567092721e-02,8.832164603214395782e-02,-1.579517400901089483e-02,5.157073095851553296e-02,-1.292695573486992988e-01,-1.970629548000709871e-02,1.978550765715957754e-02,-2.366752211501864725e-02
-7.687516725682325136e-02,1.211877983789158043e-02,1.877921544259023023e-02,-8.916318733659824025e-02,3.550982250153348480e-02,-8.355025379842925815e-02,6.350475924035020592e-02,7.084641218754278436e-02,-5.939437138678916109e-03,-2.877873808639256833e-02,6.215998288526261573e-02,-7.711565364260392075e-02,3.869596510169311804e-02,3.574032583675292030e-02,-6.904719270057244063e-02,-8.340205191420967112e-02,2.773002074226755403e-02,5.900338750807716109e-02,-8.384041798366442810e-02,5.358062896326556274e-02,-6.336052682682996075e-03
4.523588816111026589e-02,-6.813994272595838564e-02,6.690195248591920829e-02,9.395642278818555973e-03,-2.587174979489093030e-02,7.666130348095405445e-02,1.279286399765593857e-02,1.319173510095333381e-02,1.661346303731296714e-01,4.999767375275351172e-02,-1.379883437016871106e-01,-5.225387998265358658e-02,7.077402928060061438e-02,-4.131763476358961407e-02,-3.459527482575874835e-02,-1.322230421013042070e-02,-6.599590474623269476e-02,5.895061065282392390e-03,4.376915086419763679e-02,6.702079708318793572e-02,-3.409572428999971955e-02
-6.003166733986946974e-02,-8.598142986330560567e-02,-5.741229918627376722e-02,7.528064004014198285e-02,-6.697942065335318884e-02,-3.400789861421866980e-03,-1.214933325988478037e-02,-1.363680784582005645e-01,-9.650596795064461664e-02,-8.535769756882380377e-02,9.633695892234753200e-02,1.559844309503936322e-01,6.380430636023241842e-02,7.949153725534417736e-02,3.745486671947287349e-02,-4.929970618251784675e-02,9.026771081435515376e-02,5.506251926250529949e-02,-9.569817481330394893e-02,-5.264049214862366599e-02,6.232801796258578136e-02
-1.211091080165750261e-01,-4.350235036920180320e-02,-7.253778961371200318e-02,-4.970949843212708885e-02,-7.838797734190279531e-03,-8.353757148534188270e-02,3.775813241964994654e-02,9.559871469475736405e-02,-2.727847657895294056e-02,-2.723744840481758314e-02,7.297435081859229150e-03,-3.818669389124008245e-02,6.653856255541819309e-02,5.034595383148494224e-02,-8.169917951326731431e-02,3.400233515020404523e-02,3.474872017199106405e-02,3.460931799870897718e-02,-4.864566517540327290e-02,2.796725932680280483e-02,-9.520446936483902695e-03
-2.070611831772246891e-02,-4.080496858221968615e-02,-3.534463234610331350e-02,-9.026430448111306959e-02,-3.494520499179088607e-02,1.584843263586056816e-02,-2.539001459924631471e-02,-1.770189216742980992e-02,-9.377500998692418765e-02,1.639404978372900959e-02,2.597631670252719890e-02,6.182558028878416129e-02,7.998412384057959623e-02,5.872889786140089718e-02,4.144316233536191572e-03,-1.460086042659246297e-02,9.689022085593383682e-02,5.513902779518402991e-02,-1.259741458585370844e-01,2.740424975845684799e-02,1.625276687567849682e-02
-3.794626695575365697e-03,5.185782242061361125e-02,-3.977512664498739081e-02,-1.200091071328528020e-01,9.656291004241307485e-02,4.806940445888001345e-02,-1.529920445180530525e-02,7.511416638154784498e-02,-1.253175352670033438e-01,3.406002129168757969e-02,1.559469972686655312e-02,1.423627932266241687e-02,2.744085886051986917e-02,-2.015988672884467398e-02,8.317360050367561541e-02,6.704756029739840362e-02,1.553989215289650061e-01,-1.723341628583164586e-01,2.616238471477275521e-02,-1.271368880221155663e-02,2.538309774726235646e-02
8.198913340435022568e-02,7.159167569578147152e-05,-4.244748615019023133e-03,6.376802339569327682e-02,1.314535209767368068e-02,-9.202024055809862602e-02,7.042257958197624401e-02,-6.268752959083978560e-02,-1.965887804722805943e-02,-6.917137738048081269e-03,1.250215366356588996e-02,1.116720717560504283e-01,-7.218314480512598441e-02,4.169152348794701729e-02,8.040654180708951826e-02,-9.011810115337426375e-02,-6.266338377983854055e-03,1.684885876908240043e-01,-1.059125026709077377e-01,-5.470945670623968138e-02,-7.210386211272910850e-02
-4.424068257065132126e-02,4.099873656441251762e-02,1.230270860100794728e-02,3.905373505144087154e-02,1.058647363317806629e-02,1.037486289453863481e-01,1.130295669169084499e-01,1.156686245284913039e-01,1.948911119398147318e-02,-5.835910673897254548e-03,2.996549562719912768e-02,-1.635240582905557807e-02,-2.340974838755794513e-02,2.127471683321416340e-02,-1.382811860165527873e-01,1.142710152162820444e-02,2.181743967047872646e-03,-6.865083593792392982e-03,-1.587350657865426728e-01,9.685540978137592572e-02,-4.525581329058815661e-02
-6.579457435579640079e-02,-2.218686327268011918e-02,7.186092773795127453e-02,-4.742049717833186906e-02,1.260920941904784820e-02,-5.658099510906740987e-02,1.697993696069951750e-02,9.762714885536498757e-03,-2.038053394658231529e-02,-4.276191720987005708e-03,-4.858950272339461474e-02,-2.070914895642881476e-02,-8.258080248395299749e-02,-2.649475026731622218e-02,-6.042490125848901800e-02,-4.618982175537555274e-02,5.594737028317545852e-02,2.084615625063620248e-01,4.648728537261335308e-02,-1.826685829564591787e-02,-8.904561875436917129e-02
-3.895644142625773881e-02,-2.389630305820855671e-02,-7.417651008490300235e-02,-4.872323858615734520e-03,1.649464751788181499e-02,3.401906356487107569e-02,2.147228992515937823e-02,4.207993574569036249e-02,1.086766775698683185e-02,-1.139520803982041648e-02,-1.919881965421954897e-02,-4.283567563454854926e-02,3.495275119407411507e-02,2.617998386648493023e-03,-5.498060109390392330e-02,-4.866046739532879639e-02,-1.240489205937921925e-02,2.189114688265752368e-02,-4.325038286449051778e-02,5.237442792915898010e-02,-2.111742659419182933e-02
-2.808320201037624655e-02,-2.437115226122127214e-03,-1.093936811871000780e-01,-3.352858459052724012e-03,-4.799539205309751033e-02,6.538906896880250508e-02,-2.357823952302484996e-02,9.253068731650737969e-03,-8.848968453265461387e-02,-1.236746007066874958e-01,5.890861169603624908e-02,6.530087070983928155e-02,3.497559528044869026e-02,5.019798078156249149e-02,-8.773854393152766273e-02,-3.466269026237571264e-03,3.377558325780508075e-02,-8.033618688239797800e-02,-1.059430378283474361e-01,5.969530773931283618e-02,7.122436216690998523e-02
-2.008175329056035956e-03,7.588393210598939898e-02,1.522805007774792781e-02,-3.252801018875378647e-02,3.302625912977257688e-02,3.922171453499568444e-02,-6.226899853584399319e-02,4.028777598288976747e-02,6.958416767594555012e-03,7.728363087151270128e-02,-6.951149339823188555e-02,5.134774145624537711e-02,-5.682472282660684659e-02,-3.454302331122596770e-02,-1.686923498967920002e-02,1.119433016654301609e-02,-3.003087717409449325e-02,-1.675860833247091314e-02,9.772537217115406794e-02,7.632265671510708727e-02,-3.772766168579544388e-02
6.840166802473518493e-02,-4.309897132370781730e-02,-2.059034890024972336e-02,1.167607309965507101e-01,-9.247335944380659367e-02,7.682443694990519212e-02,-3.865107789362321605e-03,-1.003512305530612492e-01,6.971944648705365177e-02,-9.385856215149804282e-02,-4.994073514795851348e-02,8.545377437977512425e-02,-7.818443972418102905e-02,-2.440719816154461250e-02,1.027316221210460845e-01,-2.040263250114762023e-04,-7.444135791549330583e-02,1.779419758639591564e-02,5.433335963836469912e-02,6.371883977589441750e-03,-6.495287673468339018e-02
5.184103272173426480e-02,1.315936683744659275e-01,1.039215354379214966e-02,-1.270458699409383330e-01,3.083568468840441196e-02,-9.842442786966545953e-02,-4.476099227267461150e-02,2.940942389982791495e-03,2.679869739641680196e-02,-7.367888847590525932e-03,-1.147028869525470729e-01,-1.053698684475296021e-01,-6.158563268903782112e-02,-1.657634416898397939e-02,-1.228571396729587553e-02,-4.214224222623420141e-02,2.337432835148091012e-02,-7.927506849265908428e-02,1.039874264097347401e-01,-3.135752394982887353e-02,-3.283247715457450217e-03
-2.346376975707253204e-02,9.956600782253446913e-02,-3.991461559988647434e-02,1.568471649858072803e-01,-7.482329731186773691e-02,3.494926397219623448e-02,1.166683949516141988e-01,-7.038194898435251763e-03,6.536700713761317560e-02,-9.607304162683359683e-02,2.913812272324162178e-02,-6.864370315770232378e-02,-2.821032035503431498e-02,5.178681224563223828e-02,-1.098692962273863233e-01,-1.298536851238092649e-01,-8.866792123977305928e-02,2.984234147221716260e-02,-1.398883499685959000e-02,3.014771534574823067e-02,-1.273688403902294847e-02
4.838618214694560132e-03,7.852151201955875903e-02,-7.072612021960102135e-02,-2.230212530050614331e-02,2.517213606188542854e-02,3.079041091211317735e-02,7.942155377954437934e-02,-4.831240328046177562e-02,1.412046446386167053e-01,1.241828046993662948e-01,2.039999005972080101e-02,-6.799125333629857382e-02,-3.575100175910898848e-02,2.232844804440020994e-02,-7.217766545996839866e-02,-3.799027298207548198e-02,7.966739851020115948e-03,6.076000885877177321e-02,-6.636737931802708101e-02,-7.545051165169284167e-03,-8.393643184565172111e-02
-2.489063990539373133e-02,-8.605497737606368491e-02,-7.256395422361192060e-02,-4.274094855268396193e-02,-4.018462673943486163e-02,1.295535371883839160e-01,1.094528831293728889e-04,4.794442133642542320e-02,3.697027926549648069e-02,-5.017394510956067755e-02,-8.286159653346077125e-02,8.238234574292838119e-02,-7.609138208034917084e-02,-4.287910344180474037e-02,6.843604485895274370e-02,-6.329147319288053186e-02,-7.908445660942510502e-02,6.799528848619468269e-02,-4.421065716441412163e-02,1.746707683564503732e-01,-4.911622406744978186e-02
6.908961808741809207e-02,3.160036079442787166e-02,-6.558574213229703687e-02,-3.830824802046230160e-02,-1.237247000971613553e-01,-2.140421716794863871e-01,2.396122847311590864e-02,-4.548881854038271805e-02,1.617495558993556348e-02,-1.237689509105234162e-02,6.879964101525340436e-02,-1.091248256913240622e-01,-4.727425210551138013e-02,-4.373816229349704581e-04,-7.941007407084521574e-02,5.769147915312816677e-02,-7.493960230864554761e-02,6.766187674573231892e-02,4.505257143594394026e-02,-1.654576673876570203e-01,2.316363568433895889e-02
-1.334507865115774072e-01,-3.703320911174899643e-02,-1.122307107617018587e-02,-1.449973978988866319e-01,2.492014338096313394e-03,-1.178720515131777280e-01,-8.336180149084984614e-02,-9.859333998101857746e-03,-1.238295742082818340e-01,-8.045637019137644175e-02,-6.788044564555263671e-02,-7.440174532920031114e-02,-6.314223651869989296e-02,-1.828503267230490448e-01,-3.410136674270596024e-02,1.313115675143802230e-01,-8.111129073933801004e-02,3.656689741186277404e-02,1.826195533792003556e-01,-7.352675055656847369e-02,4.974687064699311045e-02
-5.447078549176398096e-03,-5.681767790923800132e-02,-6.709288056949987145e-02,-1.104476550061459228e-01,4.617858872075798066e-02,-6.757836688842222550e-02,-3.875528674275260238e-02,5.212218907127471462e-02,6.722846874725242616e-02,7.902206187454798025e-02,6.200268265061983225e-02,3.582421099958738031e-02,1.349173803236615801e-02,1.414483592336268913e-01,1.488083516421313812e-01,-3.489490399268204562e-02,1.602312254292602087e-02,5.381968331476761486e-02,-1.479258056583033498e-01,8.357485555450716586e-02,4.253773585435448312e-02
4.551246339405293911e-02,3.616326244092006592e-02,2.792973962730195547e-02,1.698534969642692682e-01,-1.868859421399959170e-02,-1.580121940079264736e-02,-8.232362331234928171e-04,-8.310660036266510897e-02,-3.615996878572304285e-02,7.895131356624007779e-02,3.539613807581108718e-02,5.924480376932696885e-02,-7.430293296220442933e-02,2.666524064328718024e-02,9.928814753797467196e-02,2.507880466546268811e-02,1.287945525419331542e-02,-5.087171322537718116e-02,6.239427147334770246e-02,-1.136948031524842029e-01,-3.339035377120152387e-02
-6.293827100876425718e-02,-4.554833024101120897e-02,4.867887934527670435e-02,4.301729141555867691e-02,-4.038808998718076970e-02,-1.545549251744153252e-01,-1.506310697888377237e-01,-1.638084430998079377e-01,-2.164064979940459599e-02,-2.215513332370085478e-02,8.431418260158339562e-02,-1.188604889898423889e-01,-8.719753038878297335e-02,-5.896525616428420491e-02,-7.547494143472487094e-02,-8.392283991031561016e-03,-8.732372432412253971e-02,7.780517951020955725e-02,1.348793995003014223e-01,-1.923537999068909154e-01,-4.585077988698421647e-02
2.105105565504730367e-02,4.221438528221069936e-02,-2.454806038831969586e-02,6.337179570291745501e-02,-8.296093420567766941e-02,7.744148113306879855e-02,4.415541298173282503e-02,-5.345790998413304726e-03,2.137860626146853571e-01,-7.910874488057362264e-02,-2.104868890695331916e-03,-1.072828382338645720e-01,-2.820556666018763162e-02,-1.276526310745313428e-03,2.276037423859153877e-02,1.578958289149448579e-02,-9.346175140458735930e-02,3.987645906729785777e-02,3.515284619688061052e-02,4.503028276560600701e-02,-5.567706162439544498e-02
7.197775861038898174e-03,4.377255487763501152e-02,-6.290890990498872182e-02,-7.809268230895573780e-03,2.975533259444599135e-02,1.006357537613893766e-01,5.501299728970259623e-02,-6.714224703292232151e-03,6.040694792814749192e-02,-6.509491420126216864e-03,1.578412646378191380e-03,-2.469285467401809500e-02,-5.872996204631115991e-02,5.635111842893449074e-02,1.095391675442643556e-02,5.496879284352032546e-02,9.487177379851602366e-02,-6.116393570426323367e-02,-2.427638791953461161e-02,1.382595736903364896e-02,8.270193466009936878e-02
-3.989345649804247607e-02,-6.659340980851022329e-02,2.517370975345143216e-02,-8.056281388137723209e-02,2.374932927911968528e-02,-1.042115191278844277e-01,-8.055721592321378466e-02,-7.560907583068858344e-03,-1.880585505229385168e-01,-2.040115120132173637e-02,3.465281802949730927e-02,3.047798987015561123e-02,4.090197214546315713e-02,-9.498659808756661216e-02,-3.674225340699195652e-02,6.889009569343207406e-02,2.910404192148867072e-02,-6.411801606184253099e-02,8.682159041663284338e-02,-1.025355098810654259e-01,4.838149155074766145e-02
7.157767524848292207e-02,-3.479020236008549538e-02,-6.105740727463670331e-02,-7.549016007127022643e-02,6.192417556885342067e-03,4.069159011413511079e-02,-4.330404678193112977e-02,9.935291153711306444e-02,-8.453034554789798372e-02,-1.053195227909649312e-01,2.982072784981831468e-02,1.474398211836011260e-02,1.270085012860283635e-02,-1.077775322021852777e-01,-4.294915713445202760e-02,8.063939625402462286e-02,-4.268841146966197153e-02,-1.610433771427432215e-01,4.376234014048713955e-02,2.873423922570748218e-02,1.317699205435378731e-02
8.078732129472554480e-02,-8.169027751683156924e-02,9.079547297602957867e-02,-3.523876139190290635e-02,1.092490059109880451e-01,5.703594702291593654e-02,-1.252992912724007479e-01,6.400209017804185663e-02,-2.431903436197857191e-02,4.545496344218359977e-03,-9.554322273063584059e-02,-3.994333575904172873e-02,-6.334183962436973347e-02,-1.405238776788896859e-01,4.308421640935364456e-03,1.232710863448439331e-01,-6.079078330164379429e-02,-3.614486134851226801e-02,1.309961638510057091e-01,4.674253677990518330e-02,-1.355815325333889487e-02
1.236206369922450837e-01,4.375092213146514197e-02,-4.155119345203797665e-02,-5.555518079824032368e-02,-7.881029511594372927e-02,1.124686596261300076e-01,-1.419845991975115639e-03,2.728546508258366046e-02,6.675250968162553533e-02,-1.161289742277433201e-01,-1.208504118886362111e-01,-5.222431381694375707e-02,1.518755529960095357e-02,-1.051182758348820911e-01,-1.195276947403947077e-01,1.288504371022236063e-02,-8.545908963494980304e-02,-3.954025020751859160e-02,5.072991306637070208e-02,1.003892532564365780e-01,-9.535469136124659698e-03
-7.657833812947968666e-02,-3.450519168638759709e-02,-4.162750613417948164e-02,1.099265350804073671e-01,2.972018737699763137e-03,1.312419667608556995e-01,1.301106042731489110e-01,4.408340884186574826e-02,5.810860652644213309e-02,2.521996985033499866e-02,8.702039250079625365e-02,4.302192579427591146e-02,-1.045297842003739194e-02,1.516210445267839046e-01,1.268257544193861774e-01,-4.251135617358590968e-02,1.643730231992507895e-01,-4.503945946655992828e-03,-1.202661926171420675e-01,2.005055626814419498e-02,-4.481387194517789940e-02
-1.257862775383803422e-01,-5.811543945325443189e-02,3.716388382531941870e-02,-1.332596788774625951e-01,3.925776705703807636e-03,-1.107264050712769149e-01,1.564728653519195179e-03,4.694041404850567145e-02,-1.499710580242484825e-01,-5.571713736946581202e-02,8.867730388970179733e-02,1.059431180778247633e-01,7.602143006551430326e-02,-4.487820812593008857e-02,-1.002567748876370540e-01,-7.933724116228518808e-02,1.054520559613583430e-01,-2.188318887363467722e-03,-1.169346073949782822e-01,-7.509976876294308101e-02,4.966442486968601633e-02
-1.514743138627309971e-02,-4.343312213580217095e-03,-1.819726186099477651e-03,-6.412036833701786898e-02,9.262599224159643804e-03,-8.318908677374209359e-02,-5.262543205235507837e-02,-9.356264682259255588e-03,-6.219445477388389765e-02,-1.652592758388694155e-02,-1.580387492469009086e-02,2.536102350841917298e-03,-2.767613027071268855e-02,-7.237766164336173480e-02,1.097282849717425880e-02,-9.708222651416178670e-03,-5.636247624741970441e-03,2.264959922210523988e-02,7.352596947127236493e-02,-5.393845151793071752e-02,-4.781622676799393568e-02
-1.882130939506268530e-02,6.094403893875954825e-02,1.166315591417297903e-01,1.300441786596270299e-01,3.668575585876063250e-02,7.802531859308653450e-02,-1.590440353572359911e-01,-3.464731602102833277e-03,1.054994874917200981e-01,1.044773876164619419e-01,-5.620352247433206549e-02,-6.508205271781050683e-02,-1.640887817117140102e-01,6.136361756717111093e-02,4.268379521424789380e-02,3.776757893512133757e-02,-8.915639190932794778e-02,2.379527458354458586e-02,8.865616398060710557e-02,-6.692382791364055727e-02,-7.373663036469056686e-02
6.682245334195817399e-02,2.845972676256259756e-03,4.256872824448300514e-03,4.574872061189289019e-02,-7.520661183827437313e-02,1.311532244803285084e-02,-5.179892819714972813e-02,-8.871066086308448950e-02,2.200259628465005973e-02,1.682913797686028459e-02,-1.143044605331561825e-01,3.984115820167002942e-02,-7.562372615203462323e-02,-3.186496865614867752e-02,7.337589761172018908e-03,6.914842205887045123e-02,-9.736491252636308991e-02,5.167886434448492466e-02,3.440414715794339051e-02,2.282226859391238427e-02,2.058293846941397845e-02
-1.744955765051976748e-02,-7.897773658827324239e-02,-6.942359803471312429e-02,-2.184191959399587879e-01,3.590859005882668376e-02,6.956151265748423962e-02,-3.237793116947964428e-02,4.995199683137346164e-02,-8.274619959453859142e-02,-1.874672980286842122e-02,-1.279823573229137978e-01,1.528273377163185676e-01,-3.185557668952541943e-02,-4.177974555219934882e-02,8.497785172094811379e-02,-1.804895200719991433e-02,4.252294447077419048e-02,3.466392852733399949e-02,-4.998523370914042391e-02,1.863740850612776723e-01,8.327964762809733634e-02
-3.664588945072337622e-02,-7.397311553604897505e-02,-1.024336588138230757e-04,-1.499018870358826416e-01,1.766515022242238012e-02,-1.405980573209935844e-02,8.737725247947608631e-02,1.007651150871874124e-01,-1.282543672755951936e-01,3.243990015680345285e-02,1.249737293159648571e-01,-4.373618330356308231e-02,6.864723453830468003e-02,3.102058906516903802e-02,-1.380004984302046767e-01,-1.234836412005615863e-01,5.837537847241623667e-02,-3.016629683539620924e-02,-2.925921785340246384e-02,-8.244608763082994507e-02,-5.170330818377067567e-02
-5.635416278328413825e-02,-1.742172982789609581e-02,-7.296544004829222385e-02,-8.754345240120703364e-02,-4.281435514443795998e-02,-4.474482087272133729e-02,2.305566058678824512e-02,7.508407830035664088e-02,-1.024017281293120168e-01,4.218744972747270200e-02,-6.870894841339213188e-02,6.665419337693677393e-02,1.244532894746347993e-03,-2.967524116919555144e-02,-6.742238678589269896e-02,-4.598131931591597360e-02,7.718300646182729707e-03,4.095967061840522644e-02,-8.993414579219802252e-02,8.282083934772765943e-02,3.238465313627484493e-02
-6.998089741971419420e-02,-8.526584810941238712e-02,-1.616755745984318760e-01,-1.910075865585640353e-01,1.110776526320005342e-01,3.263763960083681387e-02,4.697165180633736115e-02,2.575452730678276861e-02,-1.225973944393531079e-01,-5.524249491628280273e-02,1.246546415872285957e-01,1.241327233136472058e-01,9.691281203801598021e-02,1.592545099783037113e-02,-2.094686416424152223e-02,1.504862530128989846e-04,-2.366222320883711733e-02,-1.858699110108833277e-02,-4.603299806769569485e-02,-3.433594054708812709e-02,-6.259850214789569600e-02
-6.071268954588634331e-02,-6.190382935344364290e-02,3.225370759482742988e-02,-8.364367398277984533e-02,3.794033866468996680e-02,-1.017142680377716712e-01,-5.125536841538323035e-02,1.412815668604907593e-01,-2.583554021260955208e-02,-6.985461879211928016e-02,6.122870455775025755e-02,-9.640962739501510170e-02,9.709451963694507026e-02,-1.059069965748549724e-01,-6.219521100725802082e-02,-9.495308063688123745e-02,7.591426161163725150e-02,-1.914627491530597123e-02,-2.138164795257773559e-02,-2.167407685562171976e-02,-1.022644316905550570e-02
8.063711323266636866e-02,-1.282339045677753295e-02,8.153883048940399614e-02,1.552296736253299357e-02,-5.163842371416300231e-02,1.101450492746299248e-01,-9.211860721291709186e-02,-1.090976411014426758e-02,9.945442128410181271e-02,5.006361168236126390e-03,-2.045024670812145909e-02,1.959562898771013625e-02,-1.267670624587241383e-02,5.357933275294692044e-02,1.221728834899997174e-01,-4.875093172823777299e-02,-8.931081562281208142e-03,4.426697831041911252e-02,2.273604789760380607e-02,8.698176419092583378e-02,-6.436767894542512469e-02
1.301135992229155401e-02,-4.553500168116469266e-02,6.408221083107430716e-02,8.741920970752085907e-02,4.649570969118538982e-02,-8.728008427109662515e-02,-7.617217216493407661e-02,-9.943242020343001641e-02,-1.556956530737061695e-01,-4.212063184938197313e-02,9.178749321571706699e-02,6.195049571606763700e-02,-2.657543658607408599e-02,-3.818272412551549505e-02,9.308694412691517761e-02,7.673356830697251885e-02,7.734623698245678136e-02,-9.265421666873686901e-02,1.277042442035771497e-01,-2.168297199088977112e-01,-2.630839250458281986e-02
-9.213096789356448046e-02,-3.934404586174260199e-02,-5.016994712453602678e-02,-9.656115587595795469e-02,-4.139533736315592627e-02,-1.019754587411731417e-01,-1.068780182927445005e-01,-7.576572633528019275e-03,-3.582954124868501650e-02,-3.760802463059636364e-03,2.416809999415501370e-02,2.482520927653073667e-02,-2.215203313798888574e-02,-2.381546713056404210e-02,1.063429782553141495e-02,-3.690880806906269435e-02,3.789748173765449674e-02,3.611437778340726573e-02,-2.676017246111381861e-03,-3.092274077804195442e-02,-3.122378453897345016e-02
8.919045017098180261e-02,1.155637016024516940e-02,1.308814659977537709e-02,4.044514226295957415e-02,1.177400022718508472e-02,-4.343769781370255406e-02,9.385310019057438446e-02,-1.782571760535841751e-02,3.866875133053781360e-02,7.003781966858521613e-02,-6.138865932946765275e-02,-1.188401102795168945e-02,1.376250079583603812e-02,2.909367154568147720e-02,8.201284306211086006e-02,4.511492052627512350e-02,8.825607255256891215e-02,7.705732767519918314e-02,5.014319307561371231e-02,-3.337543496523198705e-02,-5.937835244732032197e-02
7.157506638408792088e-02,-6.302002811922362280e-02,-1.596979351484192206e-02,-8.646663937297235925e-02,-8.037954234116694019e-02,4.831567829487600635e-02,-1.828498040320872264e-02,4.976941715815047518e-02,-1.798356902612947839e-01,-1.170521812115414284e-01,-8.656816498105064650e-02,1.084729664531742660e-01,-3.047536851054427273e-02,-1.047390291780579130e-01,-6.222201209781910713e-02,1.699534894247556327e-02,-1.292916019119832484e-02,-3.406953005752595687e-02,-4.075659348679695933e-03,3.229832698209163938e-02,5.107847423427595845e-02
-4.567666331793684281e-02,1.040351973382311473e-01,-4.067131449424315343e-02,7.238672537021260955e-02,-4.191586221385905364e-02,-6.502389118716758731e-02,1.080661043592080345e-01,-6.726375347346068290e-03,3.367707429288767373e-02,5.137119371427807668e-02,6.530310476329313774e-02,-2.246430264797977250e-02,-4.603598545915807416e-02,1.295881538944917144e-01,7.245476188646754467e-02,-2.331986424429068755e-02,1.371590699954192138e-01,1.385855370946892651e-01,-7.638707344868746196e-02,-2.540798365749664597e-02,-4.359037511669840159e-02
1.039679671644421627e-01,6.139541799521849863e-02,-5.979531292583738916e-02,-6.809309617537552539e-02,8.470476733721421514e-03,1.013503272778122494e-01,-1.292780763628331893e-02,3.772407842393950272e-02,1.044346872652253677e-01,-3.012201141785619211e-03,-1.134224753910746120e-01,-1.183719776670941193e-02,-1.062566446275000059e-03,-4.956369860917162395e-04,5.439673071073720251e-02,-2.473316227903764580e-03,3.708922332526515958e-02,-6.309504489492451240e-02,1.660112502584287775e-02,8.730528918486202272e-02,1.201102219440372543e-02
8.490312559456077157e-02,5.769211243409264056e-02,-6.886943051785915371e-02,1.122368467085271132e-01,-3.389482910992757531e-02,6.726472627375361391e-02,1.290706525141899763e-01,-7.722062397769294262e-02,1.456671721649625273e-01,3.733460203640056457e-02,1.050574756639296656e-02,-9.572920366777204482e-02,-5.721735087906036632e-02,8.811641132077822902e-02,-5.812079686792648303e-02,5.609851250627916064e-02,1.328261620628599926e-02,-8.568075416718799958e-04,1.131932680471089102e-02,-1.492885324883708870e-02,3.813390954547250800e-02
-7.140381356540009827e-02,-5.340375354914199228e-03,-3.539155453747710317e-02,-5.600347460824096207e-02,-1.944689348139309534e-02,-2.027437241744346752e-02,7.466145454433611994e-02,7.658434601619781325e-03,9.613327310027433570e-02,3.649565206562232350e-02,2.824515355213931544e-02,2.273416884948537345e-02,-1.369229646931975977e-02,9.518915600038597991e-02,1.484997190297530911e-01,-2.017589440252467725e-01,9.634084061095829141e-03,1.817933910586818080e-01,-1.216650193253253354e-01,1.141946279541217191e-01,1.665541012193755971e-02
4.496654011684952934e-02,-1.495853969182792294e-02,3.616759991391696460e-02,3.966684459413885588e-02,-1.169203804771481135e-02,8.857534904956870792e-02,8.002667606038637443e-03,1.443165917047687860e-02,7.703093744488263839e-02,-7.340728766148200968e-02,-8.580281087029381637e-02,-4.691351447740269714e-02,1.382050342823604172e-02,-5.963739933803897247e-02,-2.072461118231839691e-02,2.582283070011994353e-03,-7.859939643847944912e-02,2.539497648791658180e-02,4.776988490835606255e-02,7.423764114489896093e-02,-2.593243682589242011e-02
7.670693119359775491e-02,1.957319605231678736e-02,5.093193944547270979e-02,-2.041793293035945589e-02,4.943938694006384804e-02,1.041818662066837375e-01,5.209045734204574563e-02,7.737670019934962673e-02,1.319901199066631642e-02,5.462155748798801225e-02,-9.184586174764870770e-02,4.337796798695584682e-02,2.096531550934211188e-02,-5.346576746211009062e-02,7.339397289077612130e-02,5.966088766088901985e-03,-2.140516079634261284e-02,-2.273225357661951343e-02,3.957602302229730473e-02,9.297869839474195985e-02,-6.191505448591835131e-02
-8.267012172157268968e-02,-2.011885433155912936e-02,-1.868518444251382124e-02,-1.299152831607910952e-01,2.206831369802090409e-02,-4.037707382151348862e-02,3.551632476087528828e-02,1.015309171239618669e-01,-1.414795643197173380e-01,-5.534624659346312758e-02,7.432686545821194646e-02,-4.466445511970100479e-02,8.939714285419315953e-02,1.608810844303538989e-02,-1.335469580102728593e-01,-3.929646323179138839e-02,5.130015870225396180e-02,-1.701432526977035217e-02,-4.916453824445209814e-02,-2.054040475545206371e-02,4.383315055877757410e-02
7.911047717462021955e-02,-2.570099928235899250e-02,-1.543025831735673342e-02,5.656352636222116564e-02,7.781083565850081818e-02,9.495841177944647216e-02,-1.509294923507075240e-02,-6.234238049866752673e-02,-2.551647020405878319e-02,-7.802774537866077886e-02,-8.658302940310760865e-02,1.218534503588015044e-01,-3.047212661810166923e-02,-3.895432091511739220e-02,8.479095101274819468e-02,8.218147756382547520e-02,1.214099729815699795e-02,-7.875917111303339102e-02,1.028911295270993308e-02,2.823747769652769010e-02,-1.235532848452994617e-02
1.287219354468988608e-01,6.513896509232450227e-02,-1.027817771359132853e-01,-1.238450249225655636e-01,1.082391079279096391e-01,1.232925454136391853e-02,-5.861045731032598488e-02,1.105069961647351107e-01,-1.507725883843954451e-01,-8.153862962746458165e-02,-1.162357622052282297e-01,7.699309638105121534e-02,3.856639802220941660e-02,-2.969750969712483396e-02,-2.644591622766037653e-02,8.659195487342574715e-02,6.072897216278944771e-02,-1.148212990664423117e-01,3.044201550620728725e-02,6.767840718948371637e-02,-9.422025991272762330e-03
7.995157760112599210e-02,4.223339938017037221e-02,6.854145737874631217e-02,2.173810805266843393e-01,-1.091809220214652945e-02,-4.514960928814782531e-02,-2.267983234421667299e-03,-9.063362939323256484e-02,-3.352943688040730535e-02,-2.011898612376148560e-02,9.045382893259892865e-02,-4.489716776152863700e-03,-3.616266514926938513e-02,4.543334633937650552e-02,2.383664288557533345e-02,5.524251250703295091e-02,4.438281475435230244e-02,-3.500372854138443512e-02,1.484777734486414369e-02,-1.463778237463995990e-01,1.649814542507289580e-02
1.145218431710281481e-01,-4.793921618907765608e-02,9.177734725005294580e-02,1.097137588673268993e-01,-7.309071315928207524e-02,3.711329701064390585e-02,6.108042763360971295e-02,-1.932010008982663549e-02,1.162852386278737660e-01,-5.492574514759327592e-02,-8.663183524908341093e-02,5.752683152559872476e-02,-4.369570322620731917e-02,3.023552573422427434e-02,5.727932335945380010e-02,1.032742867613920951e-01,-9.737671645607379189e-02,-7.826532180904413605e-02,1.240178281578604297e-01,-3.164052164788607596e-02,-7.484794161176296394e-04
-1.535192303729815931e-02,-2.665575386650192308e-02,-2.866210436928700450e-02,-1.316724830160252158e-01,3.486180788061608166e-02,-8.527849147930251228e-02,-2.175374358619313470e-02,6.681592232511489315e-02,-9.362146719856688504e-02,2.772937507480768837e-02,3.253882961760836551e-02,-4.266120028689526777e-02,6.904079530999185366e-02,1.372573422062384890e-02,-3.802061974730029659e-02,-1.169277156461011186e-01,8.517404277242586474e-02,-6.553306671834766006e-02,3.297634498384784119e-02,-2.421022130099866401e-02,-5.935351657422008494e-03
8.589487713921239997e-02,-8.482189545791440910e-02,-1.192919848408702764e-02,-1.033176466101235966e-02,-2.546430027271906829e-02,2.235092974670988553e-01,9.806972258615936910e-02,1.348858939476286767e-01,7.519122342172804285e-02,-5.809285918207828664e-02,4.689437055829454026e-02,6.987293247340034541e-02,1.416613058553834736e-01,-4.643690885656850953e-02,6.646436888520294850e-02,-4.336984823451370957e-02,-9.002653147542173662e-02,-2.004808737540255958e-01,-9.529627078984490018e-02,1.937602777001124210e-01,2.152378325482018351e-02
-3.026342263235938870e-02,7.378952779983091737e-02,-2.848314963666064015e-02,6.688046357428706346e-02,2.096217172067515663e-02,-7.919445414050818588e-02,-2.107260751352812295e-02,-5.943320408851251319e-02,-3.161183372300849226e-02,-1.099152919122656780e-01,2.615623031813914950e-02,-7.673916109136869057e-02,-4.483478384383472737e-02,-3.170445777532850118e-02,-1.042962967320512774e-01,3.803953493614719433e-02,-1.045924452258257566e-02,7.546185075599350089e-02,1.017212572901489559e-01,-1.190672239191849224e-01,-5.545519246111267619e-02
-7.005566812079309924e-02,1.112607231037351513e-01,-1.054012768147079698e-01,-8.214108985132316521e-02,-3.744758339244664419e-02,-4.301990679990303629e-02,1.474014924292425810e-01,1.090679345356636298e-01,1.144135333155335901e-02,-2.581669642348794272e-02,4.461034483486295277e-02,-9.664993344235467410e-02,1.158758423732339504e-01,6.286023957952703578e-02,-9.077107965861160033e-02,-9.074922215745127863e-02,1.067101125578454879e-01,-6.168441782306644666e-02,-2.183771539314343160e-02,-3.408414225415436899e-02,-5.887117333301655764e-02
8.896719047660860136e-02,-3.279449710262307555e-02,4.688594332246149438e-02,1.900953308879858583e-01,-7.492462880816756765e-02,1.237065113186885529e-01,9.043750502961587449e-04,-9.550503718522491969e-02,1.584400194279710905e-01,-5.668567988463598523e-02,-1.868562116933134010e-02,1.649463835913463419e-02,-1.150517359346658192e-01,-1.673436378930715299e-02,6.436267732912145760e-03,-2.033031567755011135e-02,-8.672322200167907613e-02,1.809645300863134409e-02,-4.981687314655714946e-03,-2.226328928429738545e-03,-1.495914571745656646e-02
8.580998037431206149e-02,1.138979755492759965e-03,9.758821265492809149e-03,9.833366241417350329e-02,4.777545050326359628e-03,1.334070784762563799e-01,-4.274665703575696377e-03,1.885428598858402208e-02,-1.269212640769994474e-02,1.469053777192976321e-02,-4.186654152069843593e-02,5.548405606912470284e-02,2.220485984870804869e-02,6.768138185471371526e-02,-2.554876881490363363e-02,5.335738767178212910e-02,1.014236473750554229e-01,-1.032195343620486011e-01,-9.010652230053919909e-02,4.314587288649746055e-02,-4.996291198255872062e-02
-1.065361756916759911e-01,6.679212611535306765e-02,3.003960006211606193e-02,5.786953361204770496e-02,-4.399185611243855432e-02,-8.728241614334732168e-02,5.905184042031676184e-02,5.665607266779489060e-02,-1.042772479882322634e-01,1.111293502184893950e-01,1.096443836845476666e-01,-5.508616712586147934e-02,1.375188520599140707e-01,8.170131737815758410e-02,-4.275341991733564578e-02,5.522193522628555777e-03,6.158921943805491239e-02,-3.350368558221793885e-02,-7.850058639874368804e-02,-8.075523525620388610e-02,6.300990580208173930e-02
-1.246789018786418485e-01,-6.755191352269040994e-02,8.211353579187055315e-03,-8.928907784912219758e-02,-7.397037167660548695e-02,-1.362381214729581902e-01,-7.831435350737975254e-02,3.381252687563044562e-02,-4.064966576141038068e-02,6.929853315200935155e-04,7.557286850021006919e-02,-5.863524957395240683e-02,4.773594809992926652e-02,1.559551164846609836e-03,2.418472407316688000e-02,-9.862490213887047108e-02,9.075422152154605238e-02,-3.758532112341272935e-02,3.255332454740454684e-02,-6.471390616077593583e-02,-5.908963604686289645e-02
-9.582372376411182197e-03,5.704982340728248502e-02,-1.906602383192917277e-02,-7.369522465392079613e-02,-1.594794575289969554e-02,7.395275318358482397e-02,7.054155569237674506e-02,1.573463884487535176e-04,2.893752348521913195e-02,-5.724506470403790265e-02,-2.549523477289755355e-02,-7.569745764430729773e-02,3.658960088557849932e-02,-3.353000304285844863e-02,-4.428153754747324311e-02,4.244619815995920309e-02,8.239327806895087314e-02,-3.342602487620421892e-02,7.252399971671633083e-02,-7.104631212364533044e-02,2.037323931051208958e-02
-1.615800199844545926e-01,-5.944682494241882581e-02,-6.664613905375331437e-02,-1.694226100673750998e-02,3.985424084623419294e-02,-6.616716555025313473e-02,-8.098524176082132209e-02,-5.024065909162762911e-02,-1.119232192156789513e-01,1.152517741151926588e-02,8.871255684902905336e-02,2.788622178735961771e-02,1.047754767249605423e-01,9.193578233293620006e-02,-9.679396379095385472e-02,-4.489949499197459087e-02,-1.605755615557145910e-02,1.134300210999672348e-01,-6.588630134768891367e-02,8.341197917195825040e-02,5.539071302217354886e-03
-5.344627382889036854e-02,-1.020230361995468765e-01,1.068956551538443323e-01,-3.291682238069955357e-02,4.409080402906685736e-02,-2.616387992358686077e-02,-1.054952245328771021e-01,-3.639339622354530873e-02,-5.929162165961877895e-02,-3.234109189856630012e-02,-4.112675664075942511e-02,6.077199418161464972e-02,-6.621636871570776850e-02,-9.177554059957587773e-02,-1.056170597253630744e-01,-2.494175979229923054e-02,-3.737568777329049186e-02,1.199606663621529262e-01,1.211508276247650305e-02,1.067753454960079437e-02,-2.997864445962605470e-02
-4.356960565649312805e-02,-8.324649285679837363e-02,5.501481423850455507e-03,-8.852208960091903500e-02,5.993039201761724000e-02,-6.934634303867148741e-02,-1.234713317978072128e-01,1.479080950969817801e-02,-1.414171381260623805e-01,-5.743709500817951313e-02,-8.740708195743596143e-02,-6.802025757413497110e-03,5.427164738714495770e-03,-1.710548963062692163e-01,-3.175592771052118679e-02,9.194724530844847199e-02,1.214193628272620951e-02,5.473747476371465873e-03,1.173329593724149050e-01,-5.739987402320240184e-02,-2.385079102602399165e-02
-4.232084275862135758e-02,-4.485281337104047444e-02,-4.165155501405326532e-02,-7.647218471592380495e-02,-1.249224466812936946e-01,-4.552265857012512823e-02,-1.390120760143311318e-01,-2.943794572888585800e-02,-1.240199450175653029e-01,-7.051163386720780968e-02,4.368054964685901681e-02,-3.247981199130545171e-02,1.479785629161316229e-01,4.526045000125781571e-03,-2.607013026072894576e-02,-2.654124506740721760e-03,1.121686903528102408e-01,-7.589070681210006997e-02,2.747719927176060783e-02,2.818212257568933343e-02,2.583280151046232764e-02
-6.615731913035781224e-03,-2.558901021605069007e-02,8.587320214060038814e-02,-7.643930836256652983e-02,-4.078977804886378157e-03,3.189623459980101688e-02,-5.459620651591418766e-02,2.869498050707961281e-02,-7.587781104959255563e-02,-6.760967234651343860e-02,-2.537745709514966849e-02,-8.882101592901037179e-02,-3.192044977993936661e-02,-1.336196122671033659e-01,-8.052772222944264147e-02,7.393388640681648749e-02,-6.005718400628030050e-03,-4.387118568014544695e-02,1.556605792657089482e-01,-6.422323661623090263e-02,-8.276209650654912930e-02
5.020999625748659434e-02,6.540133678526582200e-03,-3.081714337400895398e-02,-1.077917783433379045e-01,1.919376843452341372e-02,4.184636597447100731e-02,-5.265494658467547578e-02,7.415849212083265585e-02,-4.230406803491847806e-02,-6.107959238474572339e-02,-7.869250477240445629e-02,-2.251961070229358680e-02,-1.490732044699243607e-02,-1.453205742802623768e-01,-3.457273322912167435e-02,6.550540088641955416e-02,-4.653526004566554269e-02,-7.624350516933818545e-02,1.094066878260802622e-01,5.781797418114058285e-02,-4.279625342483101696e-02
4.425648081024051439e-02,6.153385778342727180e-02,5.801196409367666285e-02,3.152655458380168585e-02,-8.354753265697952708e-03,3.303295500950748087e-02,3.448816425902972299e-02,1.983813220635063587e-02,-1.666640021966366708e-02,6.931299836520169247e-03,-9.323815856510445088e-02,-2.573628368902381933e-02,5.361579561869366135e-03,-8.579888423369742834e-02,-4.234497954980238205e-02,7.264230108874560055e-02,-9.666116783191834594e-02,-4.456692116009972060e-02,1.030311790683717948e-01,1.675348129597107813e-02,-3.742233380683124971e-02
1.498107664294845431e-02,-9.231241767753649297e-02,5.417822827139498476e-02,7.174268519349102924e-02,9.951310561313996689e-03,4.314481856573029739e-02,9.692228800890829998e-03,-5.081525190548005777e-02,3.847138426303357145e-02,-4.556459976126510381e-02,-1.095626103308399574e-02,3.696308189400140248e-02,-6.705234532493288546e-02,-1.215435392540193532e-02,1.493717166802248190e-02,4.810070700671862515e-02,-1.968223599489070733e-02,5.305281938115196522e-02,-4.350480854585640073e-02,1.257778602182388003e-02,-1.999112917710356777e-02
-1.068367490659653503e-03,-3.970380496837890710e-02,3.894651188462418950e-02,-4.010542533236245016e-02,-4.899855222646914282e-02,-2.160335514664611656e-02,-1.188748161130868193e-04,-3.459346315835202905e-03,-4.278916767183513908e-02,1.661870036108418353e-02,-3.485976046072497060e-04,7.479104238232280044e-02,-1.995281070867271564e-02,-6.358948817454555813e-02,1.509014481809419217e-01,7.743172931606528975e-02,-3.365870871674460363e-02,1.995850898642125698e-02,9.874412130060190862e-03,2.575462491285589184e-03,-2.070551657255881133e-03
1.594425687013482640e-01,7.099570312186584409e-02,1.383596378397039355e-02,1.016825478680716092e-02,-3.338134277868199350e-03,7.196037090972347283e-02,-3.238991339664601399e-02,-1.040240739015610844e-01,1.496207507131245007e-01,4.930817025899950773e-02,-4.675384993345161472e-02,9.726595925458877273e-03,-1.166825728131943712e-01,-4.825158609748206318e-03,7.470389940967862852e-02,1.021206080456607129e-01,2.088790478350879831e-02,-1.500890988462281377e-04,-2.731730119187411598e-02,-5.885831448457386206e-02,-5.024720388897643136e-02
-7.393560920897920830e-02,-7.128904848831396635e-02,-6.683097500350063114e-02,-1.231970269341850360e-01,-9.873770614394922554e-03,-1.871749514005860773e-02,-6.358979322659732113e-03,-4.294399673324191674e-02,-1.308833760372235810e-01,6.593763794959131563e-02,-1.984474935099268117e-02,-2.531470954471504858e-02,-4.072779536425435998e-02,-5.674736270615234057e-02,-8.893290822784319372e-02,1.376830754536943454e-03,2.484360841536446124e-02,-5.165932601147704695e-02,-8.176034560399640660e-02,1.897781484213396236e-02,6.857247229988364112e-02
-9.244410828167182181e-02,-8.473743227961633151e-02,-1.088615607133418262e-01,-3.136848038672770955e-02,-3.753206048451127735e-02,-4.396853834069654188e-02,-3.582262586856708314e-03,-5.495720463166217651e-02,-9.821445543175368054e-02,8.289113643567336265e-02,9.364810341785308190e-02,1.206439963186709263e-01,2.113704156100041157e-02,3.708463490343218150e-02,-3.952315166040337724e-02,1.727414597025422535e-02,9.148550284519969822e-02,-7.720396878529231163e-03,-2.876666469782747371e-02,-5.990762241811238564e-02,8.482016954685296650e-02
-2.683622275613191041e-02,8.772693451633062356e-02,5.757725111980908916e-03,-1.170250263260655954e-01,3.764016075238834497e-02,-8.082654085931366070e-03,2.019274879271237833e-02,-1.020615580168255238e-01,5.397103808944669900e-02,4.964938570368507970e-02,-3.521515948858023205e-03,1.520019323650353450e-02,7.698518439384317846e-02,9.561576983471824220e-02,6.679456122352570024e-02,-1.056770285732963610e-01,1.864717069705010624e-02,8.934937217888433425e-02,-1.968542951019630893e-01,6.197599109321474953e-02,5.039697993916943813e-02
3.518303370454270440e-02,9.951416370840138192e-02,-1.101445628072201394e-02,7.068330762159372171e-02,-7.710047595076710558e-02,3.163102505975014245e-02,5.238580058890192348e-02,-6.590216381046684613e-02,-6.078536998677240566e-02,-1.280673041532429668e-01,-5.696116987394772048e-03,3.923853138624585485e-03,-6.818861906935322348e-02,-8.680622541604617048e-02,-7.727546596194270756e-02,4.151765229226582130e-03,-4.258070730181021113e-02,-2.498722325445437015e-02,1.386107692388220680e-01,-7.476015941417274435e-02,-3.376893979145931951e-02
5.324859208070058941e-02,-1.093219615676551196e-02,4.574381070787515019e-02,1.047035389440924003e-01,-3.345318877201298308e-02,5.525732200984181941e-02,3.810031328770017989e-02,-6.454325503777777473e-02,-7.729689137609213612e-03,-7.756674459127777324e-03,-3.736365071206069338e-02,-8.179255918518568355e-03,-3.993275366074466870e-02,-2.135225534847053942e-03,1.954447409364249225e-02,6.461450087920563023e-02,6.627845014928807586e-03,-8.535166507672879710e-02,2.838748775619530373e-02,-5.573692917299194471e-02,-9.426392288687029594e-04
-1.682926462108582039e-03,7.902775800311954632e-03,-9.745158453370669771e-02,-8.594340885322913903e-02,4.770391142748416080e-02,-9.850251810576346467e-03,-1.719582381345198877e-02,-1.206512341668672939e-01,-1.040980954636130246e-01,3.837642406752410015e-03,1.982409706220225332e-01,1.635023093228859525e-01,-3.896628069872721395e-02,4.988335256273639107e-02,1.723513009587565037e-01,-1.490727418744345646e-02,1.404889780759535078e-01,-5.138913366198850918e-02,-1.725415531917747491e-01,-2.888517392425295552e-02,-1.938786539833982706e-02
-1.146262603871024688e-01,-5.364745608355885043e-02,-1.924508576992219749e-02,-1.341290320348268068e-02,-3.743255721127917990e-02,-1.000434983420259438e-01,-4.131902136094980915e-02,2.984908705957867777e-03,2.662606039830507296e-02,6.238551648684913936e-02,6.180048463334306824e-02,-5.865304992684171326e-02,4.365738231149540738e-02,8.445669168739372568e-02,-8.213786925892893609e-02,-7.821913025880755654e-02,-2.753010889446474291e-02,7.778050599976039925e-02,-8.974785792745465507e-02,-1.405026672474330926e-02,9.756414419265503971e-03
