2.652486801147460938e+01,2.337573394775390767e+01,2.652488136291503906e+01,2.337574729919433736e+01,9.724731445312500000e-01,9.724524855613708718e-01,1.020257711410522461e+00,1.010300552845001310e+00,1.347784996032714844e+01,1.082332382202148402e+01,9.897692203521728516e-01,9.895313382148742676e-01,1.006451797485351562e+01,9.580126094818115945e+00,1.287547183892456815e-05,1.287547183892456815e-05
2.077924919128417969e+01,1.931361312866210866e+01,2.077926254272460938e+01,1.931362648010253835e+01,9.758889675140380859e-01,9.719906091690063699e-01,1.003445267677307129e+00,9.953499078750610574e-01,1.159680843353271484e+01,1.026813898086547816e+01,9.901295900344848633e-01,9.877237737178802268e-01,6.212976932525634766e+00,6.090409994125366211e+00,1.287272516492521390e-05,1.287272516492521390e-05
1.720223808288574219e+01,1.705171203613281250e+01,1.720225143432617188e+01,1.705172538757324219e+01,9.685595631599426270e-01,9.718159973621368630e-01,9.844303727149963379e-01,9.909049153327942339e-01,1.014240455627441406e+01,9.846531867980957031e+00,9.829667806625366211e-01,9.859465420246124046e-01,4.123877048492431641e+00,4.256512594223022639e+00,1.287015948037151247e-05,1.287015948037151247e-05
1.264873886108398438e+01,1.550346326828002930e+01,1.264875125885009766e+01,1.550347566604614258e+01,9.712472558021545410e-01,9.714195728302001953e-01,9.837849140167236328e-01,9.888412296772003396e-01,6.455142498016357422e+00,9.333070468902587180e+00,9.848459362983703613e-01,9.841847956180572732e-01,3.253718614578247070e+00,3.225946974754333674e+00,1.286776750930584967e-05,1.286776750930584967e-05
1.791784858703613281e+01,1.460460433959960902e+01,1.791786193847656250e+01,1.460461673736572230e+01,9.723066687583923340e-01,9.708560764789581077e-01,9.951907396316528320e-01,9.885330557823180930e-01,1.222130012512207031e+01,9.084225749969482067e+00,9.843325614929199219e-01,9.823767006397247092e-01,2.744718074798583984e+00,2.578612971305846990e+00,1.286553651880240068e-05,1.286553651880240068e-05
1.476293659210205078e+01,1.410093545913696289e+01,1.476294898986816406e+01,1.410094785690307617e+01,9.694017767906188965e-01,9.700652599334717019e-01,9.835204482078552246e-01,9.888750374317168967e-01,9.669238090515136719e+00,9.016451263427734730e+00,9.805853366851806641e-01,9.804736435413360374e-01,2.160191774368286133e+00,2.145070433616638184e+00,1.286343831452541053e-05,1.286343831452541053e-05
1.524396324157714844e+01,1.370498743057251012e+01,1.524397563934326172e+01,1.370499982833862340e+01,9.736552238464355469e-01,9.691738605499267134e-01,9.872640967369079590e-01,9.890885233879089800e-01,1.048963737487792969e+01,8.942139720916747692e+00,9.806923866271972656e-01,9.784745693206786665e-01,1.812713742256164551e+00,1.826110994815826505e+00,1.286141923628747463e-05,1.286141923628747463e-05
1.265320777893066406e+01,1.328863582611083949e+01,1.265322017669677734e+01,1.328864822387695277e+01,9.659131169319152832e-01,9.679976582527161089e-01,9.934545755386352539e-01,9.888112306594848411e-01,8.161411285400390625e+00,8.770998287200928445e+00,9.761006236076354980e-01,9.763380408287047896e-01,1.556327700614929199e+00,1.584490489959716752e+00,1.285948474105680361e-05,1.285948474105680361e-05
1.231385040283203125e+01,1.263365430831909109e+01,1.231386280059814453e+01,1.263366670608520437e+01,9.680783748626708984e-01,9.665713548660278542e-01,9.858055710792541504e-01,9.875327646732330322e-01,7.780592918395996094e+00,8.313816213607788441e+00,9.761267304420471191e-01,9.740636944770812988e-01,1.603246450424194336e+00,1.391670691967010542e+00,1.285762118641287088e-05,1.285762118641287088e-05
1.122965431213378906e+01,1.214512462615966726e+01,1.122966670989990234e+01,1.214513702392578054e+01,9.701024889945983887e-01,9.647826552391052246e-01,9.851433038711547852e-01,9.865150630474091020e-01,6.995363712310791016e+00,7.983617210388183949e+00,9.753000140190124512e-01,9.715905487537384033e-01,1.303745388984680176e+00,1.238619232177734286e+00,1.285584585275501013e-05,1.285584585275501013e-05
1.318409252166748047e+01,1.202148237228393590e+01,1.318410491943359375e+01,1.202149477005004918e+01,9.600751996040344238e-01,9.641592025756835493e-01,9.924267530441284180e-01,9.862534046173095925e-01,9.070791244506835938e+00,7.901196908950805842e+00,9.686959385871887207e-01,9.708056926727295366e-01,1.192103624343872070e+00,1.199066996574401855e+00,1.285532653128029779e-05,1.285532653128029779e-05
1.333006286621093750e+01,1.153092355728149343e+01,1.333007526397705078e+01,1.153093595504760671e+01,9.682630896568298340e-01,9.620020627975464089e-01,9.969566464424133301e-01,9.848339438438415971e-01,9.310652732849121094e+00,7.534672021865844727e+00,9.717661738395690918e-01,9.680944740772247092e-01,1.082424163818359375e+00,1.081321239471435547e+00,1.285361668124096468e-05,1.285361668124096468e-05
1.063905715942382812e+01,1.095476312637329031e+01,1.063906955718994141e+01,1.095477552413940359e+01,9.598144292831420898e-01,9.595719873905181885e-01,9.774030447006225586e-01,9.825953602790832297e-01,6.747149467468261719e+00,7.064026641845702947e+00,9.674946665763854980e-01,9.652426779270172341e-01,9.871950149536132812e-01,9.833266317844391313e-01,1.285197322431486100e-05,1.285197322431486100e-05
1.206426429748535156e+01,1.060019817352294957e+01,1.206427669525146484e+01,1.060021057128906286e+01,9.524559974670410156e-01,9.567002832889557329e-01,9.808112978935241699e-01,9.811618447303771529e-01,8.245178222656250000e+00,6.800679349899292347e+00,9.579901695251464844e-01,9.620861768722533958e-01,9.278276562690734863e-01,8.995704710483550803e-01,1.285039979848079383e-05,1.285039979848079383e-05
9.397091865539550781e+00,1.015190019607543981e+01,9.397104263305664062e+00,1.015191259384155309e+01,9.632803201675415039e-01,9.534050881862640159e-01,9.750955700874328613e-01,9.787599444389343262e-01,5.636183738708496094e+00,6.433009576797485529e+00,9.617519974708557129e-01,9.586734950542450395e-01,8.607799410820007324e-01,8.280523121356964111e-01,1.284888821828644723e-05,1.284888821828644723e-05
9.226006507873535156e+00,9.658519649505615590e+00,9.226018905639648438e+00,9.658532047271728871e+00,9.446871876716613770e-01,9.498287677764892800e-01,9.582235217094421387e-01,9.753986120223998579e-01,5.622003078460693359e+00,6.011956930160522461e+00,9.512804150581359863e-01,9.551411390304564986e-01,7.498117089271545410e-01,7.661942660808562788e-01,1.284738755202852190e-05,1.284738755202852190e-05
8.623572349548339844e+00,9.253811836242675781e+00,8.623584747314453125e+00,9.253824234008789062e+00,9.451232552528381348e-01,9.458548188209533469e-01,9.725697040557861328e-01,9.721195876598358598e-01,4.997232437133789062e+00,5.671380043029785156e+00,9.546324610710144043e-01,9.513330996036529763e-01,7.540141940116882324e-01,7.131244003772735374e-01,1.284593599848449230e-05,1.284593599848449230e-05
8.173587799072265625e+00,8.913730144500732422e+00,8.173600196838378906e+00,8.913742542266845703e+00,9.492935538291931152e-01,9.416585862636566162e-01,9.700565934181213379e-01,9.690231442451476829e-01,4.624084472656250000e+00,5.389198875427245738e+00,9.548614621162414551e-01,9.473640978336334006e-01,6.752920150756835938e-01,6.664852559566497581e-01,1.284454629058018327e-05,1.284454629058018327e-05
8.935939788818359375e+00,8.685074520111083274e+00,8.935952186584472656e+00,8.685086917877196555e+00,9.385757446289062500e-01,9.370664656162261963e-01,9.593159556388854980e-01,9.665808320045471413e-01,5.421190261840820312e+00,5.213410997390747426e+00,9.410991072654724121e-01,9.430318176746368408e-01,6.757586002349853516e-01,6.249844908714294878e-01,1.284322570427320898e-05,1.284322570427320898e-05
8.908835411071777344e+00,8.377955818176269887e+00,8.908847808837890625e+00,8.377968215942383168e+00,9.301508665084838867e-01,9.322713196277618852e-01,9.646800756454467773e-01,9.629612982273101363e-01,5.456688880920410156e+00,4.956360197067260387e+00,9.389459490776062012e-01,9.385540902614593062e-01,6.183704137802124023e-01,5.878090798854828103e-01,1.284193422179669142e-05,1.284193422179669142e-05
8.637357711791992188e+00,8.276789855957030539e+00,8.637370109558105469e+00,8.276802301406860352e+00,9.310786128044128418e-01,9.308054029941559282e-01,9.711256623268127441e-01,9.616942822933196577e-01,5.231148719787597656e+00,4.869718790054321289e+00,9.373368620872497559e-01,9.371857523918152300e-01,5.666676759719848633e-01,5.773857831954956055e-01,1.284155223402194679e-05,1.284155223402194679e-05
6.704157352447509766e+00,8.002259159088135121e+00,6.704170227050781250e+00,8.002271842956542258e+00,9.256964325904846191e-01,9.257089316844939741e-01,9.356256127357482910e-01,9.577990949153900591e-01,3.337860345840454102e+00,4.641225051879882990e+00,9.311012029647827148e-01,9.324576377868651900e-01,5.738734602928161621e-01,5.450683712959289995e-01,1.284030167880700901e-05,1.284030167880700901e-05
6.860342502593994141e+00,7.781291055679321111e+00,6.860355377197265625e+00,7.781303882598876953e+00,9.241477847099304199e-01,9.204339087009429932e-01,9.556064009666442871e-01,9.541570603847503440e-01,3.539484500885009766e+00,4.463213014602660955e+00,9.331366419792175293e-01,9.276168704032897727e-01,5.079673528671264648e-01,5.158701777458191140e-01,1.283907658944372088e-05,1.283907658944372088e-05
7.973224639892578125e+00,7.619634771347046254e+00,7.973237514495849609e+00,7.619647645950317738e+00,9.135630726814270020e-01,9.149691641330719438e-01,9.555805921554565430e-01,9.510976731777190940e-01,4.708543300628662109e+00,4.340965843200683238e+00,9.211643934249877930e-01,9.225971937179565652e-01,4.743727147579193115e-01,4.900049179792403953e-01,1.283789424633141607e-05,1.283789424633141607e-05
5.972624301910400391e+00,7.477533340454101562e+00,5.972637176513671875e+00,7.477546215057373047e+00,8.850848674774169922e-01,9.091812074184417725e-01,9.317093491554260254e-01,9.482641577720641868e-01,2.772473335266113281e+00,4.236822390556335804e+00,9.010060429573059082e-01,9.172097027301788774e-01,4.823505282402038574e-01,4.660558819770813099e-01,1.283675010199658573e-05,1.283675010199658573e-05
6.409509181976318359e+00,7.327574825286864879e+00,6.409522056579589844e+00,7.327587699890136363e+00,9.072788357734680176e-01,9.034251928329467551e-01,9.481628537178039551e-01,9.451767742633819802e-01,3.213155984878540039e+00,4.123432350158691584e+00,9.171787500381469727e-01,9.117685616016387717e-01,4.237328469753265381e-01,4.437720894813537709e-01,1.283564870391273871e-05,1.283564870391273871e-05
7.035403251647949219e+00,7.164702796936035512e+00,7.035416126251220703e+00,7.164715671539306996e+00,8.949115872383117676e-01,8.976412236690520796e-01,9.550511240959167480e-01,9.413801908493042436e-01,3.890444755554199219e+00,3.996156954765319735e+00,8.976026177406311035e-01,9.063154220581054465e-01,3.973931074142456055e-01,4.232090175151824729e-01,1.283456549572292715e-05,1.283456549572292715e-05
9.702107429504394531e+00,7.018873071670531871e+00,9.702119827270507812e+00,7.018885946273803356e+00,8.828674554824829102e-01,8.918986022472381592e-01,9.666104316711425781e-01,9.376946806907653365e-01,6.540817260742187500e+00,3.884007644653320490e+00,8.944268226623535156e-01,9.008806169033050093e-01,4.173863828182220459e-01,4.043914943933487049e-01,1.283350502490065992e-05,1.283350502490065992e-05
6.138236522674560547e+00,6.899572181701659979e+00,6.138249397277832031e+00,6.899585056304931463e+00,8.785566687583923340e-01,8.858850002288818359e-01,9.188633561134338379e-01,9.345065653324127197e-01,3.057861328125000000e+00,3.796920561790466220e+00,8.916995525360107422e-01,8.951617479324340820e-01,3.912558853626251221e-01,3.870983570814132690e-01,1.283248275285586715e-05,1.283248275285586715e-05
5.814387321472167969e+00,6.785719680786132635e+00,5.814400196075439453e+00,6.785732555389404119e+00,8.747553825378417969e-01,8.797272145748138428e-01,9.062297344207763672e-01,9.313817441463470015e-01,2.798797845840454102e+00,3.714548969268798739e+00,8.892909884452819824e-01,8.892394185066223589e-01,3.453134298324584961e-01,3.708221614360809326e-01,1.283149504160974175e-05,1.283149504160974175e-05
6.397587776184082031e+00,6.751904010772705078e+00,6.397600650787353516e+00,6.751916885375976562e+00,8.771808147430419922e-01,8.779054760932922807e-01,9.299628734588623047e-01,9.304302692413329856e-01,3.367681264877319336e+00,3.690002822875976474e+00,8.830537199974060059e-01,8.874734103679656760e-01,3.397091925144195557e-01,3.660919249057769664e-01,1.283120218431577086e-05,1.283120218431577086e-05
6.699024677276611328e+00,6.625615882873534979e+00,6.699037551879882812e+00,6.625628757476806463e+00,8.700379133224487305e-01,8.717587769031525102e-01,9.212013483047485352e-01,9.267462730407715066e-01,3.669445037841796875e+00,3.594533014297485174e+00,8.804876804351806641e-01,8.815677702426910622e-01,3.578525185585021973e-01,3.510100692510604858e-01,1.283023721043718979e-05,1.283023721043718979e-05
5.135368347167968750e+00,5.371649408340454457e+00,5.135381221771240234e+00,5.371662282943725941e+00,8.871662616729736328e-01,8.683633923530578169e-01,9.042264819145202637e-01,8.983777642250061479e-01,2.081318855285644531e+00,2.405716180801391602e+00,8.966668844223022461e-01,8.794990420341491921e-01,3.659898042678833008e-01,3.196928769350051991e-01,1.282724406337365508e-05,1.282724406337365508e-05
4.978164196014404297e+00,4.912661838531493963e+00,4.978177070617675781e+00,4.912674713134765447e+00,8.516488671302795410e-01,8.648960232734680398e-01,8.847315311431884766e-01,8.908577322959899680e-01,2.060283184051513672e+00,1.983193957805633456e+00,8.691446185111999512e-01,8.772093355655670166e-01,3.123559057712554932e-01,2.965047836303710826e-01,1.282433822780149058e-05,1.282433822780149058e-05
5.351034641265869141e+00,4.620882654190063832e+00,5.351047515869140625e+00,4.620895528793335316e+00,8.628251552581787109e-01,8.612281024456024392e-01,9.138313531875610352e-01,8.844189643859863281e-01,2.437974452972412109e+00,1.723044955730438144e+00,8.741773962974548340e-01,8.747288167476654497e-01,2.622262239456176758e-01,2.774617493152618519e-01,1.282165612792596221e-05,1.282165612792596221e-05
4.396120071411132812e+00,4.406863737106323065e+00,4.396132946014404297e+00,4.406876611709594549e+00,8.587810993194580078e-01,8.574284136295318159e-01,8.785119652748107910e-01,8.784323930740356445e-01,1.530731797218322754e+00,1.536324715614318936e+00,8.704085350036621094e-01,8.722637951374053733e-01,2.576866745948791504e-01,2.624144822359085194e-01,1.281918139284243807e-05,1.281918139284243807e-05
4.626292705535888672e+00,4.242953872680663707e+00,4.626305580139160156e+00,4.242966747283935192e+00,8.545664548873901367e-01,8.537159681320189986e-01,8.936304450035095215e-01,8.735711157321930376e-01,1.777215242385864258e+00,1.396091377735138028e+00,8.693114519119262695e-01,8.698867261409759521e-01,2.315690964460372925e-01,2.496887564659118763e-01,1.281688673770986497e-05,1.281688673770986497e-05
3.602656364440917969e+00,4.102943849563598810e+00,3.602669239044189453e+00,4.102956724166870295e+00,8.304530382156372070e-01,8.502107799053192361e-01,8.446399569511413574e-01,8.686223208904266802e-01,8.343331813812255859e-01,1.277970743179321245e+00,8.549286127090454102e-01,8.674962103366852251e-01,2.383018583059310913e-01,2.386437371373176519e-01,1.281473396375076845e-05,1.281473396375076845e-05
4.134345531463623047e+00,3.974538946151733310e+00,4.134358406066894531e+00,3.974551820755004794e+00,8.542274832725524902e-01,8.470832824707030806e-01,8.741511702537536621e-01,8.647916316986083984e-01,1.300230979919433594e+00,1.168784308433532759e+00,8.722231388092041016e-01,8.651538789272308350e-01,2.335128337144851685e-01,2.287258177995681874e-01,1.281269942410290241e-05,1.281269942410290241e-05
3.724963426589965820e+00,3.865196108818054199e+00,3.724976301193237305e+00,3.865208983421325684e+00,8.575537204742431641e-01,8.440758168697357622e-01,8.879054784774780273e-01,8.610330164432525857e-01,8.716019988059997559e-01,1.077841961383819491e+00,8.758203983306884766e-01,8.628074705600738969e-01,2.320819050073623657e-01,2.194378286600112971e-01,1.281077311432454735e-05,1.281077311432454735e-05
4.491497516632080078e+00,3.837839198112487971e+00,4.491510391235351562e+00,3.837852072715759455e+00,8.352861404418945312e-01,8.431559383869171587e-01,8.555425405502319336e-01,8.599510431289673074e-01,1.741880893707275391e+00,1.055711388587951660e+00,8.548075556755065918e-01,8.621020495891571489e-01,2.039804309606552124e-01,2.169187545776367076e-01,1.281021650356706232e-05,1.281021650356706232e-05
3.430545330047607422e+00,3.750012683868408025e+00,3.430558204650878906e+00,3.750025558471679510e+00,8.425213694572448730e-01,8.401398360729217529e-01,8.607798814773559570e-01,8.566573619842529075e-01,6.505097746849060059e-01,9.846956491470336692e-01,8.655864596366882324e-01,8.598009169101714644e-01,2.111476957798004150e-01,2.087189272046089117e-01,1.280841115658404306e-05,1.280841115658404306e-05
3.683778047561645508e+00,3.669874882698059171e+00,3.683790922164916992e+00,3.669887757301330655e+00,8.373510837554931641e-01,8.372097849845886453e-01,8.712216019630432129e-01,8.536336302757263628e-01,9.188874363899230957e-01,9.209200561046599898e-01,8.576716780662536621e-01,8.575090765953063965e-01,1.986463516950607300e-01,2.006023854017257579e-01,1.280668948311358690e-05,1.280668948311358690e-05
3.705142259597778320e+00,3.598546957969665616e+00,3.705155134201049805e+00,3.598559832572937101e+00,8.337368965148925781e-01,8.342190921306610329e-01,8.423202037811279297e-01,8.502924323081970659e-01,9.783483147621154785e-01,8.651418745517730491e-01,8.590635657310485840e-01,8.552748501300811990e-01,1.916731894016265869e-01,1.936186745762825123e-01,1.280501692235702649e-05,1.280501692235702649e-05
3.495805978775024414e+00,3.536087584495544611e+00,3.495818853378295898e+00,3.536100459098816096e+00,8.317471146583557129e-01,8.313669145107269731e-01,8.432140946388244629e-01,8.474588096141815186e-01,7.922748923301696777e-01,8.171970665454864058e-01,8.514251112937927246e-01,8.530535757541656272e-01,1.771448552608489990e-01,1.870112374424934276e-01,1.280343167309183627e-05,1.280343167309183627e-05
3.457038164138793945e+00,3.484284639358520508e+00,3.457051038742065430e+00,3.484297513961791992e+00,8.287844657897949219e-01,8.285531163215636985e-01,8.397402763366699219e-01,8.447857439517975076e-01,7.514580488204956055e-01,7.790043354034423828e-01,8.512778878211975098e-01,8.508227944374084917e-01,1.857774704694747925e-01,1.811186403036117443e-01,1.280190372199285775e-05,1.280190372199285775e-05
3.958755254745483398e+00,3.430090069770812988e+00,3.958768129348754883e+00,3.430102944374084473e+00,8.544847965240478516e-01,8.258843839168548140e-01,8.712310791015625000e-01,8.421783328056335893e-01,1.181410431861877441e+00,7.381711959838866965e-01,8.747198581695556641e-01,8.486106753349303977e-01,1.769089549779891968e-01,1.752454251050949152e-01,1.280045762541703880e-05,1.280045762541703880e-05
3.511707544326782227e+00,3.379595518112182617e+00,3.511720418930053711e+00,3.379608392715454102e+00,8.071553111076354980e-01,8.233554720878600852e-01,8.282740712165832520e-01,8.396460115909576416e-01,8.737961649894714355e-01,7.005597651004791260e-01,8.367286324501037598e-01,8.464591622352599654e-01,1.657533049583435059e-01,1.695751443505287281e-01,1.279904063267167658e-05,1.279904063267167658e-05
3.226583480834960938e+00,3.336626029014587491e+00,3.226596355438232422e+00,3.336638903617858976e+00,8.128201961517333984e-01,8.207146465778351052e-01,8.343647718429565430e-01,8.371603071689606157e-01,5.791170001029968262e-01,6.698920130729675293e-01,8.339830040931701660e-01,8.443078935146332009e-01,1.662986278533935547e-01,1.645511180162429754e-01,1.279766911466140300e-05,1.279766911466140300e-05
3.161988735198974609e+00,3.296267938613891779e+00,3.162001609802246094e+00,3.296280813217163264e+00,8.064446449279785156e-01,8.180709958076477495e-01,8.237959146499633789e-01,8.346381247043609397e-01,5.331119894981384277e-01,6.417701125144958940e-01,8.345544934272766113e-01,8.421691000461578591e-01,1.640819162130355835e-01,1.596195921301841736e-01,1.279634307138621807e-05,1.279634307138621807e-05
3.751307964324951172e+00,3.285318064689636053e+00,3.751320838928222656e+00,3.285330939292907537e+00,8.219838142395019531e-01,8.172836720943450484e-01,8.474047183990478516e-01,8.339017271995544656e-01,1.074603796005249023e+00,6.343521058559418169e-01,8.500390052795410156e-01,8.415218055248260276e-01,1.572767347097396851e-01,1.582587063312530518e-01,1.279595198866445571e-05,1.279595198866445571e-05
3.212905883789062500e+00,3.248751831054687678e+00,3.212918758392333984e+00,3.248764705657959162e+00,8.011027574539184570e-01,8.148101389408111128e-01,8.140454292297363281e-01,8.315520882606506348e-01,6.186769008636474609e-01,6.093086779117584673e-01,8.273817896842956543e-01,8.394285440444946289e-01,1.516987830400466919e-01,1.536524534225463812e-01,1.279459866054821759e-05,1.279459866054821759e-05
3.311484575271606445e+00,3.206580090522765936e+00,3.311497449874877930e+00,3.206592965126037420e+00,8.050791621208190918e-01,8.122204482555389626e-01,8.338487148284912109e-01,8.289053440093994141e-01,6.853734254837036133e-01,5.787218749523163064e-01,8.322423100471496582e-01,8.373200833797455056e-01,1.549411714076995850e-01,1.494123116135597229e-01,1.279330899706110358e-05,1.279330899706110358e-05
3.155773878097534180e+00,3.173819851875305353e+00,3.155786752700805664e+00,3.173832726478576838e+00,8.220375776290893555e-01,8.095865488052368386e-01,8.474882245063781738e-01,8.265430033206939697e-01,4.862757325172424316e-01,5.571511149406432883e-01,8.479213118553161621e-01,8.352237880229950173e-01,1.520508825778961182e-01,1.453154191374778637e-01,1.279211755900178105e-05,1.279211755900178105e-05
3.243949174880981445e+00,3.141550278663635343e+00,3.243962049484252930e+00,3.141563153266906827e+00,8.195143342018127441e-01,8.071515083312987837e-01,8.355931639671325684e-01,8.241961956024169700e-01,6.117306947708129883e-01,5.358346670866012129e-01,8.438521027565002441e-01,8.331576764583588091e-01,1.332591325044631958e-01,1.412101969122886713e-01,1.279095067729940638e-05,1.279095067729940638e-05
3.445269107818603516e+00,3.110754513740539462e+00,3.445281982421875000e+00,3.110767388343810946e+00,8.265720605850219727e-01,8.047453820705413596e-01,8.556264638900756836e-01,8.219241559505462424e-01,7.819874882698059082e-01,5.156243890523910522e-01,8.486745953559875488e-01,8.311218142509460005e-01,1.324086487293243408e-01,1.373387277126312256e-01,1.278978743357583880e-05,1.278978743357583880e-05
2.961313247680664062e+00,3.082426142692566096e+00,2.961326122283935547e+00,3.082439017295837580e+00,7.931250929832458496e-01,8.023955345153808150e-01,8.127793073654174805e-01,8.197468638420104536e-01,4.069242775440216064e-01,4.974247545003890880e-01,8.208743929862976074e-01,8.291133046150207520e-01,1.276101320981979370e-01,1.337456852197647095e-01,1.278862146136816591e-05,1.278862146136816591e-05
2.785062313079833984e+00,3.054950141906738192e+00,2.785075187683105469e+00,3.054963016510009677e+00,7.575727105140686035e-01,7.998930931091308150e-01,7.677002549171447754e-01,8.174978673458099809e-01,3.247513771057128906e-01,4.799581110477447732e-01,7.974897027015686035e-01,8.270847380161285844e-01,1.375481784343719482e-01,1.305163443088531439e-01,1.278756553801940754e-05,1.278756553801940754e-05
3.023130416870117188e+00,3.030001068115234286e+00,3.023143291473388672e+00,3.030013942718505771e+00,8.091400861740112305e-01,7.974826574325561968e-01,8.236051201820373535e-01,8.152678847312927468e-01,4.376403391361236572e-01,4.650304585695266835e-01,8.309188485145568848e-01,8.250765025615691695e-01,1.218259483575820923e-01,1.271435305476188715e-01,1.278653326153289527e-05,1.278653326153289527e-05
3.013005733489990234e+00,3.005714058876037598e+00,3.013018608093261719e+00,3.005726933479309082e+00,7.966437935829162598e-01,7.951964199542999046e-01,8.133581280708312988e-01,8.131423592567443848e-01,4.455622136592864990e-01,4.504413783550262340e-01,8.258837461471557617e-01,8.231192469596863015e-01,1.315578967332839966e-01,1.238146893680095728e-01,1.278551280847750604e-05,1.278551280847750604e-05
2.959552764892578125e+00,2.998696136474609197e+00,2.959565639495849609e+00,2.998709011077880682e+00,7.726458311080932617e-01,7.944999635219573975e-01,7.909807562828063965e-01,8.125076353549957053e-01,4.739212691783905029e-01,4.462893456220626831e-01,8.019372820854187012e-01,8.225333034992218240e-01,1.200675144791603088e-01,1.228659182786941556e-01,1.278520721825771034e-05,1.278520721825771034e-05
2.922117948532104492e+00,2.975358247756958008e+00,2.922130823135375977e+00,2.975371122360229492e+00,7.913699150085449219e-01,7.921239614486694780e-01,8.087834119796752930e-01,8.104283094406128374e-01,3.958454430103302002e-01,4.323758333921432495e-01,8.130947947502136230e-01,8.205899357795715110e-01,1.130245774984359741e-01,1.198402121663093567e-01,1.278423496842151508e-05,1.278423496842151508e-05
2.928692817687988281e+00,2.952590942382812500e+00,2.928705692291259766e+00,2.952603816986083984e+00,8.120320439338684082e-01,7.898046076297760010e-01,8.332107663154602051e-01,8.082552611827850120e-01,3.300672471523284912e-01,4.189144879579543845e-01,8.359655737876892090e-01,8.186666369438171387e-01,1.174171119928359985e-01,1.169499173760414068e-01,1.278326453757472336e-05,1.278326453757472336e-05
2.943319082260131836e+00,2.930784726142883212e+00,2.943331956863403320e+00,2.930797600746154696e+00,8.081045150756835938e-01,7.876333415508269820e-01,8.266645669937133789e-01,8.062211692333220991e-01,3.615066707134246826e-01,4.061913162469864003e-01,8.336014747619628906e-01,8.168493509292602539e-01,1.134416759014129639e-01,1.138895474374294337e-01,1.278230047319084406e-05,1.278230047319084406e-05
3.049115896224975586e+00,2.910007333755493253e+00,3.049128770828247070e+00,2.910020208358764737e+00,7.864658236503601074e-01,7.854189753532410112e-01,8.018249273300170898e-01,8.042038083076477051e-01,5.311207175254821777e-01,3.942800372838973777e-01,8.187186121940612793e-01,8.150303483009337935e-01,1.109857335686683655e-01,1.110741496086120605e-01,1.278135459870100021e-05,1.278135459870100021e-05
2.702675342559814453e+00,2.889783334732055842e+00,2.702688217163085938e+00,2.889796209335327326e+00,7.571176290512084961e-01,7.831517517566680686e-01,7.767145037651062012e-01,8.020540118217468484e-01,2.553162574768066406e-01,3.829727470874786377e-01,7.961105108261108398e-01,8.131704032421112061e-01,1.174163222312927246e-01,1.084344469010829898e-01,1.278044146602042019e-05,1.278044146602042019e-05
2.768148422241210938e+00,2.870751547813415350e+00,2.768161296844482422e+00,2.870764422416686834e+00,7.579368352890014648e-01,7.809174239635467973e-01,7.782613635063171387e-01,8.000287175178527610e-01,3.183154165744781494e-01,3.724639654159546120e-01,7.936627268791198730e-01,8.113306164741516113e-01,1.199723482131958008e-01,1.060108132660388947e-01,1.277957653655903414e-05,1.277957653655903414e-05
2.854537963867187500e+00,2.852646160125732244e+00,2.854550838470458984e+00,2.852659034729003729e+00,7.901074290275573730e-01,7.787404417991637962e-01,8.075439333915710449e-01,7.979797661304474099e-01,3.366104364395141602e-01,3.628285974264144897e-01,8.227529525756835938e-01,8.095087051391601785e-01,9.752330929040908813e-02,1.035886317491531428e-01,1.277870705962413922e-05,1.277870705962413922e-05
2.835508346557617188e+00,2.835197901725769132e+00,2.835521221160888672e+00,2.835210776329040616e+00,7.871956825256347656e-01,7.766416668891906738e-01,8.069076538085937500e-01,7.960065364837646262e-01,3.267445266246795654e-01,3.536512941122055276e-01,8.167091608047485352e-01,8.077625870704651101e-01,9.795140475034713745e-02,1.011358261108398493e-01,1.277785668207798153e-05,1.277785668207798153e-05
3.100003004074096680e+00,2.818372178077697576e+00,3.100015878677368164e+00,2.818385052680969061e+00,7.887287735939025879e-01,7.744845151901245117e-01,8.097420334815979004e-01,7.940369069576262984e-01,5.933920145034790039e-01,3.449788630008697732e-01,8.162333369255065918e-01,8.060087323188781516e-01,9.190668165683746338e-02,9.886311292648315707e-02,1.277704177482519299e-05,1.277704177482519299e-05
2.626590967178344727e+00,2.813430047035217374e+00,2.626603841781616211e+00,2.813442921638488858e+00,7.514808773994445801e-01,7.738331019878387229e-01,7.648612260818481445e-01,7.934395253658295122e-01,2.264803200960159302e-01,3.424815237522125244e-01,7.869186997413635254e-01,8.054714441299438699e-01,9.684963524341583252e-02,9.820444732904434759e-02,1.277679439226631075e-05,1.277679439226631075e-05
2.717580795288085938e+00,2.796532917022704900e+00,2.717593669891357422e+00,2.796545791625976385e+00,7.633295059204101562e-01,7.716452956199646440e-01,7.743250131607055664e-01,7.913003683090209517e-01,2.941853106021881104e-01,3.338771134614944569e-01,7.947937250137329102e-01,8.036699354648589866e-01,9.094712883234024048e-02,9.604022279381752014e-02,1.277597766602411866e-05,1.277597766602411866e-05
2.830764532089233398e+00,2.780324769020080744e+00,2.830777406692504883e+00,2.780337643623352228e+00,7.660951614379882812e-01,7.695860385894774947e-01,7.851644754409790039e-01,7.893264234066009744e-01,3.853664398193359375e-01,3.254940688610076793e-01,8.011224269866943359e-01,8.019275069236755371e-01,9.301599115133285522e-02,9.399073570966720581e-02,1.277515002584550530e-05,1.277515002584550530e-05
2.874386310577392578e+00,2.765217733383178889e+00,2.874399185180664062e+00,2.765230607986450373e+00,7.708231806755065918e-01,7.674648046493530718e-01,7.994967103004455566e-01,7.872943758964539018e-01,4.134884178638458252e-01,3.183574110269546398e-01,8.030697107315063477e-01,8.001495838165283425e-01,8.750823885202407837e-02,9.195160567760467252e-02,1.277439605473773554e-05,1.277439605473773554e-05
3.099431037902832031e+00,2.750177097320556818e+00,3.099443912506103516e+00,2.750189971923828303e+00,7.713138461112976074e-01,7.654379785060883012e-01,7.944225072860717773e-01,7.853720009326934370e-01,6.393861174583435059e-01,3.109812974929809792e-01,8.053251504898071289e-01,7.984423458576201948e-01,8.898364752531051636e-02,8.994345664978027621e-02,1.277360843232600018e-05,1.277360843232600018e-05
2.835681676864624023e+00,2.734790134429931463e+00,2.835694551467895508e+00,2.734803009033202947e+00,7.845652699470520020e-01,7.633938789367675781e-01,8.055458664894104004e-01,7.834336876869201216e-01,3.298002183437347412e-01,3.032834947109222523e-01,8.171398043632507324e-01,7.967489898204803689e-01,9.863038361072540283e-02,8.793015256524086554e-02,1.277282171940896660e-05,1.277282171940896660e-05
2.683229207992553711e+00,2.720037055015564142e+00,2.683242082595825195e+00,2.720049929618835627e+00,7.715862393379211426e-01,7.613119244575500266e-01,7.840614914894104004e-01,7.814121484756469949e-01,2.342486083507537842e-01,2.961349427700042947e-01,8.085672855377197266e-01,7.950090646743774858e-01,8.476568758487701416e-02,8.616898953914642334e-02,1.277206774830119684e-05,1.277206774830119684e-05
2.670190095901489258e+00,2.706770730018615900e+00,2.670202970504760742e+00,2.706783604621887385e+00,7.627120018005371094e-01,7.592662930488586204e-01,7.787340283393859863e-01,7.794818937778472678e-01,2.463954538106918335e-01,2.901925742626190186e-01,7.998691797256469727e-01,7.933540642261505127e-01,8.247943967580795288e-02,8.447587490081787109e-02,1.277133014809805900e-05,1.277133014809805900e-05
2.637819528579711914e+00,2.693423008918762296e+00,2.637832403182983398e+00,2.693435883522033780e+00,7.592626810073852539e-01,7.571702063083648460e-01,7.770330309867858887e-01,7.774669110774994341e-01,2.161642909049987793e-01,2.843949466943740956e-01,7.971488833427429199e-01,7.916653156280517578e-01,8.821050822734832764e-02,8.272562697529792231e-02,1.277063165616709739e-05,1.277063165616709739e-05
2.536901950836181641e+00,2.679832959175109774e+00,2.536914825439453125e+00,2.679845833778381259e+00,7.340900301933288574e-01,7.551857948303222212e-01,7.457856535911560059e-01,7.755176484584808128e-01,1.972184181213378906e-01,2.780982851982116699e-01,7.727596163749694824e-01,7.900437772274017112e-01,8.704833686351776123e-02,8.098745569586754400e-02,1.276990951737388968e-05,1.276990951737388968e-05
2.442723751068115234e+00,2.675811386108398526e+00,2.442736625671386719e+00,2.675824260711670011e+00,7.198154330253601074e-01,7.545641362667083740e-01,7.343568205833435059e-01,7.749302744865417258e-01,1.444161981344223022e-01,2.762725442647934182e-01,7.594602108001708984e-01,7.895472824573517290e-01,8.467506617307662964e-02,8.049711659550666532e-02,1.276969305763486773e-05,1.276969305763486773e-05
2.718962669372558594e+00,2.662833929061889648e+00,2.718975543975830078e+00,2.662846803665161133e+00,7.698860168457031250e-01,7.525403022766112837e-01,7.883188128471374512e-01,7.729783236980438677e-01,2.767961025238037109e-01,2.705493181943893211e-01,8.013491034507751465e-01,7.878878533840178999e-01,8.261258900165557861e-02,7.887814044952393133e-02,1.276897182833636180e-05,1.276897182833636180e-05
2.556756019592285156e+00,2.649394011497497647e+00,2.556768894195556641e+00,2.649406886100769132e+00,7.525960206985473633e-01,7.505368947982787864e-01,7.650085687637329102e-01,7.709940433502197044e-01,1.805546581745147705e-01,2.642771512269973533e-01,7.859757542610168457e-01,7.862531065940856490e-01,7.262104749679565430e-02,7.733282148838042935e-02,1.276828061236301437e-05,1.276828061236301437e-05
2.609410285949707031e+00,2.637071704864502042e+00,2.609423160552978516e+00,2.637084579467773526e+00,7.469952702522277832e-01,7.485584795475006548e-01,7.589427232742309570e-01,7.691569685935973899e-01,2.381168752908706665e-01,2.587326675653457420e-01,7.829076647758483887e-01,7.846507251262664351e-01,8.244773745536804199e-02,7.597286179661751071e-02,1.276766124647110701e-05,1.276766124647110701e-05
2.521215200424194336e+00,2.624619174003600897e+00,2.521228075027465820e+00,2.624632048606872381e+00,7.289062142372131348e-01,7.465605199337005393e-01,7.488539218902587891e-01,7.672723948955535445e-01,1.909499317407608032e-01,2.532857373356819375e-01,7.734498381614685059e-01,7.830454349517822488e-01,7.905522733926773071e-02,7.445506379008293152e-02,1.276704642805270851e-05,1.276704642805270851e-05
2.550013542175292969e+00,2.612603783607482910e+00,2.550026416778564453e+00,2.612616658210754395e+00,7.576039433479309082e-01,7.446103990077972412e-01,7.741411328315734863e-01,7.652527153491973655e-01,1.613061875104904175e-01,2.482790425419807434e-01,7.860516309738159180e-01,7.814510881900786909e-01,7.091061025857925415e-02,7.301049903035164435e-02,1.276646071346476674e-05,1.276646071346476674e-05
2.708857059478759766e+00,2.601133799552917569e+00,2.708869934082031250e+00,2.601146674156189054e+00,7.451955080032348633e-01,7.426988661289215532e-01,7.823886871337890625e-01,7.633678019046783447e-01,3.219834864139556885e-01,2.435763224959373585e-01,7.858877778053283691e-01,7.798743724822998491e-01,7.340157032012939453e-02,7.161652594804764072e-02,1.276579860132187605e-05,1.276579860132187605e-05
2.695676565170288086e+00,2.589886999130249112e+00,2.695689439773559570e+00,2.589899873733520597e+00,7.593327164649963379e-01,7.407248437404632124e-01,7.857041954994201660e-01,7.613872766494751421e-01,2.905686497688293457e-01,2.390210896730423085e-01,7.912930250167846680e-01,7.783103823661804421e-01,6.877783685922622681e-02,7.044341713190079013e-02,1.276520924875512719e-05,1.276520924875512719e-05
2.634076595306396484e+00,2.579183912277221769e+00,2.634089469909667969e+00,2.579196786880493253e+00,7.504469156265258789e-01,7.388266026973724365e-01,7.662450671195983887e-01,7.596299946308135986e-01,2.548632621765136719e-01,2.346622154116630443e-01,7.909107804298400879e-01,7.767782866954803245e-01,7.161080837249755859e-02,6.928674802184105197e-02,1.276465718547115102e-05,1.276465718547115102e-05
2.606391429901123047e+00,2.568165373802185236e+00,2.606404304504394531e+00,2.568178248405456721e+00,7.692466974258422852e-01,7.368836343288421853e-01,7.860834002494812012e-01,7.576912760734557661e-01,1.804945021867752075e-01,2.304159805178642162e-01,8.049603700637817383e-01,7.752301871776581255e-01,6.560662388801574707e-02,6.794429272413253507e-02,1.276411785511299968e-05,1.276411785511299968e-05
2.612821817398071289e+00,2.564957332611084162e+00,2.612834692001342773e+00,2.564970207214355646e+00,7.545596957206726074e-01,7.363299310207367387e-01,7.797410488128662109e-01,7.570879101753235085e-01,2.268710881471633911e-01,2.291822776198387257e-01,7.884241938591003418e-01,7.747740030288696733e-01,6.322584301233291626e-02,6.758311539888381403e-02,1.276395687455078587e-05,1.276395687455078587e-05
2.453579664230346680e+00,2.554637646675109952e+00,2.453592538833618164e+00,2.554650521278381436e+00,7.155855894088745117e-01,7.344444572925568071e-01,7.340338826179504395e-01,7.552082240581512451e-01,1.832490861415863037e-01,2.254654422402381786e-01,7.573000788688659668e-01,7.732249319553374800e-01,6.341090798377990723e-02,6.629455760121345798e-02,1.276336297451052815e-05,1.276336297451052815e-05
2.443599700927734375e+00,2.543776941299438654e+00,2.443612575531005859e+00,2.543789815902710139e+00,7.180321812629699707e-01,7.324503898620605691e-01,7.407650947570800781e-01,7.532115042209625022e-01,1.553341597318649292e-01,2.213111221790313721e-01,7.638031244277954102e-01,7.717150032520294634e-01,6.566514819860458374e-02,6.508890613913535794e-02,1.276276998396497220e-05,1.276276998396497220e-05
2.479065418243408203e+00,2.533347535133361639e+00,2.479078292846679688e+00,2.533360409736633123e+00,7.417490482330322266e-01,7.306050062179565430e-01,7.505363225936889648e-01,7.513543367385864258e-01,1.382063031196594238e-01,2.173303157091140692e-01,7.836213707923889160e-01,7.702445149421691672e-01,6.495238095521926880e-02,6.381333321332931241e-02,1.276217517443001270e-05,1.276217517443001270e-05
2.584840059280395508e+00,2.523310613632202326e+00,2.584852933883666992e+00,2.523323488235473810e+00,7.566167712211608887e-01,7.286602973937987837e-01,7.801303267478942871e-01,7.494199752807617632e-01,1.904675960540771484e-01,2.136255115270614680e-01,7.943174242973327637e-01,7.687854051589966264e-01,6.330800056457519531e-02,6.281939074397087375e-02,1.276163857255596668e-05,1.276163857255596668e-05
2.510756969451904297e+00,2.513966345787048251e+00,2.510769844055175781e+00,2.513979220390319735e+00,7.323409318923950195e-01,7.267045795917510542e-01,7.521048784255981445e-01,7.474221169948578325e-01,1.984833478927612305e-01,2.105973228812217657e-01,7.683305144309997559e-01,7.672729372978210893e-01,5.949725210666656494e-02,6.196943521499633650e-02,1.276110742765013129e-05,1.276110742765013129e-05
2.594892740249633789e+00,2.504416513442992986e+00,2.594905614852905273e+00,2.504429388046264471e+00,7.492858171463012695e-01,7.248154461383820024e-01,7.707620263099670410e-01,7.454883038997650591e-01,2.254498004913330078e-01,2.074167102575302235e-01,7.881666421890258789e-01,7.657828986644744651e-01,6.122843921184539795e-02,6.091314703226089616e-02,1.276054263144033030e-05,1.276054263144033030e-05
2.555487632751464844e+00,2.494386959075927557e+00,2.555500507354736328e+00,2.494399833679199041e+00,7.524856925010681152e-01,7.229304254055023415e-01,7.701234221458435059e-01,7.435738742351531982e-01,1.906436234712600708e-01,2.036781206727028004e-01,7.877129316329956055e-01,7.643343806266784668e-01,5.452192202210426331e-02,5.987018235027789792e-02,1.275999966310337186e-05,1.275999966310337186e-05
2.503831863403320312e+00,2.485213065147399814e+00,2.503844738006591797e+00,2.485225939750671298e+00,7.226697206497192383e-01,7.212812900543212891e-01,7.429093718528747559e-01,7.419110894203185813e-01,2.108415812253952026e-01,2.002925381064414867e-01,7.663676738739013672e-01,7.629437565803527388e-01,6.104385480284690857e-02,5.878438986837863922e-02,1.275946397072402760e-05,1.275946397072402760e-05
2.404442310333251953e+00,2.476220607757568359e+00,2.404455184936523438e+00,2.476233482360839844e+00,6.960907578468322754e-01,7.193737387657165305e-01,7.197101712226867676e-01,7.399644732475281206e-01,1.874246746301651001e-01,1.973675817251205333e-01,7.426618933677673340e-01,7.615280449390411377e-01,5.855492502450942993e-02,5.798678956925869266e-02,1.275898466701619327e-05,1.275898466701619327e-05
2.414581537246704102e+00,2.473737573623657315e+00,2.414594411849975586e+00,2.473750448226928800e+00,7.040387392044067383e-01,7.188212573528289795e-01,7.290460467338562012e-01,7.393749773502349409e-01,1.774166077375411987e-01,1.966688349843025152e-01,7.464866042137145996e-01,7.610895216464996782e-01,5.759358033537864685e-02,5.778303146362304826e-02,1.275883550988510251e-05,1.275883550988510251e-05
2.408638000488281250e+00,2.464866828918457209e+00,2.408650875091552734e+00,2.464879703521728693e+00,7.069438695907592773e-01,7.170616328716278298e-01,7.252789139747619629e-01,7.374960482120513916e-01,1.716390550136566162e-01,1.936987653374671881e-01,7.470389008522033691e-01,7.596366882324219194e-01,5.773720890283584595e-02,5.697370953857898435e-02,1.275829708902165294e-05,1.275829708902165294e-05
2.582387208938598633e+00,2.456054067611694425e+00,2.582400083541870117e+00,2.456066942214965909e+00,7.513714432716369629e-01,7.152899384498596635e-01,7.665487527847290039e-01,7.356724023818970171e-01,2.211417108774185181e-01,1.907119065523147639e-01,7.863871455192565918e-01,7.582270979881287065e-01,5.693814158439636230e-02,5.615268163383006772e-02,1.275779504794627428e-05,1.275779504794627428e-05
2.314338445663452148e+00,2.447263717651367188e+00,2.314351320266723633e+00,2.447276592254638672e+00,6.916302442550659180e-01,7.136159896850585715e-01,7.084715962409973145e-01,7.338985383510590044e-01,1.163131296634674072e-01,1.875828191637992914e-01,7.410194277763366699e-01,7.568583071231842485e-01,5.690412968397140503e-02,5.530803911387920102e-02,1.275727117899805307e-05,1.275727117899805307e-05
2.429765701293945312e+00,2.438816285133361905e+00,2.429778575897216797e+00,2.438829159736633390e+00,7.141304016113281250e-01,7.118663609027862105e-01,7.366290092468261719e-01,7.321291327476501243e-01,1.670205295085906982e-01,1.848177462816238403e-01,7.594460844993591309e-01,7.554815948009491189e-01,5.253969505429267883e-02,5.452150218188762942e-02,1.275681461265776306e-05,1.275681461265776306e-05
2.449465990066528320e+00,2.430652189254760565e+00,2.449478864669799805e+00,2.430665063858032049e+00,7.085770368576049805e-01,7.101789593696594682e-01,7.316749691963195801e-01,7.302775502204894575e-01,1.956393718719482422e-01,1.823126286268234308e-01,7.561686038970947266e-01,7.540753901004790816e-01,5.740600079298019409e-02,5.380762442946433743e-02,1.275633439945522696e-05,1.275633439945522696e-05
2.423635244369506836e+00,2.422663903236389249e+00,2.423648118972778320e+00,2.422676777839660733e+00,7.183564305305480957e-01,7.085593640804290771e-01,7.379785776138305664e-01,7.285891115665436013e-01,1.513816267251968384e-01,1.799081832170486561e-01,7.612246870994567871e-01,7.526800572872162087e-01,5.469404160976409912e-02,5.292708911001682559e-02,1.275585236726328731e-05,1.275585236726328731e-05
2.408169746398925781e+00,2.414818263053894132e+00,2.408182621002197266e+00,2.414831137657165616e+00,7.069270014762878418e-01,7.069238066673279031e-01,7.283362746238708496e-01,7.267762601375580278e-01,1.690668016672134399e-01,1.775602445006370655e-01,7.503846287727355957e-01,7.513373255729675071e-01,5.345503613352775574e-02,5.222061611711979051e-02,1.275540489587001503e-05,1.275540489587001503e-05
2.296217679977416992e+00,2.406627178192138672e+00,2.296230316162109375e+00,2.406639814376831055e+00,6.855199337005615234e-01,7.052106678485869917e-01,6.992541551589965820e-01,7.250007152557372825e-01,1.299473792314529419e-01,1.749616697430610712e-01,7.310223579406738281e-01,7.500096499919891579e-01,5.047404393553733826e-02,5.144446529448032379e-02,1.275493013963568956e-05,1.275493013963568956e-05
2.245169878005981445e+00,2.398689436912536443e+00,2.245182514190673828e+00,2.398702073097228826e+00,6.746296882629394531e-01,7.034687995910644531e-01,6.889053583145141602e-01,7.230756580829620361e-01,1.147921904921531677e-01,1.726677253842353876e-01,7.181665897369384766e-01,7.486717998981475830e-01,4.867597296833992004e-02,5.080549083650112013e-02,1.275452268600929528e-05,1.275452268600929528e-05
2.341628551483154297e+00,2.396325445175170987e+00,2.341641187667846680e+00,2.396338081359863370e+00,6.979194283485412598e-01,7.029600381851196511e-01,7.148009538650512695e-01,7.225192785263061523e-01,1.355091482400894165e-01,1.719721645116805975e-01,7.445507645606994629e-01,7.482637047767639604e-01,4.884813353419303894e-02,5.061022900044918199e-02,1.275438444281462580e-05,1.275438444281462580e-05
2.299831151962280273e+00,2.388321566581725897e+00,2.299843788146972656e+00,2.388334202766418279e+00,6.822236180305480957e-01,7.012950301170348677e-01,6.970580220222473145e-01,7.207702219486236128e-01,1.498829573392868042e-01,1.695569023489952032e-01,7.219027280807495117e-01,7.469247281551361084e-01,4.876387491822242737e-02,4.977462738752365390e-02,1.275394060940016061e-05,1.275394060940016061e-05
2.474985361099243164e+00,2.380717325210571111e+00,2.474997997283935547e+00,2.380729961395263494e+00,7.341904044151306152e-01,6.997636556625366211e-01,7.545784115791320801e-01,7.190633833408355269e-01,1.634819060564041138e-01,1.672664448618888799e-01,7.747997045516967773e-01,7.456220030784607156e-01,4.793480038642883301e-02,4.900189302861690521e-02,1.275345493922941387e-05,1.275345493922941387e-05
2.468759536743164062e+00,2.374227046966552734e+00,2.468772172927856445e+00,2.374239683151245117e+00,7.111707925796508789e-01,6.983118355274200439e-01,7.298229932785034180e-01,7.177017807960510698e-01,2.186690717935562134e-01,1.654966875910758861e-01,7.601879239082336426e-01,7.444145262241363969e-01,4.890867322683334351e-02,4.830218441784382005e-02,1.275300201086793095e-05,1.275300201086793095e-05
2.472056150436401367e+00,2.366292905807495295e+00,2.472068786621093750e+00,2.366305541992187678e+00,7.237666249275207520e-01,6.969447135925292969e-01,7.413171529769897461e-01,7.159056544303894487e-01,1.998805403709411621e-01,1.627913892269134410e-01,7.621522545814514160e-01,7.431820213794708696e-01,4.493954777717590332e-02,4.746915996074676375e-02,1.275253907806472853e-05,1.275253907806472853e-05
2.529795885086059570e+00,2.358609843254089178e+00,2.529808521270751953e+00,2.358622479438781561e+00,7.370365858078002930e-01,6.954681396484374556e-01,7.571150064468383789e-01,7.142318189144134521e-01,2.118529826402664185e-01,1.603000566363334545e-01,7.760210037231445312e-01,7.418952167034149614e-01,4.777017235755920410e-02,4.671459756791591922e-02,1.275206886930391192e-05,1.275206886930391192e-05
2.344672441482543945e+00,2.351626873016357422e+00,2.344685077667236328e+00,2.351639509201049805e+00,6.788218021392822266e-01,6.940387427806854470e-01,7.000206112861633301e-01,7.126603722572326660e-01,1.889919787645339966e-01,1.583783879876136669e-01,7.319455742835998535e-01,7.406170725822448508e-01,4.489249363541603088e-02,4.593231789767741879e-02,1.275161685043713078e-05,1.275161685043713078e-05
2.462355375289916992e+00,2.344962358474731445e+00,2.462368011474609375e+00,2.344974994659423828e+00,7.320436239242553711e-01,6.927242040634155051e-01,7.523540258407592773e-01,7.112131834030150923e-01,1.624771207571029663e-01,1.562978059053420909e-01,7.713900804519653320e-01,7.393826663494109663e-01,4.409043490886688232e-02,4.534451141953468184e-02,1.275115937460213900e-05,1.275115937460213900e-05
