1.648768850842448896e-01,3.525347197865979360e-02,1.099558286075671409e-01,-1.471396708673778364e-01,5.842729267168148000e-02,1.183563582449732865e-01,1.565323922220011876e-01,7.451541611432331569e-02,1.818449693933204409e-02,-1.366789157687254286e-01,1.230027682803852690e-01,-1.636259573721617344e-01,-4.127643101384741858e-02,1.108596817999019379e-01,1.454530639987074714e-01,-4.575712263874768398e-02,1.454735144405097658e-01,1.727799859901398560e-01,5.386670349301937027e-02,1.047706587298715374e-02,7.173747525002915904e-02,9.150413128510392902e-02,1.119476062032231933e-01,1.037607964868604293e-01,1.582563357947911753e-01,-9.121606204914742277e-02,3.523193849355004542e-02,1.635867355358212039e-01,2.052712992425936162e-02,1.264984509743225793e-01,1.057685861434081720e-01,-3.298134842563579111e-02,-8.825489095822144914e-02,-9.662100311689783561e-02,-2.856571809601752068e-02,6.975063231756715998e-02,9.101794701373121244e-02,-1.051701702941812838e-01,-4.954057772111090767e-03,-4.618337877798576324e-02,-8.931821552246314855e-02,1.885382704201151172e-01,2.223180599474169628e-01,2.082761061094100530e-01,-7.946604151560361651e-02,5.976110988198564400e-02,4.292652406240704543e-02,-1.137569177107676938e-01,1.329550363619192432e-01,1.213053465358127775e-01,-1.704016068653565474e-01,3.592220418191895137e-02,-3.203311817195907130e-02,-3.775970744547149215e-03,1.922862295139817490e-01,2.246511273934679587e-01,2.905341664386700828e-01,-4.462547752283297503e-02,1.109250888265197188e-01,2.054556426671569624e-01,8.782835795022444700e-03,1.020495190285802996e-02,2.616579986711026207e-01,1.869470753532899987e-01,2.492289243591991610e-01,3.692786390504209509e-02,2.548553645153215363e-01,1.061667299532346870e-01,8.263061374198428510e-02,2.255372040266279132e-01,4.232901751449708039e-02,1.533544827418735490e-01,-1.216923743767426153e-01,2.698357293151500136e-02,2.036358472137624054e-01,-1.415815522492795964e-01,3.448084652967702002e-02,1.051024610624293754e-01,-6.227946148864081655e-02,-1.425129427013188677e-01,5.113134124878828540e-02,1.930947231428688238e-01,1.612027532829520340e-02,7.833680700763684043e-03,6.362403672663025089e-02,1.215034711954319641e-01,1.036417926071202394e-01,-1.015591706382985848e-01,-6.369825692201480649e-02,-1.129772198682180706e-01,2.322924565001465158e-01,2.150624914163201673e-01,7.394535883016771505e-02,-1.506283214253731351e-01,1.198730355291130201e-01,-1.668071613367412900e-02,-3.904597836871797657e-03,-1.344474241349899180e-01,-7.336162325324011024e-02,-1.814578582767534531e-01,9.734745716548679276e-03,-4.241330200692117885e-02,-7.275747635533899582e-02,5.932197843348054750e-02,8.504417739121589159e-02,9.094991171115887618e-02,2.460932799163412926e-02,-4.533131856785732605e-02,1.537481347144635524e-01,1.502517786509262598e-01,-4.551325191373824935e-02,3.460549433703163230e-02,-3.971925368642049980e-02,-4.646388404763871632e-02,-9.021986742238201351e-02,1.157022601281626067e-01,2.575270541558107376e-02,-1.222403941669138877e-02,1.129163850757924081e-01,-7.050001016825180322e-02,8.912165541267519364e-02,8.288911846176003767e-03,-2.018655957600448431e-03,-8.338850918305139304e-02,4.124858462109606133e-02,-1.188700122656055208e-01,-9.396066951811879453e-02,1.435699761019946785e-01
3.208628542239006128e-03,-1.734612518610366971e-01,-9.969769233976767675e-02,1.690277568609185321e-01,3.672935859004184539e-02,-1.388279478839218595e-01,-2.051120582664223493e-02,1.246589531620413693e-01,-4.535644294993414899e-02,-1.990959690923836956e-01,2.310336138676010592e-02,-1.449983093492998587e-01,-9.104320027628720613e-02,8.714516131184447956e-02,1.454234323165660703e-01,1.015799727426773937e-03,-1.904944495495096701e-01,3.525659452603424615e-02,-1.784370356679539082e-01,-6.633183242459629592e-02,2.201359187704621245e-02,2.591761797921115357e-02,-6.311455419463064820e-02,-2.219533728596976251e-03,7.791552668508357204e-02,-3.486394370477308852e-03,-6.530657205773084117e-02,1.932385086382474026e-01,1.593080411796806151e-01,-1.334758676009173417e-01,-1.822705275717539375e-01,3.053140375937486717e-02,-1.313236619345656553e-01,1.050590222158276354e-01,-6.572710152084101920e-02,1.044232677342051413e-01,1.702358262258659716e-01,-1.578184415488020562e-02,4.200682184051201390e-02,1.738952794439613259e-01,-1.494026725780799592e-01,8.669141253967670158e-02,2.634460235171924569e-02,8.020928692218924627e-02,-1.650967905561071813e-01,1.377656409775105395e-01,8.773509948702869210e-02,1.774561824011918476e-01,-4.676777396356245065e-02,-1.358511435210049342e-02,-1.761444358326350879e-01,4.692939988917611133e-02,1.361426694462205267e-01,1.930318885509368643e-01,-1.333667933373143821e-01,5.386610558034470204e-03,1.336981745005836608e-01,1.964188516123968331e-01,-3.184394533548403489e-02,-1.489283557623656828e-01,-1.470628468970214264e-01,-1.557912504653959918e-01,1.620742156023869118e-01,1.618508244981484989e-01,-1.256263012704416648e-01,-1.039575912519503757e-02,-7.008758369333444038e-02,-7.711410208933343335e-02,1.764316238626619238e-01,9.931197305216489524e-02,-5.590251412304612921e-02,-1.235552012580584252e-01,1.760324422406324141e-01,4.330049875809029170e-02,9.971876904834377220e-02,-3.391900961314682494e-02,7.097669858763686057e-02,-1.370415201948540496e-01,2.471349995212781397e-02,-3.935775817663084153e-02,-4.914834606318991411e-02,3.113312129679090406e-02,-1.292359183683131629e-01,-1.269590524942121601e-01,7.391255607390691262e-02,-1.245871154714061901e-01,-1.678271949511990768e-01,1.870987774634407241e-01,4.905352418801893488e-02,-4.824936361618933911e-02,-1.050966049516776218e-01,-1.247217051907083679e-01,1.204600516091864221e-01,1.506124955902194140e-01,-8.248793922635139220e-02,1.485277621095760503e-01,-1.702882191426289549e-01,-8.044211554779874540e-02,-7.376910090328341052e-02,1.234403739791176680e-01,-1.249244382560534133e-01,1.656759960872971615e-01,-1.421448025180421515e-01,-6.833518687978372419e-02,-6.659962252037762709e-02,-2.032496903901578056e-01,1.652886220052029176e-01,1.863033965850512952e-01,1.018769522460664517e-01,9.452401013604745661e-02,8.614768096463661096e-02,5.329515825785129113e-02,1.333008336060496901e-01,-1.263061779898330683e-01,-2.080580718610204050e-01,9.941214877061319011e-02,-2.079171699652856281e-02,1.060024875373500181e-01,1.898362026671527314e-01,6.294792136346777194e-03,1.894128789153736239e-02,1.399123979378858185e-01,-1.657324727537613507e-01,-1.312567302760088150e-01,-8.029215941766809639e-02,-3.196140052813121329e-02,4.702887301442362084e-02,-4.499498985917502192e-02
-1.853953701199312631e-01,-6.165921285852127287e-02,1.029309925736747178e-01,1.035041628181322670e-01,-1.074262850474198561e-01,6.033082059917719599e-03,-7.708293645701327218e-03,-1.339233037993507458e-01,4.562321125406397331e-03,-1.121393429775058015e-01,4.768462400764175019e-02,1.398841279819398320e-01,2.265180326158215407e-01,-1.405820672863759141e-02,-1.463873647304372583e-01,4.492156195306771377e-03,-5.587104088336694585e-02,-1.629741845313078807e-01,-6.141066613478081415e-02,-1.803706256737097613e-01,-3.349478399920782778e-02,1.354866911946419998e-02,-1.942415487498804494e-01,7.580324427874121640e-02,-2.314566149199301717e-02,1.028758411130202000e-01,1.053622279122377187e-01,1.719180514180141117e-01,4.339162966162295881e-02,1.948666197273999090e-01,-6.241919435113694320e-02,2.623827787141745291e-02,-6.898519138867532929e-02,1.690747687394432430e-01,-1.575271826896794403e-01,3.409043707781032884e-02,1.372386816446828084e-01,9.900817074072856827e-02,-7.065693268832005935e-02,2.947308651257534579e-02,1.371420013084913118e-02,9.040872835793438422e-02,-9.128198189192829326e-02,-5.231270047158688430e-02,-1.225987042684381356e-01,-1.360533022802639658e-01,1.428388985056368021e-01,-1.002587881603394238e-01,-1.747299220963964006e-01,1.840748963678763839e-01,1.143039616083830895e-01,-3.624053679244285727e-03,2.021010631146240299e-01,-8.224345018603741730e-02,-6.275768577625734368e-02,-8.241673535948518259e-02,2.583496867095457228e-01,6.954895988693858555e-02,-1.329172844478944682e-01,1.809083868934218964e-01,-6.787410949732207432e-02,5.502079902177998971e-02,-8.385080331668826048e-02,7.276206689090072843e-02,-2.981790828344801393e-03,1.315210586811121733e-02,1.625559843936454640e-01,5.383974498625623134e-02,9.472265916946143172e-02,1.153238473738078806e-02,1.318468435509386749e-01,4.241645873624846907e-02,-1.452989032536529668e-01,-6.548343826470191809e-02,1.189648297218356687e-01,-9.938417456846371234e-02,2.210481542109800912e-01,-5.667827538426808975e-02,3.016318157300126174e-02,1.905475256857014077e-01,9.715803917586150751e-02,1.379259964486276024e-01,-1.594999138968064278e-01,8.563307596791730480e-02,-2.396433289713548187e-02,-7.475582277457466784e-02,-6.229706754195820512e-02,-8.528457758872803884e-02,2.566527273647383200e-01,-9.421725767408097030e-02,-8.866539192214788201e-02,-1.751093138361603518e-02,-4.768715490331591755e-02,-1.671002833899062345e-01,7.534786928457987143e-02,-1.626399222269704070e-01,7.506294246815177484e-02,7.396221699512671444e-02,6.991206297416337201e-02,8.307531719399668946e-02,-1.847826783992310429e-01,-1.661911361442569568e-01,-1.183899567828508026e-01,-3.196174823809088631e-03,1.527937610434858540e-01,-7.552957612059875425e-02,9.187308698258711201e-03,1.339309766642763633e-01,-5.775068905992759155e-02,4.672611087301293403e-02,-3.719741537285235333e-03,-1.069936472564941843e-01,-1.147657763190598895e-01,-8.826862852492117772e-02,-1.364979913267931888e-01,-5.957040147906678823e-02,5.793689321863509933e-02,-1.542889731100489589e-02,-5.390693710146331197e-02,-2.280859353921348490e-02,-4.430501611029841885e-02,-2.129307096596076421e-01,1.603155785980971831e-02,2.383367462187745145e-01,-1.400241639804201133e-01,-1.722208969325123712e-02,-1.039446819171833541e-01,-2.083274822996311962e-02
2.890234741544222500e-03,-6.764789530226823777e-02,-9.710348195458416709e-02,2.790962854274281479e-02,-9.959350641571501281e-03,-2.071319080165886714e-02,-1.406429825642450115e-01,1.867881011076367656e-02,-5.018705772719457558e-02,7.117060166702712798e-02,-1.167872995349314991e-01,-2.511360474283370306e-04,-1.303821168675271813e-01,7.170929683386648157e-02,8.766510119128949688e-03,-9.010678749243018759e-02,2.717746198724937945e-02,-7.073353485890279679e-02,5.808536224014584914e-02,-5.409171181988836619e-02,7.067607699124835163e-02,-9.123567362587012286e-02,-4.461232975438373521e-02,-1.102711523174990244e-01,-7.001753591883001782e-02,1.062687150074432541e-01,1.412363241132602587e-01,-7.117571353287656388e-02,1.558737327708527645e-02,-4.932677425278562955e-02,-6.811049093883378425e-02,1.330366142024171604e-02,-1.545026228984346280e-02,3.450982690585676499e-02,1.386125621294243253e-03,-5.508023770609823261e-02,-1.283527171591099525e-01,3.478501961727179653e-02,1.404078636466764562e-01,-7.639407393085876317e-03,6.679496201936249711e-02,4.482701262310846008e-02,1.016118570181939566e-02,4.927899198046555712e-02,7.831322719500752316e-02,2.589825351141115117e-01,1.368657965475695848e-01,3.068914946703255042e-01,3.666954350548791153e-01,2.754116998138479433e-01,3.614442609835354925e-01,4.700626502946992913e-01,4.789461191207265989e-01,5.684641801719069187e-01,4.623568506918042664e-01,3.647678533172566406e-01,2.421852640622635666e-01,2.669897627191736844e-01,2.024008442993773249e-01,-1.432554858440555634e-01,-2.433991129166114889e-02,-2.064541831917023618e-01,-3.137956120520514758e-01,-4.461807148698497816e-01,-4.099529328754215052e-01,-3.671764243168214037e-01,-4.991297957424804532e-01,-4.117127321647903182e-01,-6.527856353534812472e-02,-6.400675449474661771e-02,8.173078002019117105e-02,2.501014513003197992e-01,4.808472545362243444e-01,5.215953150215816292e-01,3.977159603791520781e-01,5.257120040741275480e-01,4.669051867991727556e-01,4.073926588987815123e-01,3.576821197264367092e-01,4.132848725202505902e-01,3.341129064723258324e-01,1.741626751860947675e-01,1.179080462570934601e-01,-3.929486160776229225e-02,6.879042480775635158e-04,2.350621509120869035e-02,7.561879623286538177e-02,1.571299097578763779e-02,-1.002838817187730741e-01,6.374312075797128330e-02,9.895935540241894424e-03,-7.211438546111691161e-02,1.024722033059238535e-01,8.545600070647327295e-02,-7.534340816880524816e-02,9.578732363187131282e-02,-3.611303134953572358e-02,-1.400769822206691384e-01,7.352668669248185740e-02,-6.909385123240891977e-03,7.756975346961965390e-02,5.971389832945547815e-02,-6.015307972273098523e-05,-3.218542092445248609e-02,-5.074923932547054095e-02,9.741286485677964901e-02,-6.312134328296474528e-02,3.942459544636959384e-02,4.606415527364333268e-02,-5.004041035122914344e-02,-8.867760019646953040e-02,-2.505388567807291175e-02,9.573041687029082078e-03,4.685360441766911466e-02,1.298111169558657241e-01,-5.368111728430446233e-02,5.294065299925073201e-03,-5.565978006465217842e-02,1.922598282306537190e-02,-3.780988695768988748e-04,2.164871480959158073e-02,1.214002833208248644e-01,4.089854737883480418e-02,-9.978436044400769422e-02,-3.376523781314003797e-02,-1.893462237586357802e-02,1.182555079283195421e-01,-4.692037716440730644e-02
-2.614255472232088554e-02,-1.772495144449527937e-01,1.348916550475376952e-01,-2.509373535129459307e-02,2.616340315293976329e-02,8.346347677147394895e-02,-3.156914873123425197e-02,1.531358000369609229e-01,-3.071493274366350612e-03,-1.659744439207401778e-01,-4.478937701422163950e-03,1.759795332953444091e-01,-7.172812526586490323e-02,-4.224629588481667447e-02,-1.595140168730021235e-01,-6.441461987164452674e-02,1.275216915024325604e-01,-7.055662168637548415e-02,1.483614704107005453e-02,-8.169384581311883720e-02,9.809030248636947669e-03,5.089108908085417798e-02,1.038986286500486744e-01,-5.671003556692507525e-02,-1.717151571274931898e-01,1.847979888329346621e-01,3.299371861882631832e-03,-8.312443650485085156e-02,-7.938479884401969389e-02,3.812290332031201961e-02,1.293710449842731293e-02,3.610387756671029624e-02,1.571332526173540856e-01,2.007364163194655660e-01,-1.807232714415442365e-01,-1.620237542327891411e-01,4.427582000571374937e-02,1.347183571781968570e-01,1.294343135065903760e-01,3.218194911812422010e-02,1.933577634641738818e-01,6.872710985538875439e-02,-1.475072004860971397e-01,-1.949319114463134162e-02,3.591312675164120422e-02,-9.376574539131499186e-02,-3.894569210813251386e-02,-1.552035516592187858e-01,-1.529874684946900057e-03,4.786851181586598836e-02,-1.198428513987818550e-01,-1.920938518018477231e-02,-1.511862354845061041e-01,9.751249027161038030e-02,5.082513194872446960e-02,-5.295693095198594769e-02,3.375641748352228161e-02,5.385013350846306474e-02,-1.563534799740204928e-01,-7.066665792536901136e-02,-5.940601032024037109e-02,6.210114777481964832e-02,1.229109694634045874e-01,1.345502796189383121e-01,8.861165648366624292e-02,-1.046909340855488590e-01,-8.191960511286272562e-02,-3.586544001456216935e-02,-3.243218161054653437e-02,8.897421447283060392e-02,-1.135052087220796979e-01,-1.668669704217906058e-01,-8.026545860312588043e-02,-1.500022130833759959e-01,1.790866351330559769e-01,-1.194997823345515520e-01,9.347162242325905701e-02,9.565852598401806961e-02,-1.140046506783057439e-01,-5.682778205278540135e-02,1.860289893393912153e-01,-8.097692792960510533e-02,-8.441950107477458332e-02,1.944773778337525461e-01,-1.464731024975289286e-01,6.364967552205870460e-02,5.481157405001534089e-02,-8.762978744882514437e-02,8.064179182804219123e-03,1.032553475683807842e-01,-1.782539810141265946e-01,-1.531151607848385554e-01,-1.738410103217350455e-01,6.099118345201763602e-02,9.687905708683942907e-02,-1.167454029910357655e-01,-1.087688009778694925e-01,1.540760618516978375e-01,-1.320168405013592561e-01,1.439981495326339012e-01,1.512527259157531723e-01,-2.663425289543312410e-02,6.273475668648456627e-02,2.119007192373556503e-02,4.852524708178113100e-02,5.161859508725891860e-02,5.915113772109249074e-02,4.455571775780080984e-02,-1.353534728335813869e-02,-1.159429733433374812e-02,6.584339368745070753e-02,1.337690152812261724e-01,-1.221956943969751824e-01,1.648606511018984033e-01,5.333784651045382630e-02,1.771185712598814244e-01,5.496466028861814873e-02,-5.956948371975109152e-02,-7.621373575440813786e-02,1.029336778318291762e-01,1.129349460424584894e-01,8.028870310754389339e-02,2.267960112884495616e-02,6.744285832657642699e-02,-1.946827456487775776e-01,8.701599277950923528e-02,2.539015475492431562e-02,-1.612695839797613773e-01
-1.040917707877048876e-01,-7.122009683412397485e-02,-2.158967414518971409e-02,-1.355749971479819627e-01,-1.173591372156104484e-01,7.564746947243265740e-02,-1.834525095775829673e-01,-1.855239865038574021e-01,-1.330255364240307547e-01,8.471713582717937951e-02,-1.288642230080048745e-01,1.338659331658095253e-01,4.295375960387193270e-02,5.294357666124430845e-02,-6.114333017930290853e-02,4.258820135746995555e-02,1.590286055274397203e-01,-4.485373230165137087e-02,1.145001498381012922e-01,1.114370344639721427e-01,-9.076697605402166136e-02,3.483777323165525297e-02,-7.660278555488890528e-02,-1.059776221445275501e-01,1.282811555548456772e-01,8.836035589396550038e-02,-1.096716550469747226e-01,1.208596216762273523e-01,1.003153047334441744e-01,-6.843368532051696818e-02,1.940563943073988773e-01,8.950955783968805868e-02,1.604346419143735936e-01,4.211805961136016324e-02,-5.436396368598279266e-02,8.586209991485231618e-02,1.352475182026846301e-01,-1.923989885890304286e-01,1.366611691698821074e-01,1.851401132660083215e-01,-1.452521765211644278e-01,1.749584866620342016e-01,-3.148748828513286274e-02,1.939304652078714108e-01,-1.940598759716897770e-01,1.284698035735708233e-01,1.214609422504394076e-01,1.093990071525546143e-02,1.334516668345143708e-01,1.392465316723345281e-01,5.590435000989375097e-02,-1.197730804019855738e-01,-2.848530232674085366e-02,-1.811087906660651670e-01,1.108028236946129730e-01,3.507050873688827828e-04,1.277004402754242790e-02,1.520734764115064808e-01,8.061847327205863556e-02,-1.833842243017771989e-01,1.231013538144662550e-01,7.052377566547179955e-02,4.015578138199356155e-03,-9.305511934588417411e-02,-1.036669504986846846e-01,-4.537117398643730065e-02,-9.117404145171394136e-02,4.192021115852721802e-02,1.294773712064012927e-01,1.826242851963268965e-01,3.086991478577934961e-02,4.781549393202524922e-02,-1.205037954491201962e-01,1.005790668914905150e-01,1.305474848189925041e-01,-1.179470208682808358e-01,-6.524274101108287760e-02,1.529018351449317956e-02,-1.603307744455419737e-01,1.934280368767859470e-01,5.102999340394626798e-02,1.870832579346430324e-01,-1.481160081337659917e-01,-7.541840698122211084e-02,6.215286019011991708e-02,6.629304036876110251e-02,-7.523059159674591601e-02,1.192766536235870117e-01,-3.887738801207117623e-02,-1.600840199152613885e-01,-2.431935095355913356e-03,-3.467926443187685503e-02,-1.428734981220997069e-01,9.046946797170463128e-02,-1.334669328850047743e-01,-3.606136470929625915e-02,5.215271626195863014e-02,1.687529348622493208e-01,7.212223630327220525e-02,-5.755766154622999481e-02,1.513607493031028928e-01,1.411630777677714554e-01,-1.310852845054151783e-01,1.074988358465981397e-01,-4.168062622161180369e-02,1.453528220691900907e-01,2.852972935463743073e-02,4.678020189788007106e-03,8.107525779593079129e-02,6.337545104811813379e-02,5.474840047379198049e-02,-1.729071237863389066e-01,-1.735181516020369574e-01,4.833427090807771581e-02,-8.750051566798038027e-02,-1.164976976958062294e-01,-6.530134155936165308e-02,1.887696871319785863e-01,-5.896408334176080068e-02,1.761406656889493161e-01,-7.378972646137196834e-02,6.345990829191557048e-02,-8.869402640193971288e-02,-1.845100659646654595e-01,2.446799428392754799e-03,6.944633138950960516e-02,-1.281062385806601700e-01,5.782884896203573794e-02
-9.884134051653289954e-02,-1.176812570083845683e-01,-1.002853394556990074e-01,-3.703109465153221758e-02,6.002400858536800776e-02,-1.302987597689652111e-01,1.225529363054388698e-01,8.671387551924421982e-03,-1.514969148217174544e-01,1.548818663095317683e-01,2.321755966471242272e-02,1.457965749898660901e-01,7.402544156919085849e-02,-7.548044835715586598e-02,1.450363568444299200e-01,1.596127134776936518e-01,-7.408224800067954308e-02,1.828307865857639047e-01,2.000071672735780071e-02,-6.718326820291842250e-02,1.480248126931980601e-01,-1.535163195496511424e-01,-3.912733431408813717e-02,7.001773705400923808e-02,-1.512721103726157312e-01,1.611250604111987283e-01,-2.023123632722737819e-01,-7.915599886569175958e-02,2.981908134296603480e-02,3.637371622788519721e-02,-5.607595109609776751e-02,1.021302662456939105e-02,-1.043771834971233270e-01,1.152550665162667964e-01,1.867486547313639278e-01,-1.981390007623807376e-02,1.499566571107333879e-01,8.707956544801030707e-02,1.621897678086645783e-02,6.035673760784743963e-02,-5.306924489860213867e-02,6.966075482700687105e-02,1.093598164499178654e-01,-1.578881924807425952e-01,-9.622335873912582493e-02,1.656170728517571966e-01,1.575015165902057257e-01,3.346650964051416099e-02,1.729966217377792992e-02,6.436422123717472354e-02,3.238451154171061858e-02,5.709305453051662788e-02,-5.488688204391513337e-02,-8.031643703469905360e-02,-5.918182860898187764e-02,-3.765974201079009837e-03,1.437625859252007199e-01,-3.285180331254669572e-02,1.334519802702166524e-02,-1.679519622363002118e-01,-1.205749334830822778e-01,-1.836929501051709213e-01,-6.368708325721503249e-02,-7.869114959860828984e-02,2.050201311578954688e-01,-1.225923957754389143e-01,-1.767752479914950214e-01,5.483371878070435884e-02,9.973338825230299021e-02,-1.382203878038047451e-01,-1.187897651505359919e-01,1.867542474551642240e-01,1.651835813453918778e-01,-1.840308993239382906e-01,1.077544725667393122e-01,-4.893951415899541746e-02,-7.890885935381997118e-02,1.432758813946492238e-01,1.093221159324242742e-01,1.980594931419027982e-01,-1.320412394219500352e-01,7.541544655644562278e-02,-5.264232466526059390e-02,-6.815788879579100235e-03,4.099865749157332456e-02,7.370797865148602176e-03,-1.740312595940335938e-01,-1.665776466481818929e-01,1.610576984396405731e-02,-3.335588881110623100e-02,-3.336892422684028386e-02,1.680517314020106012e-01,7.418344751787363245e-02,7.534520836873924432e-02,1.634822736952126210e-01,1.490913273135974215e-01,7.457112027916683317e-02,-1.524856283621115471e-01,1.832870010829773522e-01,1.672976398136188925e-01,-1.563679388202177667e-01,2.726907696675023515e-02,7.940656480738732259e-02,1.379889009350772078e-01,1.673139142830267212e-01,-1.563301404741818668e-01,8.952696206101795617e-02,-3.921745729175710876e-02,-1.199518140135104882e-01,1.436753919864030837e-01,7.448621256851717387e-02,1.949864087444616312e-01,-7.414928827879031792e-02,1.595431537463330995e-01,1.767798384390026345e-01,1.958976290013608179e-01,-2.605653436355130637e-02,-5.478287769344198678e-03,-1.745451579884781113e-01,1.292830539342898488e-01,1.684899496917637018e-01,-3.110302100976538447e-02,1.618178447702276757e-01,-1.758922828604977950e-02,-7.224382587453258286e-02,3.000805310170311449e-02,-1.089068260999022375e-01,7.589702218428193148e-02
5.602347942384589691e-02,1.528168115029535645e-01,-7.863958285683184113e-02,1.908080823294456760e-02,1.309855971698636878e-01,1.795387830546805313e-02,1.453378897562724870e-01,-1.707355928307877635e-01,-1.227908822407288159e-01,3.691686818333927284e-02,7.366428183217392164e-03,1.919293788964092917e-01,1.630250233019284456e-01,1.508695497956656084e-01,-9.848504962364017581e-03,5.194013210832055388e-02,-6.779458939257174133e-02,-1.338386417922959593e-01,1.563009217255723615e-01,-1.926071281203029784e-01,1.942541421466655316e-01,-1.675492581061528430e-01,-3.451896628980185427e-02,3.242062990724110371e-03,1.604915096167571636e-02,9.733065469237479547e-03,-8.255640735821906384e-02,7.101051990680030956e-02,1.554219138820312762e-01,-1.863665488646991664e-01,1.241394697118467505e-01,1.928526868112039883e-01,-7.150281198193561040e-03,4.172761497556069094e-02,6.039018664916342982e-02,-9.142267081269431217e-02,1.196668900595459530e-02,-1.541889574746554414e-01,1.851981384783965012e-01,1.151297924567978304e-01,-1.548714104649990542e-01,-1.831015501110942467e-01,-1.029440656067750343e-01,1.062896850872989962e-01,1.002864196793740587e-01,8.226020085755161859e-02,-1.166245890927341405e-01,9.639464711589104673e-02,-5.010384329353159694e-02,3.605516941615130588e-02,-1.735205012698951277e-01,-4.240744015343480416e-02,1.785601543580218054e-01,-1.091530762655608944e-01,8.387675171556283060e-02,3.689511056016733098e-02,-7.437658213076345226e-02,1.270725035149314619e-01,-1.222882280552355927e-01,-1.528008172372527507e-01,4.878932100229060875e-02,-1.677962228784263543e-01,-1.931388320124285130e-01,-1.057507230717838337e-01,1.844934712521967279e-01,1.432521272401036938e-01,6.995333690646463043e-02,1.648674989269668101e-01,-2.258781672230806073e-02,1.649298743061485273e-01,-1.377071660062829939e-01,-1.884944146189820313e-01,1.826348901732637864e-01,4.971241822947810099e-03,-1.336329072646220972e-01,-4.466864953217396933e-02,-8.910935621418050734e-02,1.482151563919232862e-01,1.229233105039474194e-01,-1.343969054617617787e-01,-1.267619272993082517e-02,7.929311018603490968e-02,1.563280018398093343e-02,6.853442586762809041e-02,-1.657174830961146705e-01,-1.469440873792493552e-02,1.003216839901939911e-01,1.919208786904385566e-01,-1.000739087547283801e-01,5.593988699336573805e-02,2.850266402592298645e-02,5.370419729196576619e-02,-4.167920907129762931e-02,1.195944725644618872e-01,1.574973734640958967e-01,1.530468123610171094e-01,4.437172714159394460e-02,4.475688371612324828e-02,-9.158455417539718146e-02,-3.698465864972809436e-02,1.545829913604759298e-01,1.202531978127765327e-01,-1.898524188506856281e-01,-1.571839593787221490e-01,8.379336820594086854e-02,-1.078877715229649148e-01,-3.650013475916309008e-02,1.034476159210521717e-01,1.219222506229005881e-01,6.069791966497088687e-02,-1.379295308249759155e-01,-1.876390865105641848e-01,1.650130943488139768e-01,1.337945540456748628e-01,-1.380713488792799648e-01,-3.564489091178208585e-02,-1.063398877194505626e-01,4.885852776465929304e-02,2.703821214298190653e-02,8.890162116743094423e-02,9.021602547650474369e-02,-9.343231451233698082e-02,3.226743913191314900e-02,7.352263978440297387e-02,-1.205918479773084445e-01,-1.885261685035717893e-01,1.557752481883449280e-01,-1.847260216588818837e-01
-1.342615297641624739e-01,4.783759253491836477e-02,-1.108114078330341493e-02,8.528778547140870858e-02,1.474017908720005043e-01,1.831373835618036738e-01,-9.175260068498537758e-03,-1.005836215551101642e-01,-1.263624715904285434e-01,-1.601506387276152577e-01,1.213155863230984260e-01,4.830452130144571171e-02,-1.460981195424057022e-01,-9.124468959754007680e-02,-8.274856428587699930e-02,-1.034040031913420199e-01,-1.430141380130283968e-01,-3.683934903367295371e-02,1.685387773428959624e-01,1.596891389136006756e-01,-4.506069453659626058e-03,-1.842266079567819737e-01,-2.967342451599896958e-02,1.764500053711532956e-01,4.842204823921139600e-02,-1.415953812751935825e-01,1.473324400400490009e-01,-1.226075346574336117e-01,-1.529969916315019884e-01,-5.637893479813011616e-02,1.163111342228681233e-01,-5.980516143585091343e-02,1.350716494896338216e-01,1.864731475532970806e-01,1.007023353160512585e-01,-1.511483652575885683e-01,-2.315211283372959478e-02,-1.606597328827463200e-01,-1.973812128001198873e-01,1.222732627972385605e-01,-6.524798615769929200e-02,9.516010154981818792e-02,1.150805860922809315e-01,-9.758080198010359030e-02,-5.679923238393135704e-02,1.085832103145468741e-01,-1.018644120858380742e-01,1.719748704280376350e-01,1.215873076714375917e-01,-8.854932843358175043e-02,1.493855788150079134e-01,1.008262041799231484e-01,8.668579876995735622e-02,6.025576391654938885e-02,-3.629009467450118598e-02,-1.306838702933014185e-01,-2.143041485795020573e-02,5.225884795947545458e-02,-3.259516889362104597e-02,-9.492024824800950056e-02,2.892330142802545731e-02,-1.203705221992400071e-01,1.307522116958535208e-01,-1.469690313841413576e-01,-7.031860818208517105e-02,8.221354714216799753e-02,-1.472907465972162488e-01,-1.177151179691280636e-01,-2.488043955907632762e-02,-1.130967428709340611e-01,9.345720429056821044e-02,3.191864762858668408e-02,-1.462688574123819675e-02,-1.613457485718789164e-01,1.740127704478443837e-01,1.539413717624300848e-02,1.372215267706615727e-01,-1.425709103424931401e-01,-6.452400024185706885e-03,-1.117796541025655038e-01,4.413365517436543956e-03,7.239819047716011813e-02,1.681391678689561908e-01,-1.739289124454069038e-02,1.099257101702195982e-01,9.928494287637673610e-02,-1.056380530016650665e-01,4.147019879978296013e-03,1.831522416085127059e-01,-6.367142919377065391e-02,-2.192851995449645458e-02,4.688515191572041954e-03,1.351058680935492973e-01,8.570042674616110134e-02,2.041868678248824620e-01,1.753039012993721224e-01,8.483396168416398875e-02,-8.616528789525933207e-02,6.030247062779216238e-02,1.308771878674540312e-01,1.235293670103861374e-01,1.166552699765581874e-01,3.333310971744794793e-02,1.170867331335664341e-01,1.915928617291036140e-01,1.359615720456619770e-01,-1.529158118550487389e-01,-1.225765376149803992e-01,-1.913250399830261628e-01,6.574754665961225764e-02,-1.230277875078026328e-01,-6.654500980678450250e-02,-1.674416651342200135e-01,-7.364048064220045375e-02,1.146126619088101845e-01,-6.463301465325159423e-02,-1.686513947631327892e-01,3.672246354460078147e-03,1.053299632502927435e-01,7.933087101714167422e-02,-5.809015001592499755e-02,6.874124436716817776e-02,-1.294988442822274655e-01,1.475247561395943638e-02,-2.053865367240658574e-02,-1.596371765347759653e-01,-3.291361787141801332e-02,-1.256673305477770120e-01
-9.919323596272749954e-02,-1.098644151838565897e-01,4.446755782862334139e-02,-2.171202402781591614e-02,1.531112197531900830e-02,-6.561536029879028176e-02,-1.679893801140618648e-01,-9.516321446414259533e-02,-4.126974876958487692e-02,1.272991484557350061e-01,1.356062094104725502e-01,-1.521769015292528116e-01,8.824934285736579787e-02,-6.427791990050929494e-02,-9.427028319214468544e-02,-6.822076309623456049e-03,-3.928708345657820622e-02,-6.896584669489724817e-03,-2.299950663031808187e-02,8.390439589514028795e-02,1.500537681497955411e-01,1.315974104314628634e-01,1.055899086964808692e-01,1.353585174505686321e-02,-8.543673143856777077e-03,1.243782992940331567e-01,1.440844752281909280e-01,1.138237546650185811e-01,3.426453886725136511e-02,1.059620843581335625e-01,2.649326137795394651e-02,5.188201318915385690e-02,1.258714350405569782e-01,-2.022425081215813436e-01,1.278787563358905199e-01,8.897829066414496280e-02,1.167627921993413254e-01,1.238027990082149650e-02,-9.994981789447529574e-02,1.574490641754052456e-01,-4.727045945349584583e-02,1.811690775227483563e-01,6.526428247719555376e-02,1.884544563528253724e-02,-1.791346079342330880e-02,-1.252726964705284662e-01,1.983865155099986677e-01,1.619625740015774029e-01,1.026845282836520018e-01,6.836941973345450618e-02,-5.480473697466004901e-04,-4.796912855064675019e-02,-1.533007355778498726e-01,-7.013147877061411128e-02,1.376561000831572068e-01,-6.233427038571081463e-02,-1.688978432961009135e-01,1.430293918544146003e-01,-7.168029635421026280e-02,-1.337985842363803857e-01,4.385980631224755538e-02,-1.387665058032237497e-01,-1.828755044949365678e-03,-5.845957228347822832e-02,-9.660525827768962071e-02,-3.672945381986790492e-02,1.257004790224283408e-01,-1.314109215242703910e-01,6.719223047579464536e-02,-2.589542872073239896e-02,-4.881779839907222918e-03,1.149541361325018551e-01,-1.480038595563752946e-01,-1.587464776382487008e-01,-7.672014617215919263e-02,-6.185667549517344377e-02,-3.179832616175366777e-02,1.094272837068189230e-01,1.815250727106052786e-01,1.386088554161570563e-01,1.204717516348575712e-01,-5.938711124736672370e-02,1.868759389465428356e-01,3.878711877303853139e-02,1.213055619151337111e-01,-5.502503435007033428e-02,-1.211453447733321920e-01,-8.070147103308987491e-02,-1.572568807808467362e-01,-1.455998767518052461e-01,1.977171895618058395e-01,1.142145566397387568e-01,-1.381855586416640413e-01,1.126765900285160438e-01,4.953401066984850637e-02,1.018529555426746086e-01,-6.039045173918028420e-02,5.261807159397640776e-04,1.196577164624931799e-01,-3.174865856520827506e-02,-2.933016900187430595e-02,8.982497344143179629e-02,5.277155781437292692e-02,2.900281612335351041e-03,-3.156251362309232811e-02,1.011225961424023212e-01,-6.028005196996701759e-02,-1.746580146220192420e-01,-1.661774064472601176e-01,4.325192148980750578e-02,-8.033015281539376828e-02,-9.141898702953786537e-02,5.794410967353345876e-02,7.049388092432759545e-02,1.351643749796763994e-01,-6.601863401453703095e-03,-1.255069475449628602e-01,5.592019721844670999e-02,1.763883839687841459e-01,-5.847384021318023650e-02,-1.610824740253869458e-01,-6.099292027638564262e-02,1.813955363664225828e-01,1.408400302756598332e-01,1.758593924342832515e-01,9.509296400329288190e-02,-1.071377992193592033e-01,-1.105914677038138810e-01
-1.308479263013338223e-01,-5.026139847894464663e-02,-6.207510999979513194e-02,-1.572721857696598446e-01,-1.159571252585612500e-01,-9.343062481964243757e-03,-1.798828783911338158e-01,-7.055811817115349716e-02,1.713449948989349478e-02,-1.595676159667652472e-01,-5.445579853167118595e-02,1.495506121961321100e-01,-7.797110474108218114e-02,-4.503357822798673832e-02,-1.314570619307860178e-01,1.406898348809155763e-01,1.442686438156131068e-01,-1.216445271286882429e-01,-1.450283593472667110e-01,1.345108461791324761e-01,2.060021669445650030e-02,-9.496260576077940330e-02,-1.553048029251863707e-02,-1.739857733999871092e-01,-3.350632039732616418e-02,1.514828122795930099e-01,-4.177369301583679084e-02,-4.796827336027514876e-02,-1.231006372832647161e-01,1.712385563398591271e-01,-2.178098440709440135e-03,-8.320758484956887469e-02,1.435210042300748834e-01,-8.248707355100783067e-02,-2.715394141343250439e-02,1.285926188716535190e-01,-3.061421351040060669e-03,-1.904408774619186992e-02,1.060230341317911357e-01,1.538203927828837581e-01,-7.623209450367872397e-02,1.103084740101060585e-01,-6.749719643985904738e-02,1.758908665085633649e-01,1.706712442566462873e-01,1.026261401487831015e-02,-1.160908174569345863e-01,3.412133848954875676e-02,-3.845948607001721965e-03,1.420878480123904664e-01,-1.279181547031913724e-01,-1.177202930722308083e-01,-1.744572234779193931e-01,-1.122625785305102486e-01,-7.082279218099485352e-02,-1.060718895211650997e-01,8.112010697811483650e-02,-1.253635097558292999e-01,-1.293848541601968181e-02,-1.357035963952583080e-01,-1.376289639231283723e-01,-8.145929846511650030e-02,1.611194223266927961e-01,1.611169994420439955e-01,9.788078198848053357e-02,8.692805910466110120e-02,-1.296803144545613240e-01,-1.047498487575662385e-01,-2.028446367379523399e-02,-9.353621575495474350e-02,-1.604901282828956333e-01,-6.656214631113734070e-02,2.026010158571855263e-03,-4.371550350039370841e-02,-1.529670566326724879e-01,-1.162603344172135206e-01,1.685156044550135679e-01,-2.598786952024496888e-02,-8.835909506717901096e-02,-1.674244366355870650e-01,-1.227594210374182704e-01,-1.702583540365959491e-01,4.169226693229881320e-02,1.417276913597969312e-01,6.202135804247081718e-02,-1.096762225448936895e-01,-2.598978975899113308e-02,-1.429031293643893627e-02,1.202089410350783427e-01,1.396012921416429631e-01,-1.032723053441118866e-01,-1.915536343380667694e-01,-1.661482320301568005e-01,1.313525149812009296e-01,1.927476548714230353e-01,-2.007231827806154056e-01,-7.666234489609588532e-02,-1.794711094079874669e-01,1.565350746375619717e-01,2.599514082162792013e-03,-1.120997292815086310e-01,7.580835757468463998e-02,8.208738324745640247e-02,-6.668296961195088746e-02,-1.773273284875453645e-02,-4.593608545003859817e-02,1.219219701040146486e-01,-4.228651368449152376e-02,-1.980077874499902024e-01,-9.646737818441261658e-02,1.802407400728281983e-01,-5.304439343872840995e-02,1.700125852563160178e-01,-5.825392659411234714e-02,1.356502718197342104e-02,7.867651673776358823e-02,-1.508520855292484197e-01,-2.859733367892288575e-02,-2.208728702272680366e-02,1.653025139614096861e-01,6.818222080330500756e-02,-1.182713439776014591e-01,1.024793857972943895e-01,-4.642686444125092987e-02,-9.815724282754913210e-02,-1.365419488884397348e-01,1.396127567938788838e-01,1.715620605050859615e-01
3.725085123950006016e-02,-1.673600554135508678e-01,-1.714731984926978203e-01,1.067482223004142666e-01,-7.419296882375625568e-02,1.619005009070091650e-01,1.751312304064019110e-01,-1.141276820225663180e-01,1.940422112486568373e-01,1.370060005670794834e-01,5.814090138728229828e-02,-1.013136093047768277e-01,-1.387264451382586201e-02,2.148374566565817642e-02,-5.753115756096430222e-02,1.056314401484046983e-01,-1.279076959214597020e-01,-1.358814838267621006e-01,-2.404250027449107013e-02,2.792223030704553410e-02,-1.670872015447864454e-03,-9.682951418795401888e-02,-1.283349786977711626e-01,1.519890789155668998e-01,-8.279795218961896741e-02,1.525733515677030194e-01,-7.212910840274902070e-03,1.666289614192566770e-01,1.453161695775537499e-01,-1.326434036009690731e-01,-9.598658179599151019e-02,-9.921233842482676812e-02,1.160184867029772221e-01,6.965093261965533966e-02,-9.521137638094097355e-02,7.272508571597821603e-02,-1.457618697236165994e-01,-4.816569605281575267e-02,-1.043116299541284320e-02,7.689540050772329660e-02,4.161440384161401232e-03,-7.327159666612151345e-02,-1.056743572228586092e-03,-1.844209589281765316e-01,-9.723293764888420176e-02,8.067233744584877131e-02,2.051378972356808772e-01,6.377178723953157158e-02,-6.843094133385714539e-02,-1.694233151913863977e-01,-4.487606716509261184e-02,-1.134910786524487153e-01,-1.303862915367873798e-01,-1.381960845822463417e-02,7.568014009525708685e-02,1.935996771167661223e-01,-8.884730850349985276e-02,1.733725689011592908e-01,-1.384461649762948610e-01,1.366209574018029116e-01,1.273484462757629443e-01,-1.064701209937712473e-01,6.529615401023407262e-02,-4.629272360716189805e-02,1.536789999034493710e-02,8.610200489919152267e-02,-9.782590530066340162e-02,-1.616058082013036579e-01,7.192996403029403019e-02,1.107879366214137122e-02,1.038372448863113452e-04,1.827864704884542280e-01,-3.459312406392527767e-02,-1.061856388439108290e-01,2.087684463687701220e-01,-1.790828470191874883e-02,-3.571763758033095343e-02,-5.184604079820483852e-02,1.661093500364269615e-01,-1.556387225782782935e-01,-1.130710476204230611e-03,1.802165975257158936e-01,1.652594430557055571e-01,-1.899944307591669435e-02,1.380205795214945463e-01,3.607567582222504649e-02,2.497302878742240287e-02,-8.133150540810615836e-02,1.645877828821398214e-01,1.561096578632459320e-01,-6.676312428458809622e-02,-1.389801208076187622e-01,-1.522185007651020716e-01,5.465489094409447732e-03,-1.491402158500690356e-01,8.202321932351397740e-03,1.753750747774514007e-01,-7.042698167845391766e-02,-2.484607152286248677e-02,1.586758302106319185e-01,-1.840875388739868501e-01,-1.039583067025293822e-01,6.323494939006286952e-02,5.400989344008881587e-02,-9.187968414308246567e-02,2.975218299088854684e-02,-1.262862541642036651e-01,-7.908471109480783023e-02,-1.304276423656344254e-02,-1.905442495729646468e-01,-8.096905814984432792e-02,-1.057560689455187830e-01,1.039579553141583429e-02,-1.989321681051343937e-02,1.184174518344804222e-01,-6.546825568304581733e-02,1.668872085763445923e-01,8.231702060225207229e-02,1.709858925051767065e-01,-1.362260120973295130e-01,7.862714495039345441e-02,-6.535264875242465139e-03,-1.409978150112471684e-01,9.641874446187508052e-02,-1.450068475736739082e-01,1.178001144202647649e-01,1.882162410363392158e-01,4.773718829862551305e-02
-1.726757996087488756e-01,1.198207719650125069e-01,1.530190132697050176e-01,5.863140927442785089e-02,-9.007446913323467752e-02,5.458768321366300885e-02,1.875758169518215446e-01,1.773723935360445592e-01,-3.815487685794729383e-02,3.683488727174871052e-02,-7.988308582140335457e-02,-2.685860229297532334e-02,1.754224121762612554e-02,1.582092617658673595e-01,-6.579957724084667392e-02,5.418085605558583401e-02,-6.287433690369222117e-02,-2.881429221981973710e-02,8.126153411046695141e-02,7.382148597827638270e-02,-7.268402300003601324e-02,-2.940067170738529245e-02,8.746767388867223922e-03,5.147051441394307966e-03,-4.044451652881290993e-02,9.946801394607157187e-04,-1.449750271630994014e-01,-2.922336313483539158e-02,1.178396892361775576e-02,-9.164486600129785610e-02,-1.455256302829187609e-01,-1.565953917775970289e-02,3.638066678206326732e-02,1.475257324976119583e-02,-6.945481003594075609e-02,-2.477646515889551579e-02,9.220925203160293404e-02,6.100866581159630070e-02,1.262691032533986846e-01,9.296143386671806841e-02,1.598745520989382773e-01,-1.652101182727105655e-01,1.934557008417047974e-01,4.420032515020918401e-02,1.143129055962140150e-01,7.551922653892650938e-02,-5.195569009800641430e-02,-1.139695431248782809e-01,1.111500110608808628e-01,-1.569490886169516014e-02,-7.530482941642099859e-02,-1.479498806379349884e-01,3.971438206370106472e-02,1.890747060867525864e-01,-1.734222381048083350e-01,8.855984070025600674e-02,1.531448496563331818e-01,-7.142531344490329892e-02,-1.768870220344506972e-01,4.824700419706214743e-02,1.827694335244200649e-02,1.858662196965112090e-02,9.906424877864876410e-02,5.375663520539444157e-02,2.440309056350203898e-02,1.435642722752183131e-01,-7.739700710822919327e-02,1.843493047561340359e-01,6.240396054232275752e-02,-1.652397410405765099e-01,-1.354053422811112017e-01,-4.307764565818614916e-02,9.534910763327530958e-02,1.830713088655418208e-01,-1.235125947418609371e-01,-1.291171798495934220e-01,-1.160885881364713372e-02,-1.768066688642742634e-01,9.807049039136377100e-02,-1.522456076552775317e-01,-1.652445462879026938e-01,-9.525454399553731633e-02,1.644754730067722881e-01,2.073743546928868281e-02,1.033345272092280193e-01,-3.836007347372932808e-02,-1.862363516847522493e-01,7.470325365103203108e-02,-6.647474498256357445e-02,2.927596193643321534e-02,1.138286652208681388e-01,-1.641239197760464841e-02,1.522780252256454303e-01,-9.042867295641902892e-03,1.545989826901612574e-01,4.904661052083195832e-02,1.256081616922533895e-01,-5.181365097321258967e-02,-1.220454704353475701e-02,-4.067517778593832817e-02,-7.016781615858035115e-02,-1.593290910506175440e-01,1.153930694868749857e-01,-1.383914480168001258e-03,7.439843785320050806e-02,4.551697501714082467e-02,1.644280353989020782e-01,6.198071626330779738e-02,-1.822717013254374421e-02,1.252854126177261052e-01,1.740224265560996741e-01,6.905280443858616713e-04,-1.175784062647580036e-01,4.041909876790546891e-02,-1.914879420155287948e-01,-5.965170272527565293e-02,1.869589639615166221e-01,-1.945165643158859037e-01,-4.598477481468919714e-02,1.529600068172912997e-01,-1.049097808744979127e-01,-5.680259766848883007e-02,-1.762059663052642153e-02,-6.711685924488351718e-02,1.003881204443530517e-01,-8.852243691865684105e-02,1.799982539393247816e-01,1.615747330967362283e-01
-1.643206050082873793e-01,-1.354991448221770645e-01,-3.317677052794475168e-02,1.197235068425955146e-01,-7.882588502554849219e-02,-8.539852721359038334e-02,-9.120764138522667597e-02,4.952748641378802025e-02,-3.454053462074633402e-02,4.739921412930457600e-02,-1.633269467866673152e-01,6.334355711296159319e-02,-3.894201896918864092e-02,1.024939590540857454e-01,-2.874537959347894800e-02,-1.236453269513612153e-02,1.391722883411237455e-01,-8.020091790817977795e-02,2.534619062989093216e-02,-1.364664556731925715e-01,3.127340636580655531e-02,-1.108105551524460053e-01,-1.427282003029996804e-01,-1.883018502936624206e-01,-1.561080438006052784e-01,1.118595472728490942e-01,1.085802473097162435e-01,8.363373252144869208e-02,3.102553077472391604e-02,5.906090817579182778e-02,5.909903016918102714e-02,5.541061055407561081e-02,-1.038888576525666269e-01,1.821901097678421677e-02,-6.609646035423152877e-02,-4.781188567327721711e-02,-3.398778727329403171e-02,-1.752456939363843114e-02,1.077657623387130587e-01,-2.912687059689620522e-02,4.424418029670302427e-02,1.139294529045489363e-01,-1.517549826198432393e-02,-1.518517239176937483e-01,-1.290801275257597858e-01,1.069014822069085380e-01,-1.470761320903470615e-01,6.881025420826994421e-02,-2.425389742994113196e-01,-1.058200244215615621e-01,-1.609422641950080113e-01,7.586106145370115350e-02,1.765757795558979826e-01,-1.467937825755040275e-02,-1.409063261079362139e-01,-1.634203225950039418e-01,-1.081202550601239321e-01,1.930522589245126444e-02,1.836949490274191465e-01,-1.348874632493682058e-01,1.679779692930681301e-01,1.672534571294260197e-01,2.246329727988638503e-01,1.568867731578786340e-01,1.226676098338620458e-01,6.937973548157139181e-02,1.830327460272119372e-02,-5.207583893255930685e-02,7.009172270853072928e-02,-2.804333247522615685e-03,-5.516914305593432349e-02,-7.417368670705865030e-02,-6.997964096706495163e-02,1.877569701124890550e-02,-1.398765082432521997e-02,-1.259164249297370919e-01,1.572226473057954099e-02,-1.310541025706675189e-01,-1.397340074734576276e-01,-7.716626249790634051e-02,-3.870502466471330283e-02,-2.240243248431724732e-01,-1.894444927805376822e-01,-1.642236183611482381e-01,-2.051327514909979111e-01,-1.171770285062048583e-01,6.935456498757275323e-02,-2.016984868824037713e-01,-9.427186988798877398e-02,8.393640765837551143e-02,2.069919773473155936e-02,-4.437612194331773396e-02,-4.247656589860551030e-02,1.097271388215687385e-02,-1.173145011504460183e-01,6.699032178227531942e-02,-1.550910945878561376e-02,-1.394774172114090216e-01,1.705066436146925046e-01,-1.136738405840600069e-01,-4.805946504460804902e-02,6.874906775836878148e-02,-1.147875092270754342e-02,2.737193191472861095e-02,-2.065877769097480832e-02,1.173981265084367703e-01,-1.790411763856691318e-01,1.012540278181740805e-01,1.804452063558457386e-01,-3.207036568576004942e-02,-9.340861383473113289e-02,-8.131746524097349660e-02,-8.386484639938314445e-02,-1.179087708845837634e-01,1.239712252336350323e-01,4.508590308195311452e-02,1.224613272279690690e-01,-1.481267045701082363e-01,8.421286516973172653e-03,-1.045924609312393894e-01,4.147364895834680654e-02,5.547556492906320635e-02,-2.408693628411506804e-02,-7.320057584958482300e-02,-4.427009528781987446e-02,-1.801230637133253709e-01,1.874197968332156350e-01,-3.744314741972883109e-02
5.998779814536007310e-02,-2.911931063264696848e-02,1.522021953096595881e-01,7.183055106401756151e-02,1.169921030554823688e-01,1.017574273863076639e-01,1.185858080505873546e-01,-6.143899295908485797e-02,8.127461683239747825e-02,1.401015266986059549e-01,-9.350212609409162823e-02,1.545871315384198252e-01,1.414761641553839155e-01,-2.682140724935859477e-02,1.736975707216106279e-01,-8.898152931488771678e-02,-1.640868636466207287e-01,4.452024830190684512e-02,1.565276684652417427e-01,1.677634751780419931e-01,5.167638280617568164e-02,9.258855328845014276e-02,6.559316862830358308e-02,7.682068784704006170e-02,-2.428008692726761966e-02,1.792354938593639646e-01,-6.916779292588422223e-02,1.541109821275365999e-01,-1.815749527322261525e-01,-1.012180973817271706e-01,1.787586140036104276e-01,9.477762205137807427e-02,7.739499382669934313e-02,9.479589985854623702e-02,5.916470232947503710e-02,-1.960071475389281795e-02,1.034344775995548887e-01,1.463524452507193770e-02,1.821204975058525119e-02,1.185602582686606787e-01,-8.831548785133211399e-02,-1.716940045357838174e-01,-9.418332017542949131e-02,-1.093433125715403825e-01,2.010871828692570654e-02,7.409798607013810823e-02,-8.605111044031370227e-02,-1.100933329509897196e-01,1.641908513415687720e-01,1.201357897101902134e-04,1.927800971356343485e-01,-1.153468857309470769e-01,2.483536964666126570e-02,-4.738462164157340728e-02,5.536638892454642802e-02,-1.091198253433404985e-01,-8.405376688373444871e-02,-1.212792012925056895e-01,1.634380838548981085e-01,2.116797568744679392e-01,-1.393018330493722146e-01,-7.921309458808800663e-02,2.840835520794725635e-02,4.245500102867055120e-02,1.358628430207442783e-01,-1.627672880728572025e-01,4.772964135616480225e-02,2.075151160642785542e-01,-5.485978243723772102e-02,-1.327280112654234123e-01,3.539835752772770711e-02,-1.080060485815677318e-02,1.397646589030666908e-01,-1.689746369714927032e-01,-6.663212206942575877e-02,3.474228002711508140e-02,-1.150303501368661330e-01,3.729916008412447609e-02,3.374137070966726909e-02,-2.566426308345394133e-02,6.157828541526274430e-02,-4.797124193145172605e-02,5.062968453739093155e-02,1.648726411549490123e-01,3.572236752240483953e-02,9.738818767752685512e-02,-1.613153179666990400e-01,1.153745775834736087e-01,-1.283579252878584154e-01,-5.963986335019712259e-02,-6.653342325251307421e-02,1.455229847565005230e-01,1.351176348150284756e-02,-9.589538156179137907e-02,-1.474303039179599151e-01,-4.915810160200587836e-02,-4.227282259864521895e-04,-7.765050274151984872e-03,-1.666827787950472262e-01,-1.773447587188499708e-01,-1.060212582453346902e-01,1.489608890580525202e-01,1.724016278770028610e-01,-1.525996352845270243e-01,-3.258763662429182278e-02,-1.399409756872527048e-02,-7.560504343359521380e-03,-1.211671673337611638e-01,5.992058763270095151e-02,3.861611204009386678e-02,1.364480904680439033e-01,7.900724939194433971e-02,-3.898006474657021714e-02,-5.528410214475748541e-02,-8.438272011792348481e-03,-9.047649902612979467e-02,-1.151366127923233590e-01,-5.069729776285453182e-02,-1.580943267203526736e-01,-1.369290640638358980e-01,2.459237597415010051e-02,-2.089744062408626923e-01,-1.555484012720521614e-01,5.213608088619697128e-02,7.557125676413618300e-03,-1.432812881174682917e-01,9.073106952504575440e-02,-7.796454327655209793e-02
-1.900622797188280255e-01,-2.328119040673925708e-02,-6.364013769866179449e-02,2.341419179006665532e-02,-4.492209077702714187e-02,-1.215097586831195287e-01,1.419159101050557759e-01,9.044977114727748013e-02,1.505584744545773734e-01,4.511537342996609773e-02,8.371360965273623445e-02,7.325324796768478697e-02,-4.200116271257976069e-02,-1.246818428793351474e-01,3.632127399731514827e-02,4.796640351241918121e-02,3.778477624276838087e-02,1.047368301425267989e-01,-7.554323564285435333e-02,7.541013310107157197e-02,-5.963635693612770461e-02,5.252749685239029714e-02,1.162376014414027436e-01,1.724283647042034601e-02,-9.973681058140483613e-02,-1.354131528323649636e-01,-2.402995330579102418e-01,6.850840151864039107e-03,-9.378600440368219104e-02,2.430049557771231730e-02,2.266206856979046669e-01,8.199087941482613440e-02,1.328164775517584086e-02,-1.304104067003588885e-01,-3.142348512967693686e-02,-4.611295904971757231e-02,1.551974495625645933e-01,-1.790659965552122979e-02,-1.462350268587675195e-01,4.800464094943787674e-02,-7.724102404241112163e-02,9.950056007471570763e-03,-2.092652593544912893e-04,-1.423511368778873354e-01,3.092401040407801588e-02,-7.764070024050508112e-02,-1.069207454955654890e-01,1.369689649627985895e-01,-1.398437303133060750e-01,3.049092923389868162e-02,1.155700673520181354e-01,2.302449236871761673e-01,2.889127083225043746e-01,3.250447070368584629e-02,3.469808923357582675e-02,8.070147976655080158e-02,-3.089794632274167965e-02,1.597329153435453342e-01,2.595720087501883766e-01,1.131217599558132503e-01,7.725093540563217342e-02,-1.563545344826403408e-02,1.707820612692262929e-01,1.879213172558424072e-01,5.541180118151653108e-03,-5.527356954068717021e-02,1.636331384038953729e-01,2.784598515666861784e-01,-5.736585919290596719e-02,1.314046975885261315e-01,-2.819361230242141761e-02,-5.059550342707839349e-02,-1.836979597004307838e-02,-2.701388551614829214e-02,1.869144923836351946e-01,9.438446098680712548e-02,6.576233664185260341e-02,1.145646651325763626e-01,1.442898109851818989e-01,-1.438377208285442632e-01,7.695833090910070284e-02,-1.610453931283347406e-01,1.378876019345690318e-01,2.530054216590758576e-01,1.118142301553546047e-01,3.716912760751887174e-02,6.482108528218241683e-02,-6.139019122529813799e-02,-6.225628108295245405e-02,5.311682531616238739e-02,-1.099314365990547160e-01,7.196759174571577822e-02,-1.663919469246183946e-01,6.040023914604903364e-03,-4.388855190092839920e-02,-3.756347223037222183e-02,9.904093935877190946e-02,1.677478413467908269e-01,-7.045096237212541967e-02,-8.278835002336673576e-02,-7.015911590270115794e-02,1.031072955451573653e-01,1.368992113688828061e-01,2.442660185962560251e-02,-9.515517489425932840e-02,3.936375025093418606e-02,-1.987602888858483810e-02,-6.011611403149214744e-02,1.442023521279217346e-01,2.962714593207901523e-02,1.315019878249105711e-01,-9.724821155317803223e-02,-1.230886765154156209e-01,-1.255139829305815802e-01,7.121710614959962660e-02,1.619188924820255948e-01,1.175598651139661971e-01,-1.230545266879825156e-01,-1.126422930736027117e-01,-8.537606865232925946e-02,2.549643192603153960e-02,1.438126518904286021e-02,-1.304276695477808723e-01,-1.027728436483022340e-01,7.232722443243701227e-02,-5.174321671092105279e-02,-4.013127988517741634e-02,-7.897970037074247829e-02
-1.647262966384097360e-01,1.819314999879237116e-01,1.112145409119537631e-01,-1.291319339022808932e-01,-1.890567311010988294e-01,-8.280242959750074017e-02,1.130619867741981116e-02,-1.175481635653624103e-02,1.422371723925550946e-01,-1.146972908429473303e-01,1.650397176057575022e-01,-4.656325415588673938e-02,-4.324409417152516588e-02,-1.891446136100177061e-02,-8.490334211494240946e-02,-1.822681586326919999e-03,-4.504606928598223897e-02,1.734282771256016875e-01,-3.698717453112603665e-02,4.352008831934811584e-02,4.538647389562660422e-02,1.829155557120236975e-01,8.461195823495179513e-02,2.643530211609470063e-02,1.230955332845408839e-01,8.926408119849246758e-02,7.508822490409758008e-03,1.524584840146212678e-02,-7.205776194953626701e-02,1.671863201899892459e-02,1.763899654096888481e-01,1.546334525775553415e-01,7.668471177726181309e-02,-1.202097708272593241e-01,5.748554478223841940e-02,-1.236500051026030722e-01,1.426843539857519938e-01,-6.732788560122600352e-02,-1.254593647108095400e-01,4.967624362544149214e-02,-6.151088568142031032e-02,-1.055758613600443208e-01,5.293055079198907831e-02,-3.352306972555666592e-02,1.855190217282755016e-01,-1.117170879196171113e-01,1.848257610376233540e-01,1.379183410981674358e-02,-1.978097470892576162e-02,-3.320858734205896223e-02,-1.330576985213205998e-01,1.390908362536223686e-01,-1.403292287924723936e-01,-4.840736713187011181e-02,-2.656180324080587019e-02,-8.003228382702594346e-02,-1.481706873501869304e-01,6.834629217948703407e-03,-2.381984723187036135e-02,-1.155705549502572260e-01,-5.287925038064299893e-02,5.371995123081772794e-02,6.369634536584650730e-02,-5.623299215401448420e-02,-1.794901562547453547e-02,1.746282223167952563e-01,-7.037551011334847173e-02,-8.450576507478184396e-02,-1.639211480937380616e-01,9.889709687925131443e-02,-1.107559203736812187e-01,-5.607456797561125722e-02,-1.725898300409652308e-01,-3.464710315859433759e-02,-3.090661474627101699e-03,-1.423206909029891554e-01,4.166652103208936392e-02,-1.096710952393140648e-01,8.306756022567288742e-04,-4.718797875529008590e-02,1.575846523843266178e-01,7.971664805920121444e-02,-1.878074855397776910e-01,1.949353711872141570e-01,6.978381977209804042e-03,1.760606043991372327e-01,-2.441599111922741067e-02,-7.757411930126752175e-02,-8.645154109899234884e-02,-9.933568784979920907e-02,1.253854586926128611e-01,-3.273918229200496743e-02,1.931051580990500449e-01,1.017245349882763272e-01,3.938673814543571655e-02,1.212647744925324234e-01,6.901996673151349071e-02,-3.328805801080262500e-02,-8.832360379787339288e-02,-1.703936235005232558e-01,-4.806899771862729875e-02,-4.626125286600844128e-02,7.635266097609243185e-02,-1.033213634968943861e-01,1.098542122223068324e-01,4.967086610545824038e-02,9.035000249142140227e-02,2.197902189391436750e-02,4.760727756776701042e-02,-4.350537684497398673e-03,4.485502177234499538e-02,1.568110633388963837e-01,-6.691560674965174593e-02,4.011178199537335232e-03,1.852706380225006833e-01,-4.565959992940364642e-02,1.661743941527764057e-01,5.636934780624548204e-03,-3.825851022706452942e-02,1.714846344804988043e-01,1.353187682651137147e-01,1.255641506443700393e-02,-1.294116445498790235e-01,1.137509581900720129e-01,8.644877782732936222e-02,-1.500483689221010497e-02,6.827504805390131881e-02,-2.656257404368318059e-02
1.620455121311325727e-02,-6.163155764341576165e-02,-6.363452147407659687e-02,-1.331322118412895383e-01,9.059055680586304213e-03,1.237906036098088969e-01,-2.551483843898325748e-02,-5.868745567167742844e-02,6.651212591425252618e-02,2.701254496533440561e-02,1.257791324560753043e-01,1.360348209957107368e-01,-5.314521734961533822e-02,-1.229324706070875489e-01,1.385573542716328314e-02,-5.929829777440407540e-02,1.479910454902550743e-01,-4.248838019859337012e-02,1.670378614708059595e-02,1.612881190047953384e-01,3.453935628247423867e-02,-8.164715798145505410e-02,-1.554765512482584877e-01,9.666053461471825481e-02,2.554882936031796850e-02,7.617792336955367394e-02,-9.365314623602279120e-02,1.358387394006052851e-01,2.282955231306573948e-02,-5.073759585734183286e-02,1.847170876224433211e-01,-1.967302873083521808e-01,1.363054973686651516e-01,-9.129838600015179051e-02,-1.291894103136553146e-02,-5.542937856847101469e-02,4.030308696604470442e-02,1.606789810174697256e-02,3.447948212636264137e-02,9.745411816666711691e-02,1.616639089248004257e-01,1.995891040191161495e-02,7.401340741893393249e-02,2.545402135223460635e-02,1.090233320579867132e-01,-1.383432903109022005e-02,6.393558571638888709e-03,1.981250033212462180e-01,1.191931268217089473e-01,6.448212548411563771e-02,7.899892888823631387e-02,1.435204797902320806e-01,-1.016689420889883427e-01,-1.928937651474793569e-02,-9.743945823673437479e-02,-1.556635829343138988e-01,-1.298753957840105555e-01,-1.878807481199504248e-02,1.775603973226255183e-01,-1.569770277418789939e-01,2.563514690295208565e-02,-6.076575478092594018e-02,1.518398273810530053e-01,-4.451335878036121602e-02,-1.154991232792041272e-01,-3.969926205249514617e-02,1.909585626126031610e-01,-1.493433875980828274e-01,4.868753774394557476e-02,-1.755348371022731058e-01,1.383990249614142423e-02,-4.105103161435029457e-02,-6.630323121690630261e-02,9.284111605381686894e-02,-1.817682064557075428e-01,-1.039264343883616049e-01,-6.165472578555101363e-02,6.640794824385613804e-02,1.018247535698543343e-01,1.780040676277941658e-01,-8.243997699496928566e-02,1.231928068868546194e-01,1.898564374081999628e-01,1.588858402031085582e-01,1.538583293045953223e-03,-6.763077280689967774e-02,-6.979912591260635513e-02,8.122179018035968756e-02,-3.159119287570488072e-02,-1.103363414892947619e-01,-2.428229730987028351e-02,1.368077831708691128e-01,6.613870916094984065e-02,1.421849681980631996e-01,-1.671881447070618365e-01,-1.430374038497323197e-01,-4.007274543051782961e-02,-1.195839186437866464e-01,1.188005123935028245e-01,-1.695095876576165339e-01,2.149930011074286523e-02,-1.427517027355334513e-02,-1.919214956775412428e-01,1.876180317100526185e-01,1.412416989065673201e-01,1.640240949231186185e-01,5.559281740582907444e-02,-1.718298429614010525e-01,2.749379525878694122e-02,1.622852414951640176e-01,-5.488116249050219164e-02,1.340403195927450664e-01,-1.696492683133912034e-03,-9.173622074728661480e-02,1.038434671414759092e-02,1.849242551909604723e-02,1.739100974936208521e-01,-7.790159666670239125e-02,9.954850125484439316e-02,2.763533389537297172e-02,9.261467496429794111e-02,1.020282683757286202e-01,9.585626209461702019e-02,8.327670686488648777e-02,-2.065825979465425039e-02,-1.060283158520165803e-01,-1.765712659369300663e-01,-1.345182742335497561e-01
1.433394611317311274e-01,9.373465223313975914e-02,-7.780165521954365837e-02,-8.498646105978868368e-03,-6.774044078609849084e-02,-1.910329170281691372e-02,-7.626508228324786753e-02,1.307935496862395464e-01,-2.967626049090461154e-02,9.852765346824249315e-03,-3.218861311220864996e-02,1.086898973046066669e-01,-8.460474184907565420e-02,-1.621883544033474456e-01,7.422991179109574011e-02,5.426652285023488009e-03,-8.188618430285254934e-02,6.681414660348678619e-03,-3.192526308736410787e-03,1.902708552408811093e-01,6.758320666216233175e-02,-1.544736527948805116e-01,5.287369955693155266e-02,8.677626262533547075e-02,1.743193331667750381e-02,6.601673618580067293e-02,8.706571087221971761e-02,-1.279511031435253687e-01,-7.927144115952014514e-02,-1.763187189371547281e-01,-3.030004725103096347e-02,-4.650866067319017749e-02,7.995618361504265581e-02,1.521308624560275546e-01,7.642180438500781325e-02,-1.202179044778098616e-01,-8.184502215461107733e-02,1.271072722813802458e-01,1.531537167307246983e-01,-1.373435357211924279e-01,-1.080533304121919919e-01,-8.529293673889057348e-02,-1.150643060311827975e-01,1.095610428577696027e-01,1.499917440266385071e-01,-1.098560221073611176e-01,-7.164155471561221844e-02,8.303836632738328949e-02,1.090604797483571975e-01,-4.365510788015409399e-03,1.663286552872750290e-01,2.786863887850936361e-02,-8.800140997517769126e-02,5.745604874985509036e-02,3.975626463494065510e-02,-8.726755462922208828e-02,-4.120169404926510293e-02,-4.408107882770649633e-03,4.412220769630875034e-02,1.588155368351491792e-01,9.191960148246000606e-02,1.547301499397207014e-01,1.712022671181361588e-01,1.635184798564499331e-01,1.730051764768553435e-01,2.981130069900709834e-01,1.417387961280326403e-01,2.368479650298998263e-01,1.619058765114183285e-01,-2.194671602362606097e-02,-3.207862513659603954e-02,3.313503338487795019e-02,1.757209779826796880e-01,8.987536218603790761e-02,-8.984963482708767379e-02,1.010560617992105475e-01,-1.201199059633723809e-01,-5.627584761625809874e-03,8.803051930069098752e-02,-2.983357195944609779e-03,9.380683333016714975e-02,4.075114696173677553e-02,4.102099659135222814e-02,-8.719938659026334193e-02,8.695717060843552448e-02,9.999457458978902591e-02,-9.450286012259391522e-02,4.378616454654631063e-02,-2.548349322048742635e-02,1.086816083079233074e-02,-7.644354202100120399e-02,-9.174206507543081202e-02,7.883396567376155240e-02,2.793318112810990253e-02,-1.143972133999226481e-01,-4.759181770840487796e-02,-9.267217076461761738e-03,-3.429757856639925953e-03,7.308349976715529384e-02,1.260094626398573087e-02,1.454962204083157518e-01,8.063267501458743283e-03,8.412440108920029441e-03,-5.188358956231551959e-03,-1.297442857175973296e-01,-9.892241724885317278e-02,8.272135720491348432e-02,6.730354293809863442e-02,-2.072799051247847524e-01,-1.074284564071871645e-01,-2.095583459809370608e-02,-6.007855512622099076e-02,2.524675061910916507e-02,1.332778932426134655e-01,8.528118718186179781e-02,-3.394699573840991719e-02,-8.875200817304784717e-02,8.161994390004034816e-02,-1.486785917878412355e-02,8.136021014919216088e-02,4.999742283568317860e-03,-2.886025645920529958e-02,3.428546675875072253e-02,-8.750168211428566156e-02,7.326324809230173873e-02,1.125077914777592447e-01,-1.043557878229217500e-01,-4.568332971825494332e-02
-4.689850237664198312e-02,-3.878740075880779403e-02,1.513453323479937995e-01,4.393029024706429642e-02,1.032937012275506605e-01,1.652056643799177660e-01,4.746772710678481833e-02,-1.580940831754139575e-01,-1.195623158928697249e-01,-1.099998496926743868e-01,5.902199976222297778e-02,9.521651567828981477e-02,2.869049519392449440e-02,1.279151628369676053e-01,-2.037789090278810042e-02,-2.082058785739875420e-03,3.586372428931074857e-02,1.269371187140169721e-01,7.863791709330869573e-02,-2.546888004478286421e-02,-2.651706227047924413e-02,1.003843979571717171e-01,-9.205473574777729706e-02,-1.534122814583823713e-01,-1.009660174489599993e-01,-2.496694052063136993e-01,-2.318782111505992838e-01,4.790442727953882207e-02,3.020401916802735801e-02,9.278698269979802904e-02,-8.990044963443015458e-02,-2.270301156010888499e-02,6.279166408272505995e-02,-1.817668223824433771e-01,5.777856383254299788e-02,1.731670232813156685e-01,9.729886382983561621e-02,-6.446457413265786751e-02,-1.600519329479324626e-01,1.200348631132890781e-01,8.827005784032397606e-02,-4.600832894991568889e-02,7.013630971292024452e-02,-8.583846890108251526e-02,-2.843478169997588206e-02,5.706452150801857859e-02,1.280505948754964984e-01,-5.215386155175953664e-02,-1.240288864682904668e-01,-1.840404286014124882e-02,-6.427675756716383360e-02,-7.116889905813184036e-02,-3.995595562850826760e-02,-9.638100479183651925e-02,-1.098649568136177562e-01,2.000861782592773253e-01,4.413637044298986817e-02,1.392265379620632459e-01,-3.221314169381474940e-02,-1.886890039115278750e-01,1.034168634297042838e-01,5.419797928162081724e-02,2.141154823949317429e-02,-1.129676315850476342e-01,-9.174825208394263298e-02,9.521677303800593628e-02,-5.860433151939412055e-02,4.475241542448509663e-02,2.330033643807215282e-02,5.713550889598805610e-02,3.356457861876062099e-01,1.606970436050788875e-01,9.388905077968558166e-02,1.999269629473346965e-01,1.561073091621847653e-01,7.095044331449094910e-02,4.665472935631269358e-02,-5.691174550927587811e-02,-1.242456115029038632e-01,-1.213411599332146762e-01,-2.009937228852558266e-01,-3.155033448870705332e-02,1.394394415125232156e-01,-1.709348529521398721e-02,1.885849651078624900e-01,-6.191648057467421390e-02,-1.288697614710083150e-01,1.281131591082607102e-01,1.324255879416713355e-01,-1.370811596359942097e-01,-9.982654912211860743e-02,-2.979373265924295869e-02,-6.775943561676835147e-02,-1.035157664657156661e-03,-5.621212397516301557e-02,-6.983364958888539642e-02,1.765618117236997242e-01,-3.606746538652346335e-03,-1.765757807710711946e-01,8.071419419690686881e-02,-1.154399924058495674e-01,5.899701498131312144e-02,2.673979957912824348e-02,-4.605493698552150239e-02,-5.177628180527822643e-02,-4.187210409512703846e-02,1.387542140489970155e-01,-1.638564571318644469e-02,-1.684427754756439785e-02,-9.611789171851574387e-02,2.175904653987023318e-01,1.226841041731125126e-01,-6.378204868356369961e-02,-1.137682303372728743e-01,3.366210356393403713e-02,-6.019849945754512932e-02,6.129633399679829814e-02,8.806093386788059474e-02,-2.316130757094416945e-02,1.485511084733859288e-01,-1.138111414514380998e-01,7.444404948834448810e-02,-8.721289354900295387e-02,-8.540711682326831977e-02,-5.455358330100992803e-02,1.439362094827389971e-01,2.065010042666364995e-02,6.229618675316574150e-02
-1.747141489209363963e-01,1.870874822973953577e-01,-1.130952284839130823e-01,9.433693764905100310e-02,-5.169424816965154795e-02,7.101020932559931609e-02,1.401236885535382115e-01,1.382562297938402518e-01,-1.006946403515968508e-01,-8.444147937676518834e-02,-9.781705433083651147e-02,1.270272012544267914e-01,5.900396285409034713e-02,-6.861495129211998834e-02,-1.521237578895849318e-01,1.593314109443156323e-01,1.847710538980229522e-01,3.278812288934426777e-02,-1.898795617154044046e-01,2.284781257530081947e-02,1.550684622581437744e-01,-1.098305543117477356e-01,1.696935689419318272e-01,-1.614135880523857591e-01,1.705928666699859930e-01,-5.632725068289841375e-02,7.121647995117608154e-02,1.507575001435807471e-01,1.409630464105235959e-01,1.576348223731641462e-01,9.475372758807122653e-02,-5.084958825802361748e-02,1.384516942929932826e-01,-1.377864134778266081e-01,9.894907245081276115e-02,-1.447433807516640067e-03,1.564840022401242925e-01,-1.431205959676650208e-01,1.482366217022831334e-01,-2.721296517118944672e-02,1.500705389548646629e-01,-4.777839539983947531e-02,1.786843686225661476e-01,-1.738111126184717636e-01,1.959795427327820361e-01,9.404407826876935717e-02,9.445293173680688326e-03,1.559451367638872710e-01,-1.042177262564323303e-01,-4.647062409143445927e-02,-6.489185161325906892e-02,-5.979016631988225139e-02,1.849335146278068831e-01,-4.308296479433197657e-03,-1.293669460890936318e-01,-7.856752373855775684e-02,1.858823979496201373e-01,1.896636263289902535e-01,-1.562459680915842808e-01,1.905732977673200712e-01,3.757378610900411614e-02,-8.978240029828286894e-02,-1.239138474144119290e-01,9.235128316342518240e-02,-1.629890806257717761e-01,4.017714450287614147e-02,-1.316697817871517739e-01,1.036516526240762182e-01,-3.649596699905562069e-02,-8.724617282254519546e-02,-1.769176308168698419e-01,1.303950063198827114e-01,3.543806466965838953e-02,1.760410605253158733e-01,-5.144288073108915088e-02,-3.186077112469343220e-02,8.469681329403359882e-02,1.210367209275411693e-01,2.920353127614904853e-03,6.929405793806193981e-02,1.371589769505329737e-01,-9.296686187059794923e-03,-1.434283708247355849e-01,1.245127125537149604e-01,-4.268718105275853478e-03,-1.610002756704581039e-01,9.145480968086751317e-02,-1.719040928106753408e-01,2.611970355133736918e-02,-1.023523554565449085e-02,1.596601491911326387e-01,1.587117552627793004e-03,1.777269202370243828e-01,7.596134060253333098e-02,-1.715679028339893997e-01,-8.602348112284657899e-02,9.772573811859706916e-02,-1.696289020671551129e-01,-6.284044366765408063e-02,7.784506051799869319e-02,7.014389642045139317e-02,3.180198143182168258e-02,1.655172041383506099e-01,-1.320939228676051291e-01,1.191125869432679563e-01,1.787159415175839927e-01,-1.286982726869119742e-01,-1.385840569939568445e-01,-1.310554437306735709e-01,-5.627852138655754441e-03,-9.808649509076423911e-02,-1.012471662948539741e-01,-1.214737297070388883e-02,1.192418869953811161e-01,5.148950492331079432e-02,-8.552811004800539574e-02,-1.578381518915244197e-01,1.262360709067444353e-01,4.670122879103665373e-03,6.061261220934217181e-02,-6.541395814105735451e-02,1.856001442067867768e-01,-1.111019125472932356e-01,8.221341138766645462e-02,1.494189773370999119e-01,-1.909870415481622896e-01,-1.146327494822346749e-01,-8.221650056586830846e-02
-1.708245763172838161e-01,1.925378185764662631e-01,1.160444792870459207e-01,-8.964391816690506221e-02,-9.217407046326400732e-02,1.011829360933170219e-01,-1.513698457399531294e-01,3.727415843731665679e-02,1.376271410854489896e-01,-7.778506571089074950e-02,-7.589084920971241044e-02,-1.904814939474826219e-01,8.771978364684920870e-02,2.571664391846115172e-02,3.935592880028079832e-02,-4.648705361613965359e-02,1.448367359165395885e-01,8.280028608704035134e-03,-3.628703664475604190e-02,1.016772112355417146e-01,3.600928939138405005e-02,8.762651195022815032e-02,-9.310444880004767332e-02,3.089025162035889324e-02,-1.542363505595276962e-01,-1.378018485438142759e-01,1.729623004840940004e-01,1.181269712326180922e-02,1.365582401710444538e-01,-1.590516009807022013e-01,1.310886554560530826e-01,5.187172193464855557e-02,6.680340877173202019e-02,1.686777365495702730e-01,6.814711862983656963e-03,1.466781385699185425e-01,-9.036630883518005641e-02,-1.474585529625600244e-01,5.911196212953102186e-02,-1.424388349523930120e-01,9.759885188870456862e-02,-1.240172881897076002e-02,5.167899146228305957e-02,-5.427000962315410570e-02,1.590208456117482294e-01,-1.060290105858586324e-01,-1.871000364702707017e-02,6.869910862480506364e-02,-7.405915390004324736e-03,7.596005507039196858e-02,1.126885896164454282e-01,6.174255816699704413e-02,1.230522325862979244e-01,-3.029462973237261394e-02,4.924575305945019105e-02,-1.487143836078586023e-01,-1.597092358545909585e-01,5.248779476104024205e-02,2.865406768899605994e-02,3.445927501545103296e-03,-3.745988604286015072e-02,4.874324891939424420e-02,-3.233549035233183183e-02,9.571570858268590998e-02,-1.486150059424190817e-01,-1.047851726553314100e-01,1.036021585460159822e-01,-1.444979716447044871e-01,2.989903533415251904e-02,-1.121360043843746129e-01,-1.794384716593510343e-01,1.997086682322748996e-01,-1.739285054857001855e-01,1.776190371316191674e-01,4.389431902610354402e-02,1.389930818902387621e-01,7.694791562367750415e-02,-1.065528894744992572e-01,1.033536444085175199e-01,-1.526179180092106236e-01,-6.915558155801457274e-02,-6.030613927444039742e-03,1.687457890053240539e-01,1.753948589299061554e-03,1.485428431609683679e-02,7.814725390328111643e-02,-1.279265414433671498e-02,7.015831483381719524e-02,1.326347968089879314e-01,4.221887776828603389e-02,3.091606628014585342e-02,-1.257758308326585861e-01,-5.793729963815484607e-02,-8.865607678016494686e-03,-8.630681160978566704e-03,2.019831738370816889e-03,1.119373367349204146e-01,-1.262861669562877764e-01,-1.126955571314268573e-01,1.587223789748155867e-01,1.837843888697866454e-02,-1.882344659405693066e-01,1.301780188637119695e-01,2.037062596225899802e-01,2.524328003731654557e-02,4.780323736182000294e-02,2.628986979221907896e-02,3.484840548381963610e-02,-1.437702041906130596e-03,-1.165951681083116642e-01,6.064725637064013325e-02,1.240910747107198814e-01,1.134101508769505134e-01,-1.049050639452772382e-01,-3.807596335264129550e-02,-4.920932908741097733e-02,-9.065137961398851696e-02,-7.555732262394167231e-02,9.340503093949414914e-02,1.836843095165618944e-01,1.516988541192804407e-01,-7.430115837976961068e-02,-1.426467265230567660e-01,5.821685555534221457e-02,-5.804998352074978996e-02,2.053446306128258944e-02,5.341201139858222507e-02,1.082280606994221461e-01
-1.502110077023355306e-01,3.491143249338723303e-02,8.915469126801238431e-02,-1.731996929225778914e-01,4.630124283964462406e-02,5.863600051035233740e-02,-1.767744159081677535e-01,1.618913227957887724e-01,1.405739426705074069e-01,1.446671103057609598e-01,-1.146328727490084354e-01,-1.482120626290739070e-03,-1.214058446962719591e-02,5.682905130268756100e-02,-1.614755655967017173e-02,6.892076256671475498e-02,7.102320357169668308e-02,1.790745489092683829e-01,3.217570729947902275e-02,-1.842067435034321354e-01,-4.426276561016415784e-02,1.746206269300497327e-01,-4.551431883764438246e-03,1.329540337109037795e-01,-1.080626883260517035e-01,-1.992183773755683007e-01,-8.010444724140468320e-02,7.137788381090319489e-02,-1.276143636969606920e-01,-1.109648195140980897e-01,-8.726994107367226639e-02,7.212775255564446431e-02,1.690291172322208324e-01,1.617056058683467024e-01,1.285504832960340238e-01,1.389264596969118637e-01,5.853009450400097589e-03,-7.627016868434272068e-02,1.701208692977249776e-02,1.710970035814615708e-02,2.039358027989023655e-03,5.147919295698505371e-02,1.359297122728203751e-02,-1.510431025420546497e-02,-9.860209250303043904e-02,-1.249998345447388554e-01,-1.672220134008095271e-01,-2.736965738811268298e-02,-1.759722217604502148e-01,-1.467096376140838709e-01,-1.695058406452441546e-01,1.541230076208064403e-01,-1.102140881071061868e-01,1.910075340114624487e-01,-7.959498166256146617e-03,1.748644416344821428e-01,1.039032652770437853e-01,9.769085766866000831e-02,-1.758673663261422493e-01,1.067168606710112017e-01,-8.373636470254672282e-02,3.280492043130441709e-02,-1.714902912550997638e-01,-4.075512902047712799e-02,-9.331871023597186621e-02,1.403322731363106923e-01,1.808077501993516634e-01,2.624031925086237060e-02,1.381501755153526356e-01,-8.681563930671871987e-02,1.185121929229897009e-01,-5.595077077691528594e-02,4.885787569957038973e-02,1.205354212343002496e-01,7.597079725655933591e-02,9.626304114272808687e-02,4.049841524737752413e-02,3.765621517349644620e-02,-1.755173949573657355e-01,-1.889835885931211157e-01,-1.136362634077765499e-01,6.281533928791083188e-02,-1.572449282377549606e-01,-2.753310307498658266e-02,1.144166340399809939e-01,-1.755758323451613034e-02,-1.897806770738353355e-01,1.769475453001771725e-01,-5.662161795914780020e-04,1.129632535284357669e-02,1.182954077785397379e-01,-1.819080639289919199e-01,-1.154936837553005163e-01,1.777693947935139462e-01,6.335741901646957386e-02,-1.359371970496905946e-02,1.137316029351632674e-01,-1.227435132664642659e-01,-1.853891159552758794e-01,1.316301751279698729e-01,1.140577279004351781e-03,-1.812757531759548180e-01,-9.709152047809656294e-02,-1.293096388606121971e-01,9.626237874139519091e-02,-4.991391128516935866e-02,-1.771597760157489765e-01,-6.389463298610784103e-02,1.297642072173713357e-01,1.785678979379786424e-01,8.398268222611686429e-02,-4.104883125989854109e-02,-6.446966946386049890e-02,3.981411568158866980e-03,7.421952155582407784e-02,1.837103718039493905e-01,1.863862807727620710e-02,1.251306790288956861e-01,-1.334351734704015413e-01,-4.448395392117720365e-02,7.655801086145744283e-02,7.079427992276071668e-02,7.284246530182991730e-02,-9.389469533123127876e-02,1.787719245560552839e-01,1.669314908943910492e-01,1.729783922252541573e-01,-6.973140056624177463e-02
9.371525866519474224e-02,-1.805272915491701047e-01,1.928553531484525699e-02,-1.746743134699412225e-01,1.516659767523410585e-01,-4.317592721943318973e-02,-1.381755992192122418e-01,8.077821617814866240e-02,8.393904898135244597e-02,-1.608736533698555682e-01,-7.968889572143175726e-02,-6.103506504367933565e-03,1.587019244900435555e-01,-1.021744642607941428e-01,-5.658172367094466138e-02,4.623231389611526937e-02,-1.828850895673607979e-01,-6.837539976940454345e-02,-1.087794413193559351e-01,1.398051302327048551e-01,4.289681979458214584e-02,-1.043979398190203189e-01,8.852588814901306280e-02,1.400733866223732582e-01,7.333989958913415819e-02,1.521405248502548935e-01,8.085090373687864318e-02,-8.958335055668351088e-02,8.780330160637384029e-02,-7.589623101011695738e-02,-4.951545076970548243e-02,-2.727992489248758784e-02,7.478673097333372877e-02,1.536807826060956617e-01,-1.228220826629313617e-01,-5.064333356328673888e-03,-9.485750999826658703e-02,1.650816086461728560e-01,-1.916707372028311207e-01,-6.320549170788157534e-02,3.421412845768988936e-02,8.182132131154726262e-02,-3.176438758875160112e-02,1.795592689878229009e-01,-3.152070979737107287e-02,-7.963555212474988931e-02,4.553484159493466354e-02,8.272342265843095344e-02,7.968182817081428948e-02,2.595284608511621779e-02,-1.747469441357707154e-01,4.441101251720197540e-02,-8.122152442289111429e-02,-1.087688797046114791e-01,-1.463786162172305283e-01,-8.794659718386477198e-02,1.971490637014894076e-01,-7.499916249324736772e-02,1.666420644365716186e-01,9.756407114083064103e-02,3.295426996275687553e-02,7.223252111404174225e-02,-1.782100042134097673e-01,5.053386735115002193e-02,9.804400044190249297e-02,8.961074079962494388e-02,1.268902930447627364e-01,-1.390837022700566195e-01,-1.063712008749095467e-01,-1.901213672317194348e-01,-1.386667328067673829e-02,-1.463382149961852952e-01,-1.745388272873227287e-02,1.352280961377382296e-01,1.366267388746112733e-02,-1.225459708063073583e-01,7.085278264918960789e-02,4.943402579614881217e-04,-9.543033916542516260e-02,-1.311891454032901028e-01,-6.397060644962137069e-03,4.554370639405186209e-03,7.222377270912383462e-02,1.460292335421641274e-01,1.540720245972942992e-01,-1.384825941222572465e-01,-1.317889928906011976e-01,1.141053878966229035e-01,-9.249975576248117837e-02,-3.169000432745935902e-02,-1.461720319891227637e-01,9.486426694932199519e-03,-1.505435641106493520e-02,-1.245393714312664074e-01,-7.003859376271392989e-02,9.445745460631439772e-02,-6.526924384901960918e-02,-1.684078742729301914e-01,1.251250237144485022e-01,-7.685023782439800999e-02,2.212824672406827134e-02,-6.715210597369233869e-02,-1.019665024524601532e-01,-7.763175828189963767e-02,-1.554435606541461068e-01,6.212827938116829984e-02,-6.549655044237605306e-02,7.104923559607002892e-02,-7.356151506987321231e-02,-4.651718714154688683e-02,8.248639778349119156e-02,1.044071218615944818e-01,-9.110151735348648652e-03,1.633078280810419391e-01,9.385246596908074224e-02,1.325689537553033648e-01,-4.331626361499225919e-02,-1.715094696759068005e-01,4.402999536770042105e-02,1.208834837717896876e-01,-1.425798768280556461e-01,-6.663532887863030107e-02,-4.525157396133347443e-02,-8.767141232104658233e-02,1.746218043028757161e-01,4.884546002795034370e-02,-1.806889004345799965e-01,-4.607546361052575201e-02
1.523382431630344036e-01,1.439802115741219135e-01,4.744457437369567487e-02,1.374707669382040920e-01,-8.530930788773763429e-02,3.080782641726042756e-02,-1.719483145415467151e-01,-2.608915834894036390e-02,-1.486145131100790606e-01,-1.095298257689006211e-01,-7.780094200000137183e-02,-1.543817708351893359e-01,-6.821742781993064830e-02,-3.056812455595073891e-02,1.504379837483973692e-01,3.980237670190774762e-02,1.708990682006320417e-03,-9.220726742476541282e-02,1.004012842380185011e-01,-1.093541506911692267e-02,1.445802066522764440e-01,5.090181677707390079e-02,-2.564649145722864773e-02,-8.261096407161683253e-02,4.844264691689980501e-02,1.774227762506667416e-01,-3.623715179933147817e-02,-1.266599764269174255e-01,1.378120521464454018e-01,-5.278121323624909017e-02,1.864190137931796554e-01,-9.913199076189339876e-02,1.375144335764778292e-01,-1.816212735693966962e-01,7.060560526110803981e-02,1.019405276529684462e-01,3.291118906588923892e-02,6.670004861677676644e-02,-5.206319174153258705e-02,7.882684827703208275e-02,-1.795288207890520793e-01,-1.692674571278500739e-01,8.922607729246521957e-02,-1.353403156057356727e-01,1.560279605783971013e-01,1.696162046450447880e-01,9.295444554639989421e-02,1.192930633630932546e-01,1.935503568527223994e-01,-1.767036244840208825e-01,3.929963445125295163e-02,-1.399661001632462702e-02,-4.168260912416133640e-02,6.486468430010310093e-02,-1.954301205555141752e-01,-1.760164316376273963e-01,-1.173379169851134461e-02,-7.805189912929200169e-02,-6.349283250125170586e-02,5.465439891969429281e-02,-3.000696211357166757e-02,-7.607656256832871777e-02,-1.662898379675754046e-01,-4.611730271830478955e-02,3.305009956301514090e-02,1.270532865359095542e-01,6.022761662327429100e-02,-8.611357706002685519e-02,-7.985603330901568098e-02,-5.480745072484256158e-02,1.154384556040230492e-01,-8.578336085540454181e-02,3.802323666470656949e-02,3.794081197344366385e-02,1.096920912499509265e-01,-2.309232266695571134e-02,-6.123238406736168649e-02,2.477382278164191529e-02,-1.793237017907348685e-01,-1.065342578900712461e-01,-8.004080408914798772e-02,-1.004047563676850746e-01,-1.321502941972624023e-01,3.959970675149620829e-04,-1.246606132836171749e-01,-9.696828701622360602e-02,6.614076203336659299e-02,8.452805268477048273e-02,8.123414006271977017e-02,-1.609918057335913977e-01,-2.266648588647074761e-02,-2.466432417556117460e-02,2.944280780093402189e-02,9.671810996111478154e-02,1.417531772753499175e-01,-1.439682316510418059e-01,-1.923873905762515379e-01,-1.278728026932057227e-01,8.542837305507733348e-02,-1.868892630129237453e-01,1.588379824897757642e-01,8.684003004800969552e-03,-5.429359701119851334e-02,-1.763630706069488907e-01,1.902684398926322851e-01,-5.558868818087848995e-02,-7.864714631088111363e-02,-2.007569365622928828e-02,-1.930126174901282965e-01,2.584687345242032280e-02,1.595057346862638337e-01,-5.642323122506097410e-02,-9.011860200581546521e-02,-7.720964281378339678e-02,1.022535806895212562e-01,3.048854983734466256e-02,-4.671394638437327551e-02,2.666296143584307062e-03,-1.079899530245466838e-01,1.034611739477235143e-01,7.430797346890535837e-02,-1.924204152219063657e-01,5.374877068023316967e-02,9.144671977011098463e-02,5.065581448131055431e-02,3.912319072040487677e-02,-1.055043880434305831e-01,3.029407319801408205e-02
-1.020389749973312915e-01,-4.994651492373282375e-02,-1.154366151379995348e-01,-4.792576752138393015e-02,1.091456154513440191e-01,-7.933350787598092424e-02,-1.859170582892339871e-02,-1.735211142753137759e-01,1.157437155537441864e-01,1.784392465132738359e-01,1.468411122256470941e-02,-2.251493446765022166e-01,2.338824607329171787e-02,5.618617032124339356e-02,-1.317077836275836744e-01,-4.538104191017391931e-02,-1.049146006343293219e-01,-1.348503951908041898e-01,-4.769106661651950629e-02,-1.555097025075801442e-01,-1.103820867960661201e-01,1.780359029997865827e-01,6.823212468509949613e-02,-1.429326268562424590e-02,4.128230326099973507e-02,4.256665374539287533e-02,-5.855910226431942228e-02,-1.231823285181882222e-01,6.030258937309062456e-02,-5.434184517469180242e-04,-6.615717571599928626e-02,6.118855183961976335e-02,6.423470456501718072e-03,-1.115416647386980598e-01,-4.172245188964051471e-02,3.170408678877757735e-02,-9.007864587261957268e-02,-8.470786827826372323e-02,-1.670479595367513614e-01,1.737263143515310471e-01,1.358157632834714190e-01,-1.286306517851552589e-01,-4.523469951126766336e-02,-1.638789646677638046e-01,-8.438996893665950960e-02,4.612867429309423783e-02,2.680509108119827691e-02,-8.954658139401530659e-02,1.077031720101006423e-01,-1.115033756172019025e-01,-4.699390849615109333e-02,-1.139519867268905251e-01,-4.214944156985971080e-02,1.027168373346321190e-01,1.180511072347193574e-01,1.581727846539848770e-01,1.698912698100385130e-02,2.160481259182568115e-01,1.294621093995191041e-01,1.524007298033175084e-01,2.173903114889793320e-01,1.201932213573277397e-01,-3.450512324658763091e-02,1.264558913234942739e-01,1.618171254683200277e-01,4.175221374984883910e-02,8.537489108767769286e-02,1.559329019715537286e-02,1.353188890259995891e-01,2.412539844385811205e-01,1.619368710458183036e-01,9.115860773112863247e-02,1.587691291146321182e-01,-8.129205990057532250e-02,-6.965723616742164337e-02,1.159744405086524932e-01,6.698921865767025474e-02,6.941721814433855775e-02,3.861934871471389003e-02,2.022094424675442426e-01,-6.830433055092914596e-02,-8.926972023143858737e-02,-3.703663343063332697e-02,1.089754243109718190e-01,-2.038900041308952527e-01,-1.507793713445808315e-01,8.440742458946663695e-02,1.095321647652557212e-01,-8.620309554919773631e-02,9.091428167697493401e-02,3.857484370144617647e-03,5.594146802514503997e-03,-6.607045384485363444e-03,1.465741112863644946e-01,1.871353361729146680e-01,1.696976586269551557e-01,-1.143896978999240088e-01,1.252847087947301097e-01,-1.138579435824019909e-01,1.507075018665034738e-01,-1.662243535246788959e-02,-4.530650587121015649e-03,6.536387845614774483e-02,-6.173631782126366707e-02,1.282278020555163711e-01,1.026332897726432297e-01,-9.202259557082374808e-02,-1.830826542232993903e-01,1.084137138261624667e-01,1.215499958989377516e-01,-3.204826013170350429e-02,8.409467201011565363e-02,1.416189168368581497e-01,6.849010934490548652e-02,-9.138063838407139983e-02,-6.045423899646256566e-02,-4.688432752749233795e-02,-6.848164152963628903e-02,-2.634614733467070813e-02,-6.077241887555472760e-02,-1.368298531037152183e-02,8.892318062322500383e-02,5.067786363652992260e-02,1.871837655268690226e-01,-6.131019176249635771e-02,-5.097062870080296300e-03,1.303936347334452295e-01,-6.064059464014856515e-02
