1.198043031668249159e-01,-1.097620021102291149e-01,-1.234320021408258188e-02,2.039575031462928512e-02,8.676949763870576982e-02,-6.210982196348675127e-02,-2.424140289528438699e-02,1.431922743812575477e-02,1.082043952993618913e-01,2.214239226818524517e-02,-2.473981101735028918e-03,-4.549691906516652173e-02,8.706632997890756398e-02,1.826437740521384342e-02,9.554885924345496787e-03,-2.026187186802365023e-02,4.286102521171399407e-03,-9.107268681809850509e-04,1.025686764957347424e-01,3.612028986224157662e-02,-1.502890069935236854e-03
1.261498620616647304e-01,-1.086333334253754695e-01,-4.798533717505747143e-02,1.528979603230281800e-02,1.041194371014167869e-01,-4.839103185924365641e-02,-6.392240603547307172e-03,1.642816979691100535e-02,9.133747811861570032e-02,2.350414957749224001e-02,-1.816363512358205173e-02,-2.780200477792323793e-02,8.016074075625843898e-02,1.890935938582358894e-02,-2.777951083536122495e-02,3.051226882772882770e-03,3.152347540407215987e-02,1.681117596129309485e-02,1.040359515096635351e-01,2.812899530676917295e-02,-2.286927284860110210e-02
1.091836317665515199e-01,-9.097767974659697054e-02,-8.193272300726280044e-02,7.288319052280149528e-03,1.135591203315901854e-01,-3.417863563202599986e-02,6.375629983342915620e-03,2.545249057412859311e-02,7.246183953429596869e-02,2.836991969646601025e-02,-3.263049664255259635e-02,-5.955903980750405606e-03,6.836555369282272532e-02,2.018609043947738185e-02,-6.486771936773783054e-02,2.227415310790220940e-02,6.124920300935710049e-02,3.393049462069153838e-02,1.028539191454780621e-01,1.679124637395767658e-02,-4.174761491720672957e-02
7.269332938316781789e-02,-6.231476390199911647e-02,-1.057352641286635336e-01,-3.830838980206821998e-03,1.099428473714676724e-01,-2.030935504245826029e-02,1.143738010752966272e-02,4.009512946608338735e-02,5.427754874047969330e-02,3.612986471126811150e-02,-4.234567181761381832e-02,2.293381130450488498e-02,5.052361991459460716e-02,2.272571452557985497e-02,-8.672117433390151564e-02,3.475698773403025632e-02,8.296607845454358199e-02,4.431451648418140155e-02,1.002147238720846878e-01,4.186775488161198315e-03,-6.178597190255723931e-02
2.567998593093762452e-02,-2.714553659380584613e-02,-1.222923512643466076e-01,-1.321182304699668360e-02,9.646241766107044313e-02,-6.442071042263313244e-03,5.398311050488601402e-03,5.562295145128897528e-02,3.739710623918674620e-02,4.512989808277722420e-02,-4.941868833521358834e-02,4.870789944928352599e-02,3.237286521309512555e-02,2.575995260718438526e-02,-1.021314804068038790e-01,3.784289286982495809e-02,9.283407751588165779e-02,4.834817804379888673e-02,9.643438139396014186e-02,-1.263508410958642629e-02,-7.219638378151360669e-02
-2.433668984755751885e-02,8.302403284985276563e-03,-1.231457469516347436e-01,-2.118055182618688512e-02,7.054507269497588273e-02,5.102594172298513357e-03,-6.066323090240063887e-03,7.157130635263980745e-02,2.479751006076538408e-02,5.906643867886773175e-02,-4.525528608476885040e-02,7.588121217571652810e-02,6.151900458428309279e-03,2.762716584434204981e-02,-9.692689549290288420e-02,3.265945124496875962e-02,8.170495104129286978e-02,4.219348657955002135e-02,9.459121369900384824e-02,-3.083409688951519248e-02,-8.283688152142050509e-02
-6.566326996481812450e-02,3.786281598261784231e-02,-1.181028966561990523e-01,-2.707066490992184743e-02,3.896404846842375924e-02,1.496841655810758794e-02,-2.463889010137572735e-02,7.834083685536222252e-02,1.654094976334392203e-02,6.910741347467293239e-02,-3.948407153255835411e-02,9.632069083519091690e-02,-1.231238586272151436e-02,3.364395659021163915e-02,-8.399981924795578425e-02,1.828223194309136490e-02,5.543102899244962273e-02,3.045409059052844522e-02,9.261366799298940966e-02,-5.121359014823477496e-02,-8.012497267139445656e-02
-9.188131447090494563e-02,5.750199272933806394e-02,-1.015420073057805017e-01,-3.061860042585929503e-02,3.349184597182271791e-03,2.275939742214329320e-02,-4.433877739433270126e-02,7.423685588951245418e-02,1.183851915000763179e-02,7.804723517504742747e-02,-2.822236579063238521e-02,1.109595726866246385e-01,-3.019521396279601158e-02,3.797976821377655604e-02,-5.992736659311354713e-02,-1.073700491557178340e-03,1.334155302933308709e-02,1.289741133836245016e-02,9.178173329709639339e-02,-7.132668644733479446e-02,-7.308200411297396948e-02
-9.754549673246638852e-02,6.534457182801101105e-02,-8.180910685646197722e-02,-3.330123119861980174e-02,-2.867891736498345834e-02,2.700522905414682456e-02,-6.215815634699425885e-02,5.914336093530565136e-02,9.631173132805759263e-03,7.761571254257698671e-02,-1.501827373853830382e-02,1.160120958056818502e-01,-3.952409075353160994e-02,4.387332558597276805e-02,-3.447995502338487700e-02,-2.177197878743541634e-02,-3.523166360188453861e-02,-3.902035316198158681e-03,9.118439976862047214e-02,-9.111468359512235604e-02,-5.640759178723976641e-02
-8.519582638226991245e-02,6.127429986754606012e-02,-5.845221339879445172e-02,-3.589070192017911748e-02,-5.592075628261839598e-02,2.922877848437964443e-02,-7.340702057649521606e-02,3.131735333358381945e-02,1.024531920801778975e-02,6.954772074426110451e-02,-1.245331515035408006e-04,1.162760102786932204e-01,-4.320081376541084345e-02,4.881022027130157287e-02,-6.867649810483311516e-03,-4.102395660613905592e-02,-8.351401554279751227e-02,-2.006953647632716414e-02,9.199288819154183283e-02,-1.054704962009597319e-01,-3.545794625893702173e-02
-5.472241594616803623e-02,3.232984761576365024e-02,-5.367906911272028736e-02,-3.299302673479841824e-02,-5.972123982126009006e-02,2.850917941474541417e-02,-8.178490591374187879e-02,-1.444011174522200243e-02,4.384065817081857393e-03,3.688598516028712693e-02,1.785107103550174264e-03,8.720714806648938167e-02,2.336247724842708488e-03,2.647073433483175531e-02,-1.829749760550790708e-02,-5.701074897759088322e-02,-1.132478667331264233e-01,-2.419280615445102908e-02,7.767011544518753752e-02,-1.224699568212777312e-01,1.304050271802655731e-02
-2.180327994387053908e-02,2.689729886486221661e-02,-1.933529073429291270e-02,-4.710392274662712070e-02,-7.907890392786338929e-02,2.612398212092707783e-02,-6.992584605040338963e-02,-4.539280339034116457e-02,1.058002660213777993e-02,1.569364699067763574e-02,1.880567599027154271e-02,9.713443556398447531e-02,-1.121024341583839144e-02,5.748643881764101127e-02,2.163446000884656703e-02,-6.182184689078367573e-02,-1.371799361359239966e-01,-3.563438765518521512e-02,8.678944140059054180e-02,-1.187023042563389863e-01,1.470966570499095474e-02
1.548818652341154949e-02,2.966522250278148115e-03,-9.260522233253375146e-03,-5.767200086469618375e-02,-7.353588767408025806e-02,2.232390724853906827e-02,-5.570182897089091117e-02,-8.291684697437069762e-02,8.373601204834569059e-03,-2.723067367408982253e-02,1.790072989132445586e-02,7.953637012588403443e-02,2.157500982004455573e-02,5.626366397304181227e-02,1.840672762922442376e-02,-6.173807505654713840e-02,-1.329877757611012679e-01,-3.134972908535321040e-02,7.972671717308876804e-02,-1.137247448387153914e-01,4.065226741141484551e-02
4.581902173297551506e-02,-1.769045890417940761e-02,5.633374306201882880e-04,-7.186473503174123367e-02,-6.379525937542120106e-02,1.747340710551541915e-02,-3.434267771318486734e-02,-1.058915257284639422e-01,3.399930791229677056e-03,-6.993730368590285462e-02,1.494036574437917347e-02,6.566444635850754441e-02,5.130958557518363466e-02,5.537674224106768628e-02,1.446834971022546018e-02,-5.352699887845941557e-02,-1.107730784618048969e-01,-2.424675255526071230e-02,7.195468360209107683e-02,-9.942783656000855896e-02,5.625250060773340222e-02
6.832685368230305423e-02,-2.922054735241166878e-02,3.237268865078750998e-03,-8.806166041387838983e-02,-5.071633515842537132e-02,1.147697581873886180e-02,-9.268288138307722440e-03,-1.113606596571816432e-01,-1.194684932899325609e-03,-1.116733258931886241e-01,4.921889483612986935e-03,5.672718492753019842e-02,8.111793454354208899e-02,6.234791660112457695e-02,3.341560538547973507e-03,-3.949230247409925287e-02,-7.064087636524009339e-02,-1.083615477663061981e-02,6.358078979145807830e-02,-7.710794971345093229e-02,6.298135835330036236e-02
7.608138172933313903e-02,-3.256495251059789153e-02,7.051574501070608306e-03,-1.030308824532468331e-01,-3.909219550676733962e-02,5.241512322013820377e-03,1.684205529099590259e-02,-9.708366335410176240e-02,-6.783368502747576766e-03,-1.428418012812943394e-01,-3.625337916242961454e-03,5.202210536965351517e-02,9.773677526620359879e-02,6.251066423780222980e-02,-1.393829418287041580e-03,-2.098020768095211486e-02,-2.442075806748210051e-02,1.131608263423702432e-03,5.493646960531794327e-02,-4.781756640740630893e-02,5.751153784767706889e-02
7.273439578361985680e-02,-2.684018069179082075e-02,7.178861378153423428e-03,-1.143614101574759040e-01,-3.093244665529235743e-02,-1.633203423501607436e-03,3.907405177950398767e-02,-6.665802026536993274e-02,-1.192442640307079908e-02,-1.641764985052534265e-01,-1.486847462359939219e-02,4.880199986532154227e-02,1.064086584899030241e-01,6.224522904203722007e-02,-7.056673825764922872e-03,-1.745382996213771382e-03,2.425413722930575694e-02,1.335085268529403665e-02,4.678246320226718546e-02,-1.431893814638284142e-02,4.881926028836393316e-02
5.872260314432777711e-02,-1.057777671037725756e-02,1.101727460412219896e-02,-1.185503719172491255e-01,-3.252711377686256372e-02,-9.101458732159601814e-03,5.629541882861594654e-02,-2.019594157261247330e-02,-1.386835494682330493e-02,-1.681516409370573117e-01,-2.352373986140098711e-02,5.579683336160527751e-02,9.360884705985128562e-02,6.973077411288382266e-02,-1.454345618652789487e-03,1.673791589581180225e-02,6.043049568190578258e-02,2.236848974061810338e-02,4.454183988366841596e-02,2.131177389658001423e-02,2.831865400372467201e-02
3.850027715186195992e-02,6.005331414506792642e-03,1.258842266198908350e-02,-1.131090214127566801e-01,-3.716310568482807802e-02,-1.688970120020045693e-02,6.587757058100651708e-02,2.909852585055850913e-02,-1.436906957012319686e-02,-1.595130606477085100e-01,-3.156510034248832808e-02,5.838192925622345125e-02,7.361159945583894970e-02,7.079344428379033549e-02,3.614172002213332079e-03,3.178629501304436333e-02,8.122006974453813144e-02,2.841119561245599237e-02,4.178504675699971915e-02,5.366383023042644446e-02,9.262059249521219229e-03
1.770939682143968588e-02,2.162386038328643553e-02,1.586603561710731372e-02,-9.976392153792895678e-02,-4.874589541160419953e-02,-2.472896497242792896e-02,7.062314010565794165e-02,7.550670637276392372e-02,-1.110995354293698237e-02,-1.362244741273957727e-01,-3.525793328604422822e-02,6.250518359668455481e-02,3.556154857892260962e-02,7.264614537298477726e-02,1.882452611925375732e-02,4.380605096344608596e-02,7.987032797355021752e-02,3.012644199955180277e-02,4.536279542707101486e-02,8.075676837302590838e-02,-1.085486790231273736e-02
-2.486456008194837665e-04,3.636414952703204834e-02,2.074473421841192475e-02,-7.742794396009290703e-02,-6.405792501025102392e-02,-3.302957525618596679e-02,7.122323904066170386e-02,1.106155486537883648e-01,-5.486535139896425023e-03,-1.029296481434288368e-01,-3.438754357033016462e-02,6.728514560034755398e-02,-1.582206026568745011e-02,8.224276885261996850e-02,3.887709663909531127e-02,5.196434933096912012e-02,6.003837369186053319e-02,3.042580604436489686e-02,5.456290453587298028e-02,1.024710869914386563e-01,-3.037537843821358496e-02
-1.394607681845499991e-02,4.368127795207870506e-02,2.441416431431228662e-02,-4.976977869230871099e-02,-7.932808181025573224e-02,-4.133394102978261986e-02,7.068161717161954016e-02,1.275121211486200945e-01,1.891639865239907580e-03,-6.292224344235253231e-02,-3.031638822225776395e-02,6.760490021171045028e-02,-7.202112607554771173e-02,9.254054446637663411e-02,5.955905028859756478e-02,5.607875275949392169e-02,2.327428869671846479e-02,2.744581385448249464e-02,6.660039960297849115e-02,1.134599069878272359e-01,-4.610831103236260470e-02
-1.527922903678068448e-02,8.366042967290786281e-03,-1.109633863076310567e-02,-4.129008286875695058e-03,-6.257005390821400448e-02,-4.888149850364003485e-02,5.867501383213528932e-02,9.955614213130974111e-02,-6.281294265085516672e-03,-4.989047314860327320e-02,-4.491131739155660579e-02,1.041007544944293206e-02,-4.905342473646197993e-02,4.042047876132319473e-02,1.069217727196527558e-02,4.557596594873646045e-02,-7.979404743643871145e-03,4.005563347203749958e-02,5.334902418675899899e-02,1.030186797013984829e-01,-4.588215591404896931e-03
-2.862285334117836352e-02,2.303767804215907378e-02,1.484090910849496930e-02,1.365178639074911618e-02,-8.937796784063904709e-02,-5.392125155553768867e-02,6.779629049893508286e-02,8.287198873315904102e-02,9.841813979426865602e-03,4.336527947322383475e-03,-1.864314592750780653e-02,3.696146588423021573e-02,-1.473008485309381388e-01,9.841484651483534130e-02,7.199617419482294556e-02,4.948681543555896734e-02,-6.005500938953561157e-02,1.769731309525186813e-02,8.655469094144285780e-02,1.061075957542201992e-01,-5.023157475033366431e-02
-3.420756198197603959e-02,3.014414145255161180e-03,2.830847544273506957e-03,3.966820555747342658e-02,-8.561246433384864241e-02,-5.959190039749240331e-02,6.908790304866653520e-02,3.244440336922964352e-02,9.075271942144204004e-03,2.669481547500147586e-02,-1.394399339068432518e-02,1.191606039877635484e-02,-1.558621853355724174e-01,1.012393071214868906e-01,6.027910466600024803e-02,4.273034656034952611e-02,-8.797335411890384871e-02,1.061838749968642762e-02,9.278927802876826836e-02,9.132457506136178182e-02,-3.961709515805913323e-02
-4.181944912649016022e-02,-2.272451343436331789e-02,-1.237656887111349482e-02,5.687722010612059759e-02,-7.642364215792069038e-02,-6.186423190461141919e-02,7.214028654902331084e-02,-2.718385175110069052e-02,4.699943695704829512e-03,4.022020581990363303e-02,-9.092463505592156964e-03,-1.753927475557627916e-02,-1.457734698110373928e-01,1.023727798189515148e-01,4.244721323716009465e-02,3.303944665199278624e-02,-1.009360752185908539e-01,-1.225325382230527159e-03,9.367121375055639798e-02,7.029019692802072894e-02,-2.647505195664568919e-02
-5.251093881788671675e-02,-4.746699603571355452e-02,-3.194803600011428962e-02,6.280234965858698393e-02,-6.121523259550306489e-02,-6.365259165086473159e-02,7.628203017281851017e-02,-8.488679445946729907e-02,-5.206522304023098249e-03,4.530408609070778886e-02,-6.185002594768222728e-03,-4.954534627685829723e-02,-1.148372696373679142e-01,9.682503341473311376e-02,1.619785890231343478e-02,2.518802574553627785e-02,-9.336226045942642993e-02,-1.504226709482155838e-02,8.642652136587465617e-02,4.509932478069193784e-02,-1.003336850279060860e-02
-6.414571208682315340e-02,-6.430555107677837778e-02,-4.672838865808787157e-02,5.657608996165825604e-02,-4.856766406848064127e-02,-6.277774267296741539e-02,7.916326900594453098e-02,-1.273528874725919635e-01,-1.759016255615485080e-02,4.823021365682454015e-02,-4.502260072479988273e-03,-7.359338119377462073e-02,-7.682355034084455137e-02,9.752298167002848572e-02,-5.007705543575840038e-03,1.722912356338017134e-02,-6.635046829413294989e-02,-3.432743082411007784e-02,7.548813954144192873e-02,2.261826999021011517e-02,2.394339897752391626e-03
-7.308864565066718055e-02,-7.301785611791955510e-02,-6.400395130484265449e-02,3.898561237874797331e-02,-3.557171406458951163e-02,-6.089435133152321794e-02,7.878649717933654262e-02,-1.490131757845649940e-01,-3.346594136576618028e-02,4.370032179250685211e-02,-6.743999595632901162e-03,-9.604561205655404166e-02,-2.412888746231750883e-02,9.319606118692376484e-02,-2.839496511594564315e-02,9.392137267596025255e-03,-2.610795932133051778e-02,-5.312825880662179479e-02,5.555659880888641489e-02,-3.645685631248877135e-04,1.830152398881711509e-02
-7.596597406896751781e-02,-7.018380028566006956e-02,-7.402218080272247869e-02,1.167655926184506081e-02,-2.802350988091326794e-02,-5.733932134104038209e-02,7.411269753865416809e-02,-1.423271785734459838e-01,-4.823115416577987424e-02,4.334403850446412465e-02,-1.026609428572756652e-02,-1.072246364956799120e-01,1.997568318920232497e-02,9.595504245836188051e-02,-3.733912998996330446e-02,4.790540808315313370e-03,2.190246984722029472e-02,-7.196650571339392732e-02,3.430132643059468495e-02,-1.688696290994360152e-02,2.691851448988453674e-02
-6.871773786752770341e-02,-5.973031252948544229e-02,-7.840646302759267383e-02,-1.641379387214692009e-02,-2.532021236824480090e-02,-5.299170019907310791e-02,6.312652496286719206e-02,-1.116221179091518995e-01,-6.410157634962991569e-02,4.506704290810249758e-02,-1.295666721450058380e-02,-1.146356520405081569e-01,6.077913381827905470e-02,9.169718027430662222e-02,-4.111834281670161823e-02,2.468858338590028834e-03,6.548630884852699174e-02,-8.802698133273317849e-02,1.003385163271083499e-02,-3.273925912208005412e-02,3.575391640476614785e-02
-5.123504856897891091e-02,-3.956154342959918024e-02,-7.605423598397824392e-02,-4.332552579519838298e-02,-2.822926135082893737e-02,-4.727740946339822198e-02,4.534318861642547271e-02,-6.239754475982901144e-02,-7.491114521261478532e-02,4.973563708710586340e-02,-1.304337146160689659e-02,-1.122481380401031265e-01,8.871925500760760586e-02,8.988302659496401337e-02,-3.569958269754994890e-02,2.834867904190403135e-03,9.687980978032309509e-02,-9.904999988153032064e-02,-1.006245759597607613e-02,-4.048421305678358978e-02,4.098132881037208630e-02
-2.051035169812253159e-02,-8.963875998555026481e-03,-6.622335162169168399e-02,-6.293752206209289601e-02,-3.587763087121252636e-02,-4.155634207341606795e-02,2.319076965211573638e-02,-1.583339508172658915e-03,-8.113349716656242938e-02,5.784953530708904917e-02,-1.163726156177129038e-02,-1.045798793472199201e-01,9.968896249307916679e-02,9.444887877231673834e-02,-2.232879434490207121e-02,3.059836338190748649e-03,1.107951140376325916e-01,-9.645195007893808681e-02,-2.240137141256879141e-02,-4.388705618570746397e-02,4.310525991153343200e-02
1.657522708430309716e-02,2.600630217626417190e-02,-4.733802138501419510e-02,-7.332138486518517684e-02,-4.682258672386153259e-02,-3.450114447751894547e-02,7.084818762526027668e-04,5.971643296770350051e-02,-8.284234344643386094e-02,7.134945440012510631e-02,-2.010191142461006247e-03,-9.322540095640607927e-02,8.934190054632719369e-02,1.002440571339328346e-01,-6.836538794508527405e-04,6.806932407943774160e-03,1.013361030138176661e-01,-8.479088665807336944e-02,-2.639713263369241128e-02,-4.402403076368530815e-02,3.985886410872478691e-02
5.455649824381961221e-02,5.893568468177995401e-02,-2.925902200902616435e-02,-6.942890526712991450e-02,-5.157095095272010848e-02,-2.845669278501195693e-02,-2.277258422357000128e-02,1.064265682513660383e-01,-8.122245132107074050e-02,7.802616768597296637e-02,8.269712298956059804e-03,-8.572909117054104688e-02,7.622412272302574177e-02,1.025553601494857553e-01,1.171088601821832637e-02,1.035851676200825848e-02,7.574203783774217935e-02,-5.576345737714042544e-02,-2.429970864749932818e-02,-4.119777900982601188e-02,4.131102997939423843e-02
8.645310194201949461e-02,8.498925320847036669e-02,-8.737475001157027354e-03,-5.608857922027027376e-02,-4.995827765293464617e-02,-2.018354930078438553e-02,-4.324050787993229117e-02,1.353825887504050973e-01,-7.656826988522368038e-02,8.177464173897697197e-02,2.130767153559689348e-02,-8.071013331149905212e-02,5.239843085316060051e-02,1.035400651714586256e-01,2.088374288018259375e-02,1.181431044734138590e-02,3.326069032829556682e-02,-1.898005449322741692e-02,-1.553257461002028814e-02,-3.417453785429262064e-02,3.911394511871108676e-02
1.086077772030469429e-01,1.034608553325549046e-01,8.288545694802281275e-03,-3.702159133507377381e-02,-3.993606883711861566e-02,-1.202362582490141933e-02,-5.513705400921633387e-02,1.414802934446186267e-01,-7.113222302556242160e-02,7.373692685521635037e-02,3.470334318624206799e-02,-7.960745053524581616e-02,3.004509554841290273e-02,1.073094988592545457e-01,1.854720234808154844e-02,9.992779815888093442e-03,-1.076337845888324790e-02,2.631145137375036705e-02,-1.340688978468266949e-03,-2.704520201301159263e-02,3.517786192964487968e-02
1.142311607708526855e-01,1.098147740153220808e-01,2.189901796970988856e-02,-1.860103259583049257e-02,-2.295363676880801326e-02,-5.249768943251956720e-03,-6.194743735476014590e-02,1.265530467584935481e-01,-6.553354364642466345e-02,5.792757711266727921e-02,4.616733305388955044e-02,-7.960508157741139068e-02,7.364796303031215415e-03,1.133744323501853501e-01,8.488368328543327568e-03,4.461112315236355833e-03,-5.179147409993817286e-02,7.137629588863765584e-02,1.415607386222528935e-02,-1.845109814957938965e-02,2.716336519873580740e-02
1.004113168533667944e-01,9.884927281797327436e-02,3.121138735790985816e-02,9.741448764474168421e-05,2.309737783423711829e-03,8.648080290029891426e-04,-6.150239255102116220e-02,9.267703121918303977e-02,-6.289630847151239657e-02,3.314712879790326916e-02,5.531786456555647102e-02,-8.284213715452583282e-02,-5.898636662377018322e-03,1.146710240466175396e-01,-1.304843396079767917e-02,-6.044307673743496388e-03,-8.222277563943042322e-02,1.100705516326504901e-01,2.655339365497013868e-02,-9.738923419702722253e-03,1.576272484348730657e-02
7.027788603530590872e-02,7.628957210174801273e-02,3.897687683829180461e-02,1.091514464596660128e-02,3.075177646610069773e-02,6.946870403764657947e-03,-5.600609114487868634e-02,5.050579311802103760e-02,-6.213754238065285346e-02,5.376321293122163572e-03,5.989950228462602444e-02,-8.502090315824954725e-02,-1.317061546144901625e-02,1.152093128928006471e-01,-3.824135424331867594e-02,-2.150265895356737178e-02,-9.782696801832635458e-02,1.359778779184550868e-01,3.412526271012091689e-02,-5.286798509612734495e-04,-1.277008376436476874e-03
2.802894633091818771e-02,4.534420806301200230e-02,4.422319869356617500e-02,1.275688789875718647e-02,5.871777931506162035e-02,1.037990877925345883e-02,-4.795765471715246475e-02,7.059813166366844632e-03,-6.265664940307082154e-02,-2.408558882265059153e-02,5.851287028947981667e-02,-8.398530198541957759e-02,-1.484028239983980688e-02,1.151574091851955695e-01,-6.254563173445552848e-02,-4.013950886422716635e-02,-9.541797126571362198e-02,1.457755174782573437e-01,3.540046841938607886e-02,7.236339480412827194e-03,-2.096392434409864725e-02
-1.788361873347278641e-02,1.093949927366007907e-02,5.287723695603638308e-02,5.870992181716991505e-03,8.073341159319895322e-02,1.271071945686028451e-02,-3.711799535376274911e-02,-2.649943113665657532e-02,-6.546259952129508675e-02,-4.541016951426694176e-02,5.393816014713490037e-02,-7.413966342326744341e-02,-1.657171669438220127e-02,1.176741964529765955e-01,-7.593167660473758296e-02,-5.847592009391409940e-02,-7.901664031092420215e-02,1.362936638221097785e-01,3.141039137947670284e-02,1.519797507210654541e-02,-4.812984977878401877e-02
-5.859364660896520388e-02,-2.373423229056105185e-02,6.079454882906784596e-02,-8.482149650233047553e-03,9.835454463599561936e-02,1.233200922955632849e-02,-2.760273147223418419e-02,-4.729251094009913337e-02,-6.686633889864593283e-02,-5.927946064816652649e-02,4.140718058336766844e-02,-6.003487064447987631e-02,-1.322241742856382178e-02,1.167727612149837141e-01,-8.151384492514630875e-02,-7.640620055275922085e-02,-5.206925354561194041e-02,1.102135628197722650e-01,2.050304606176672761e-02,1.809194875842265460e-02,-7.104993598385969666e-02
-8.687475477720289774e-02,-5.142224626528960063e-02,7.371864807860110946e-02,-2.714310508602429256e-02,1.084787922292771850e-01,1.078328787500760708e-02,-1.742545966592316461e-02,-5.379497360640342341e-02,-6.618496420615019304e-02,-5.800784566956396909e-02,2.719514811183372516e-02,-3.857992730361489014e-02,-1.744835956524528470e-02,1.125171671438108395e-01,-6.928556825553618126e-02,-8.663977769343816915e-02,-2.020988640623945509e-02,6.683618044026516658e-02,6.387103903037069479e-03,1.900167672542366071e-02,-9.275804028000932122e-02
-9.442480672103206740e-02,-6.520226729171293978e-02,8.894267909412997830e-02,-4.595807140653566936e-02,1.077821265682387258e-01,6.039784773165696695e-03,-1.104265329785609345e-02,-4.740636790374507664e-02,-6.129593557370518336e-02,-4.418478774508866058e-02,9.663260759173283171e-03,-1.007014100207467844e-02,-2.685453376543270321e-02,1.171609110459636005e-01,-4.714086015660715057e-02,-8.774486302562103934e-02,1.020979871211810837e-02,1.940005068018548287e-02,-6.306900102960282493e-03,1.481122459698481532e-02,-1.097010281387946484e-01
-8.488259409856931115e-02,-6.846131570132463207e-02,1.055036577600216574e-01,-5.995659010441915099e-02,1.018266149130175324e-01,3.008865740955137848e-03,-5.519620886669751765e-03,-3.387326071813351325e-02,-5.477962501006751472e-02,-1.661769885201586777e-02,-4.147087858835663866e-03,1.985852103626972384e-02,-4.195033908335221717e-02,1.166353195290889821e-01,-1.289642492588256514e-02,-7.852866580732306701e-02,3.538423428836481865e-02,-3.147037304932108481e-02,-1.651272139311212028e-02,7.676630285780056129e-03,-1.178079278950259629e-01
-5.575513564604649142e-02,-6.419009609077060141e-02,1.171286156347156604e-01,-6.374014252812004733e-02,9.362269731870991041e-02,2.497488958254939664e-04,-4.754617611759826001e-03,-2.342446900164396953e-02,-4.738420454912430774e-02,1.442437008311326166e-02,-1.832397819594246482e-02,4.352697400165080055e-02,-5.184415947268725122e-02,1.081496090387262521e-01,1.737528026015958127e-02,-5.900010459919029920e-02,5.241272572115322076e-02,-7.393224250255152341e-02,-2.581003852106545510e-02,-3.744806586867870969e-03,-1.093538615875435105e-01
-1.563532968186803415e-02,-4.126291180328091335e-02,1.305974760059246120e-01,-6.024587463377237967e-02,7.816477494012843974e-02,-3.828215072119644288e-03,-3.027749179760610629e-03,-1.305244632934182865e-02,-3.696265859831261019e-02,4.806389501034310369e-02,-2.476546348902640762e-02,7.201902491918381333e-02,-6.945678784400535766e-02,1.174216858756192416e-01,5.308061783009251217e-02,-2.681850454276738308e-02,6.233852043478832483e-02,-1.018497211681306525e-01,-2.391475865123733266e-02,-1.527201016827344458e-02,-9.653975218144064674e-02
3.100929697607094845e-02,-4.617433083579370462e-02,1.030827378781716819e-01,-3.426326831593006633e-02,8.655462869595144382e-02,-5.116910901585985244e-03,-1.622210060987429661e-02,-2.665990498385022861e-02,-3.997189778701108753e-02,5.165314497666127769e-02,-4.546566015408070455e-02,5.167986590593406926e-02,-1.643509577189473936e-02,6.704898739566039767e-02,2.927724534078946644e-02,-1.233699240694053441e-03,7.629132030599390657e-02,-9.604725490771973129e-02,-3.836849866156398503e-02,-3.587035241672485719e-02,-3.126611904797758912e-02
5.963792054958157868e-02,7.099035727461528583e-03,1.312416255216142524e-01,-1.613147507980919326e-02,5.492316998328768130e-02,-2.162520313360187865e-03,-8.825635593905839515e-03,-2.100325787752608045e-02,-2.105978456445685085e-02,8.953763390049523929e-02,-2.312530795724974594e-02,9.723103037467732690e-02,-7.290443986476986826e-02,1.115737838741924781e-01,9.013387689486723753e-02,5.003715479957405315e-02,6.257196150416409475e-02,-1.037118610248619482e-01,-6.636931739766539252e-03,-3.440423447419246883e-02,-3.403097221345478818e-02
7.970102612658264141e-02,2.593405126232169525e-02,1.181683969439754206e-01,2.113833172456607012e-02,4.936989143079773684e-02,9.689948384599289142e-04,-1.459790896095382665e-02,-3.556538031842537695e-02,-1.637513344725194386e-02,8.984262979582653685e-02,-1.436761699826882496e-02,9.445745235534014350e-02,-5.709621915047374124e-02,1.031341685792953600e-01,8.686383911280921855e-02,8.580062345282477021e-02,5.681454326039208497e-02,-8.003193833213452513e-02,5.008406234368075263e-03,-4.058000297903551629e-02,6.745767907184494795e-03
8.066573273757414453e-02,3.976676454346075862e-02,1.016748304715214823e-01,6.162465171534434877e-02,4.078833142684924057e-02,4.629041442500357074e-03,-2.072016329491781217e-02,-4.802165956411641456e-02,-1.493492153609049522e-02,7.876315760898108809e-02,-1.378055898021840909e-03,8.854595765448203259e-02,-3.899592301799402472e-02,9.930573652109925264e-02,7.805965064704829814e-02,1.149468950276307522e-01,5.033302969301910873e-02,-4.510960737567099726e-02,2.054856922338472655e-02,-4.141060962833822273e-02,4.257925872650857035e-02
6.300348857994104990e-02,4.275496469194219745e-02,7.948723771263808968e-02,9.939332306309993370e-02,3.297702622208373985e-02,8.002763903299316833e-03,-2.865620345396183849e-02,-5.680248077084802671e-02,-1.609204101626763098e-02,5.544676449382904965e-02,1.148350280651179792e-02,8.224615511223140607e-02,-1.559330586580848568e-02,1.041882959615844789e-01,6.123894180063662457e-02,1.297283715755086497e-01,4.458213634000518510e-02,-5.721371880506325239e-03,3.420511865341365615e-02,-3.658982038613228099e-02,7.213018734338594307e-02
2.993456304810880250e-02,2.914207823729397795e-02,4.977392367159746284e-02,1.317520721785704896e-01,2.909636408502974669e-02,1.111513415091408205e-02,-3.752784534705778247e-02,-5.727029026998268352e-02,-2.173606734364987025e-02,2.429629840541274940e-02,2.239494947148023760e-02,6.920285976723664079e-02,1.236227075971434511e-02,9.521670549094003733e-02,4.135784174169067351e-02,1.272221977639910739e-01,4.212821447275845455e-02,3.003285945129018433e-02,3.941826873852818242e-02,-3.089863037492062564e-02,9.544374658789567256e-02
-1.016772108911326647e-02,8.599843643986266467e-03,1.916257748131593858e-02,1.514547103551386886e-01,2.315549235756707638e-02,1.303198041111716492e-02,-4.523299145195467524e-02,-4.625876117455613584e-02,-3.042154005546286386e-02,-1.080056814567838946e-02,2.645984055971022444e-02,6.008628073672412501e-02,3.485818343698279809e-02,9.818086700010196510e-02,2.453537996499449703e-02,1.083902000782471647e-01,4.317931323251841119e-02,5.865921262875269104e-02,3.921877136261220365e-02,-1.947269227026167046e-02,1.081143070821788260e-01
-4.928223348897663864e-02,-2.138997160255302898e-02,-1.325348309787575951e-02,1.605234927203050277e-01,2.045782018191711488e-02,1.364786252827492226e-02,-5.228249685445691269e-02,-2.538077479366791095e-02,-4.070305470851342394e-02,-4.206071521381463119e-02,2.326930605729062018e-02,4.898848721285430780e-02,5.221134984999802747e-02,9.188620714316482474e-02,1.145352347896813790e-02,7.533175622292004325e-02,4.545706231953591803e-02,7.342059043268416019e-02,2.856110900302706243e-02,-9.769984485640188440e-03,1.104496105269604234e-01
-7.831156596148507176e-02,-4.995283252279624636e-02,-4.274632264545390886e-02,1.553215551254706894e-01,1.750877790636960057e-02,1.015188223702708815e-02,-5.688913071611995109e-02,3.435300424211714006e-03,-4.922394222411775183e-02,-6.741270036461781412e-02,1.119402797043577563e-02,4.356311298575189783e-02,5.878722178787393338e-02,9.120759957020381503e-02,8.720163627751891661e-03,3.012551163726019665e-02,4.632621355205018138e-02,7.369188409967625253e-02,1.300875883384747071e-02,-8.363838425204481609e-07,1.038012595400174820e-01
-9.253322107175214473e-02,-7.484444543681462170e-02,-6.663461636714920755e-02,1.417285648957360145e-01,1.659993998016874237e-02,7.042830697208892973e-03,-5.824309347987896568e-02,3.284541937413226059e-02,-5.594692298673067943e-02,-8.226771644358833735e-02,-7.416450413363733646e-03,3.710418536635738673e-02,5.411386780691204018e-02,7.927462255337190677e-02,1.276634903915414843e-02,-1.890101593838169891e-02,4.222963599873015561e-02,5.986189268790256118e-02,-9.710369505873613777e-03,8.854657941268984783e-03,8.996318813171551299e-02
-8.495842517377776015e-02,-8.573190763083810007e-02,-8.262395345761208709e-02,1.206330099495586256e-01,1.563036685945692547e-02,8.813392300936991660e-04,-5.623931860524829934e-02,6.144756264821707448e-02,-5.560949847418196479e-02,-8.586620794078396457e-02,-3.333895281250322945e-02,3.688099259170323635e-02,3.957272196671808573e-02,8.144376958045969339e-02,2.203822125213127786e-02,-6.943148011867904257e-02,3.217261128400997205e-02,3.599197670199422855e-02,-3.077963817532240395e-02,1.710264968448306153e-02,7.325012814064577049e-02
-6.048842655345196273e-02,-8.452343834465012029e-02,-9.173201158343380346e-02,9.672679146756310575e-02,1.723176212952298725e-02,-4.709584047588037843e-03,-4.985698489671376576e-02,7.998327638761661140e-02,-5.121498406812095838e-02,-7.989504050747250896e-02,-5.975149166251348537e-02,3.424903044057543006e-02,2.027327025361621779e-02,7.157407733825443819e-02,3.193930857162274872e-02,-1.114249369427071368e-01,1.637137914052630080e-02,5.050386167323272883e-03,-5.175860642596410988e-02,2.342166314711490241e-02,5.727208408311335042e-02
-2.094700967547469261e-02,-6.644722089479389304e-02,-9.198820632073459458e-02,7.455220967948081312e-02,2.110717153656371803e-02,-1.116512764265821869e-02,-4.264224467934384089e-02,8.342236594349525247e-02,-4.187604324814742096e-02,-6.681883175096081651e-02,-8.724391105360923548e-02,3.264970654523477456e-02,-1.900810021538191542e-04,6.601275199858347431e-02,3.412700548876721612e-02,-1.394372577999166141e-01,-3.563258414055227308e-03,-2.624907799912697820e-02,-6.830599808272362627e-02,3.013098781343305846e-02,4.289778370292655213e-02
2.408549630711522699e-02,-3.115801694160346205e-02,-8.061682982316881185e-02,5.452184284632923678e-02,2.282936914328727654e-02,-1.483568415711470842e-02,-3.170495411424460730e-02,7.403414199494159909e-02,-2.643243792019471863e-02,-4.573303166115112034e-02,-1.084982400249433904e-01,3.582056406435937118e-02,-2.359091612371759863e-02,6.804296665478040684e-02,3.369787920066415199e-02,-1.500632217375220956e-01,-2.783160339434954250e-02,-5.459511634076930769e-02,-7.550244817323023550e-02,3.941399506935842206e-02,2.606242808300947983e-02
6.596005087667604350e-02,1.161241838794659954e-02,-6.651026523897038412e-02,3.987392891933924655e-02,2.723550474045428535e-02,-1.864801637634515979e-02,-2.021359090531790054e-02,5.005604908941709008e-02,-9.715201887609886330e-03,-2.716727380510024561e-02,-1.255329870607376219e-01,3.432096802250859252e-02,-3.434230074029978597e-02,6.753251887866432157e-02,1.835804844867319763e-02,-1.434242724773463484e-01,-4.995674554659176869e-02,-7.312935024674699358e-02,-7.752842767732839868e-02,4.777115123457121443e-02,1.697554543842861446e-02
9.502558731451968277e-02,5.653015991111524918e-02,-4.461951041839282844e-02,3.144095033950437129e-02,2.830735845083521759e-02,-1.918652792906056989e-02,-9.072406083469000682e-03,1.727252460203708775e-02,7.996896556739562303e-03,-9.387897152337648654e-03,-1.323447756739774273e-01,3.400925721755662656e-02,-3.771557667726860297e-02,6.711553593596251976e-02,-5.892096252661485796e-03,-1.177571757377070955e-01,-6.901845273671680658e-02,-8.283859247464478437e-02,-7.282161509596989102e-02,5.734983576132224314e-02,8.145505949950719582e-03
1.064959035342176175e-01,9.103743510845355158e-02,-2.620997703553282210e-02,2.895191888248394366e-02,3.027247072691553395e-02,-1.818493997182164812e-02,-3.050611561318633883e-03,-1.855395841563742265e-02,2.417374269673937953e-02,2.101151628660903007e-04,-1.337253465229485405e-01,2.472061986761029534e-02,-1.837043397726552049e-02,6.108656587654584524e-02,-4.470179398849146585e-02,-7.907792436455461649e-02,-7.676849063775481596e-02,-8.059703298579212749e-02,-6.775105191429925400e-02,6.227351214984083033e-02,9.445442589217452681e-03
9.465601507400529802e-02,1.222239670160460423e-01,1.622405942371357322e-03,2.608877535044433482e-02,2.189596280866964312e-02,-1.647395418106437082e-02,2.027192309503141575e-03,-4.356498250513774623e-02,3.998891263669989565e-02,9.430364801832720120e-03,-1.257297649433098963e-01,2.534305885332843386e-02,-1.926993213993263322e-03,7.294703774798233509e-02,-7.714437340830802847e-02,-3.163839105632695881e-02,-8.140578577171049546e-02,-7.060998620914746282e-02,-5.536627386294502157e-02,6.817308038651168078e-02,2.749601163005647563e-03
6.489358531439957944e-02,1.260530713543067116e-01,2.104690519860184100e-02,2.521862623782993723e-02,1.398761731795207866e-02,-1.347571636681067081e-02,-1.138362934245958340e-03,-5.953466836989819433e-02,5.105360303505063896e-02,9.437413785897037083e-03,-1.144345253535651585e-01,1.464514598429676566e-02,3.287154431635642970e-02,6.899853999200722399e-02,-1.148050604155992083e-01,1.522813238693165351e-02,-7.829176756567092499e-02,-5.277578090622003781e-02,-4.921638855607956414e-02,6.631694492634650218e-02,3.775825278035673492e-03
1.959518829863584818e-02,1.059727534375590197e-01,4.082357880965960945e-02,2.340610044280367827e-02,1.603181093619582102e-03,-9.241576974422918700e-03,-8.947484346063735300e-03,-6.020290692434602381e-02,5.859848929285164931e-02,7.918623727393237291e-03,-9.941753710922662801e-02,5.722240884512279357e-03,6.426618211401116665e-02,6.195823922464285122e-02,-1.402899857801029049e-01,5.900424957682726124e-02,-7.214645541538811102e-02,-3.491694628515316229e-02,-4.734235430772503611e-02,5.903281585709935220e-02,3.377950029237882738e-03
-2.768860328371428037e-02,7.314876438466985653e-02,5.448917926262084738e-02,1.656667113256922799e-02,-1.554856088782159869e-02,-6.753501689388222151e-03,-2.063827394263598874e-02,-4.498920578598521181e-02,6.369649981290492757e-02,5.829821556437977947e-03,-8.745065275363440860e-02,-1.419797990612163899e-03,9.156657567682756349e-02,6.630836123567572515e-02,-1.499344295651725834e-01,9.311424404868909321e-02,-6.289602554273655832e-02,-1.392054099787031450e-02,-4.725573470653974401e-02,4.592597258189805298e-02,1.387514936733144242e-03
-7.009781268400938625e-02,2.236915831665406418e-02,6.306837336489393153e-02,8.554181954144065084e-03,-3.193895037100490109e-02,-2.995669497093929670e-03,-3.179727343569941495e-02,-1.884599269526739465e-02,6.523483329506044037e-02,3.492544634877676243e-03,-7.528530823477901091e-02,-8.135115757493772623e-03,1.050389721585945346e-01,6.149049086842666573e-02,-1.394668552243935322e-01,1.154462296658593373e-01,-5.618459221511456353e-02,3.628232172187598713e-03,-5.149403873629446182e-02,2.630512500406371676e-02,-4.369937800704067239e-03
-9.693364168987571305e-02,-2.976316989253489920e-02,6.343701808531963804e-02,-3.229724670552111456e-03,-4.706499860248551659e-02,1.606926030803613190e-03,-4.236347711232673480e-02,1.052942099411453489e-02,6.561873828172991308e-02,3.103905868424801373e-03,-7.043218487627068980e-02,-1.387651100644265653e-02,1.060863410562045001e-01,6.421305987656532321e-02,-1.100624240910893226e-01,1.250343830564732694e-01,-5.011395190047321369e-02,2.135498237166085292e-02,-5.791434725076850115e-02,1.447475251644337896e-03,-1.151386800680190975e-02
-1.054380186183775520e-01,-8.085732540755759257e-02,5.587116060194393524e-02,-1.462515381242733559e-02,-5.424766767680024721e-02,6.963914672855148202e-03,-4.805625468485778123e-02,3.672778247411567082e-02,6.475137236291808596e-02,4.065636404189396438e-03,-6.966013558869163513e-02,-2.081969820401308527e-02,9.056605756787551587e-02,6.062144212463998344e-02,-6.421233921927682609e-02,1.223547295814623181e-01,-4.862181224053973433e-02,3.493752570847963312e-02,-6.617420745565159856e-02,-2.485528070274130655e-02,-1.704367460230422557e-02
-9.439896927175742136e-02,-1.141026441221098253e-01,4.190103821240560855e-02,-2.627867258560182689e-02,-5.707244498488305701e-02,1.383323527373168070e-02,-4.816013448047602036e-02,5.508055476745280649e-02,6.369847230093855783e-02,3.759510541860608228e-03,-7.355001427206457609e-02,-2.617939055688278324e-02,6.480323094458942390e-02,6.363469519722618484e-02,-7.654631506548840482e-03,1.105705673300990122e-01,-4.458053711508130901e-02,4.885374696223154095e-02,-6.983211265111687049e-02,-5.032893420208729707e-02,-2.698437931507692220e-02
-6.790598413294150759e-02,-1.285716768946348065e-01,2.264386496285881317e-02,-3.431280332884166506e-02,-5.170575886271719379e-02,2.320940417159092842e-02,-4.183590648396155742e-02,6.039870434512907560e-02,6.381384243028553893e-02,5.307704854809439272e-03,-7.910779932793989000e-02,-3.242642822174428979e-02,3.016032354489106559e-02,6.542555258252727435e-02,5.319418433494113585e-02,9.178121795591034915e-02,-4.311887368919704866e-02,6.044391946444765962e-02,-7.080038845348307630e-02,-7.193128348255493909e-02,-3.770696254142263948e-02
-3.315848942349974848e-02,-1.223941273605884533e-01,-2.990208898145712158e-03,-3.622496572011729005e-02,-3.716052088858399355e-02,3.327974539122528080e-02,-3.276984505040007878e-02,4.864830146155268292e-02,6.279817538377151231e-02,2.513112239555238131e-03,-8.686413432729009343e-02,-4.334366405515604342e-02,3.595590450709452903e-03,6.249404236595308693e-02,1.003462068566098875e-01,6.937908311184401433e-02,-3.663032558306100750e-02,7.027417085722435786e-02,-6.967568961523343263e-02,-8.692921827041501237e-02,-4.382732756410438746e-02
3.188427644845416402e-03,-9.229250285169919577e-02,-2.505307186642104569e-02,-3.360446313700159171e-02,-2.387672893338308594e-02,4.476726235104121210e-02,-2.019500845731769800e-02,2.313579110502905767e-02,6.351649666963499197e-02,-2.867836191188611402e-04,-8.858322162072557182e-02,-5.059080570067954474e-02,-2.352092766150232911e-02,6.559551655877060572e-02,1.413180003400783535e-01,4.546869602091428014e-02,-2.573925708387197683e-02,7.646531202991201093e-02,-5.968934911121973746e-02,-9.065514645802072446e-02,-5.473680456680769107e-02
3.149912295132668849e-02,-4.754059199767730892e-02,-4.470946734468546346e-02,-2.296240313141481582e-02,-1.047403975960719755e-02,5.686288575029498776e-02,-9.488216881394914357e-03,-1.262316837182994068e-02,6.399482374832057840e-02,-5.667528427229881482e-03,-8.502901482091597407e-02,-5.742455691365445924e-02,-3.691553678359396629e-02,6.624105330381503676e-02,1.591161043018400334e-01,2.482986091226303468e-02,-7.896828461111322570e-03,7.888412323176599572e-02,-4.716743364938725397e-02,-8.276292052650109643e-02,-6.359669654524312266e-02
5.085302376075410274e-02,5.660466659962880634e-03,-5.724429436282991307e-02,-7.608004657972076805e-03,-4.391159781699813767e-03,6.930910165136486278e-02,-2.269419275219025037e-03,-4.990713095903597657e-02,6.554708949986402799e-02,-1.388507044476784344e-02,-7.354092093435193878e-02,-6.024775389135980652e-02,-4.093651363836142004e-02,6.904083733129490197e-02,1.595628778177003437e-01,4.985224422088402330e-03,1.521058571243943253e-02,7.375707294171630901e-02,-3.014529145173085178e-02,-6.592598183704949377e-02,-7.343618098937712557e-02
5.918304689036540250e-02,4.567718690915036767e-02,-7.308540064182718343e-02,1.542138946963047055e-02,1.846956965719838374e-03,7.932256915383957552e-02,-4.611006995287152133e-03,-8.767588190576525164e-02,6.203375924838384209e-02,-2.893268668931571475e-02,-6.126537882280912867e-02,-7.378852471392034762e-02,-1.331401551143674734e-02,5.534699203948739016e-02,1.211331161480199703e-01,-1.415010568358210027e-02,4.525760078156182420e-02,7.060389487536899988e-02,-2.093696711964607507e-02,-4.700412021189979278e-02,-6.824244689908862127e-02
4.751035271330134729e-02,9.359552752023865552e-02,-5.781400076864007254e-02,3.069638046105217788e-02,-1.705128703951517416e-02,8.730298702632122154e-02,-4.953573649414377486e-03,-1.038609269902392301e-01,6.590852167104777060e-02,-2.888979768200326814e-02,-2.858974854589326972e-02,-5.695284022245748756e-02,-1.791895793042270341e-02,7.280266651702264891e-02,1.040777906376390560e-01,-2.415694164402359609e-02,6.994121810009575058e-02,4.752855188592739616e-02,2.070798120853945337e-03,-1.515104770932035501e-02,-9.032434850355884615e-02
3.493474689886044704e-02,1.137848994141343884e-01,-4.560556707685791550e-02,4.787304728600202258e-02,-3.675282329452537328e-02,9.178713087774299784e-02,-1.357893083117742671e-02,-1.089901691250444726e-01,6.463387525583824678e-02,-3.517327491570044345e-02,1.914299967494491588e-05,-5.099904476086598165e-02,-1.835304483086973261e-03,7.459990510058114865e-02,5.809943696576019834e-02,-3.487958305703917766e-02,9.322449874366432743e-02,2.719725653951311772e-02,1.276168479877189989e-02,9.327630898074094207e-03,-9.273231673879139825e-02
1.906692950059281702e-02,1.114928197990844305e-01,-2.402730689741295472e-02,5.992796140363594593e-02,-6.433665029422921955e-02,9.282209609043801102e-02,-2.461316730723037138e-02,-9.546745326884295557e-02,6.602176702351367221e-02,-3.621469240175891058e-02,2.980644703369026566e-02,-3.741910590085636285e-02,4.219494668791986917e-03,7.918454928668566817e-02,1.418844904803597332e-02,-4.285844605013877651e-02,1.084429395183406086e-01,1.813300608039269653e-03,2.048131059336953663e-02,3.075527480398234856e-02,-9.375754743439131123e-02
8.715919706206023271e-03,8.799361794562209071e-02,-3.532228893007088519e-03,6.647549438895235252e-02,-8.836929441485762149e-02,9.026654971596517751e-02,-3.508162913129825311e-02,-6.710067886966743222e-02,6.550392572548317804e-02,-3.534196576997303968e-02,5.387348091048578536e-02,-2.866150794472955426e-02,1.078628939173625206e-02,7.789163492871689631e-02,-3.362534835557162011e-02,-4.775548216597668566e-02,1.164429131613752000e-01,-2.186518899681823974e-02,1.980139174600025267e-02,3.962307709312917064e-02,-8.322363777000205132e-02
4.438135093776128526e-03,5.050744818724435536e-02,2.160309240152797489e-02,6.505182962528888169e-02,-1.105116584588877182e-01,8.530062943151860144e-02,-4.168015257900156700e-02,-2.794595188637469946e-02,6.811305445626832100e-02,-2.877333178893157206e-02,7.315747066605302051e-02,-1.563737985701516703e-02,-4.403762028400866162e-03,8.074807607356973560e-02,-6.584762875404767679e-02,-5.034337005393749870e-02,1.115080065240976331e-01,-4.342544811689239698e-02,1.731321902746756417e-02,4.086396367797029416e-02,-6.801816377988761930e-02
9.359810429069512216e-03,2.370975154829948767e-03,3.780940043096688019e-02,5.870750915689987998e-02,-1.192891952954998197e-01,7.964914320059561514e-02,-4.309466478816963153e-02,1.260163574784465765e-02,6.973442207359487055e-02,-2.393869343143784426e-02,8.029333522828974168e-02,-1.153926482807506732e-02,-1.724023417019024396e-02,7.982910258490517885e-02,-9.417831405986742954e-02,-5.205520842345478377e-02,9.991731930023738106e-02,-5.824934748790184386e-02,8.904610110243576723e-03,2.951728755914927171e-02,-3.976987659731209129e-02
1.780121476966297148e-02,-4.374157365558662552e-02,5.163320148775966956e-02,4.534031132895455229e-02,-1.161643751977402689e-01,7.533948637902837531e-02,-3.320557325640609292e-02,5.041908653895275927e-02,7.390310642086322934e-02,-1.544913545962495714e-02,8.243273300829917494e-02,-6.481582578224948446e-03,-4.671757767206562162e-02,8.034735820125910033e-02,-1.036412514211238201e-01,-5.068431395084004726e-02,7.731075030331809039e-02,-6.998113655236003205e-02,1.257766515506044758e-03,1.129690652096150202e-02,-1.164433513989084762e-02
3.022951586148066652e-02,-8.113080251368695595e-02,5.098664650259047970e-02,2.958064017801778287e-02,-9.242693693513666375e-02,7.140776192268569189e-02,-1.720497747069287681e-02,7.598558419253571838e-02,7.590130490239857530e-02,-1.330917137322504273e-02,7.345529771782223494e-02,-1.297019375562787069e-02,-6.850938916355664432e-02,7.308125587225207387e-02,-1.105723784507648966e-01,-4.573222818464862949e-02,5.406229541020511620e-02,-7.198552463925562972e-02,-8.849989182108154023e-03,-1.320484458510894077e-02,2.790635335317863744e-02
3.910301017151269348e-02,-9.767195025241720563e-02,4.660925034901626518e-02,1.070531661241173708e-02,-5.973903679184271870e-02,7.243900938916494892e-02,7.957254582905750120e-03,9.094327991182653281e-02,7.883447057304640571e-02,-1.225987267896947244e-02,6.057850501334970106e-02,-1.580626707497186090e-02,-9.470539245053084809e-02,7.505362038330427865e-02,-9.889753969360483288e-02,-3.812041295495996462e-02,2.773971755594180008e-02,-6.714968225550592418e-02,-1.290244182804397427e-02,-3.410293101781047137e-02,5.949512505209426927e-02
4.259254310441289854e-02,-9.743869000836408167e-02,3.090448785160273062e-02,-6.649424922220421690e-03,-1.280015162589931768e-02,7.681638668321705277e-02,3.626370848038382166e-02,9.017467387874134044e-02,7.831729480866689297e-02,-1.363949015990103056e-02,4.315809894421690496e-02,-2.678814364556052555e-02,-1.053992568098731791e-01,7.078617184677471474e-02,-8.709819819584030398e-02,-2.729286481314377802e-02,5.597083018114427586e-03,-5.599389212359796864e-02,-1.712761767948445604e-02,-5.102681409760316533e-02,9.229572788065362743e-02
3.501241100831305186e-02,-7.668876495059122333e-02,1.246306749734994723e-02,-2.258072830593861602e-02,3.583428512959106749e-02,8.561542656678647334e-02,6.531793841236124831e-02,7.728539821294629075e-02,7.641870185295619733e-02,-1.435259368493116937e-02,2.999451624663616867e-02,-3.310831482295613359e-02,-1.093543450537813599e-01,6.672170942745524191e-02,-6.517842095517031864e-02,-1.209802523167725213e-02,-1.288818498901795999e-02,-4.482014626691217807e-02,-1.702018752182106465e-02,-5.575754521470076969e-02,1.139005331323510173e-01
1.892115576122584825e-02,-4.298417158663001697e-02,-1.103562315437505922e-02,-3.461929229661502017e-02,8.286630295311274430e-02,9.614878566822607220e-02,8.890075969139644985e-02,5.587323212228550995e-02,6.995581781773112240e-02,-1.498291680221217233e-02,1.915601641805173352e-02,-4.053650542499973725e-02,-9.352053960397779808e-02,6.085893582712623845e-02,-4.460138622029822392e-02,1.955437841548788528e-03,-2.494535597796438547e-02,-3.183267576261946535e-02,-1.738341307106774578e-02,-5.040592054692159124e-02,1.279516315796004333e-01
-5.813072094880720325e-03,-1.433570708280809333e-03,-2.835005878658661965e-02,-4.342391953543978111e-02,1.141880211231218745e-01,1.067391979750614700e-01,1.046700356220671563e-01,3.276865226729080982e-02,6.345849713280916904e-02,-9.620606990202010961e-03,1.773110563000911480e-02,-3.661876271735054617e-02,-7.234625581714712594e-02,6.415922093092008005e-02,-1.428403083140289583e-02,1.557859869119816373e-02,-3.522054632521477713e-02,-2.324809909531696042e-02,-1.231826999073905304e-02,-2.936155244612824455e-02,1.237703043302741668e-01
-3.257528278032079810e-02,3.444013176404212007e-02,-4.674864455065710911e-02,-4.800646429709923280e-02,1.335366136361838263e-01,1.150305818058724866e-01,1.079350270201069606e-01,9.484909092444447631e-03,5.279929281015810494e-02,-2.755835772955629939e-03,2.022456090106652601e-02,-3.102873495575719787e-02,-2.994740188354527363e-02,6.304294978171795516e-02,6.059422368841942304e-03,2.533502869423676432e-02,-3.812603990564943091e-02,-1.608381255515718700e-02,-1.203148223118245298e-02,-1.608022219084595701e-03,1.116817183323651763e-01
-5.957356682791209446e-02,5.996682962347432005e-02,-5.419878851766637973e-02,-4.987693170546106392e-02,1.288547929077471510e-01,1.194863147555981775e-01,1.014333482354112526e-01,-4.951392262294973708e-03,4.163419895135277160e-02,1.279335094381311815e-02,3.293449951251573027e-02,-1.650132241789092555e-02,7.238606680769406852e-03,6.489981161462482495e-02,3.238506573780892961e-02,2.830226585047665791e-02,-4.288381978889393292e-02,-1.488977933524122249e-02,-1.123061566237653318e-02,3.412094351842998724e-02,8.607618849734045841e-02
-7.780339450256291978e-02,6.809303566053886980e-02,-5.735778410780939529e-02,-4.676209577184857469e-02,1.085435691970380312e-01,1.174777564208818459e-01,8.571032717429584447e-02,-1.217013866977760712e-02,2.961368767094569796e-02,3.141457960785981607e-02,4.936921854151518629e-02,1.584832838250770874e-03,4.964636195376196520e-02,6.644734731506736491e-02,4.909459829618638416e-02,2.423160967118184739e-02,-4.402992299993855468e-02,-1.441867320058060932e-02,-1.533367180262640989e-02,7.122828615699069998e-02,5.713904819493459408e-02
-8.335458513800997338e-02,5.884846329071451165e-02,-5.144096064774127119e-02,-4.166000499956946240e-02,7.304256963526428725e-02,1.075291359053344858e-01,6.412549828660346618e-02,-1.281641678249268584e-02,2.029692291233392565e-02,5.548735756863795027e-02,6.755718442055523576e-02,2.491087301022714903e-02,7.961146802875265771e-02,6.761460686616463378e-02,6.315883467130399553e-02,1.508660964371391286e-02,-4.672984653256538612e-02,-1.386702810789222987e-02,-2.203425617054010840e-02,1.034503949458495109e-01,2.466786430750978615e-02
-7.313555565755712473e-02,3.440619701475853415e-02,-4.295934420281222188e-02,-3.479956672332407130e-02,2.873686792201107440e-02,9.041376998036887436e-02,4.303194505621273785e-02,-7.676021013232216424e-03,1.267177176157101640e-02,7.866748502134097987e-02,8.513379097792986294e-02,4.676658023589334162e-02,9.991999504288696932e-02,6.977443527256968481e-02,6.938653513567949460e-02,1.323715858711924315e-03,-4.813488249207060338e-02,-9.286974258433566137e-03,-3.181126611751183830e-02,1.228827055562463910e-01,-3.282593363726609044e-03
-4.993725478307532717e-02,7.668909224152035704e-04,-3.190094262916793461e-02,-2.604843435711129418e-02,-1.396682622878775600e-02,6.655460016956912805e-02,2.679821323537909597e-02,-2.867737015074196642e-03,7.933653438499495975e-03,9.969951964226073104e-02,9.642287396265183941e-02,6.708286872491693587e-02,1.070553893538508244e-01,6.910327778242283947e-02,6.646118453934732329e-02,-1.486333886800878662e-02,-4.749077682668020883e-02,2.072414125071619581e-03,-4.478404250754379479e-02,1.289885620617183815e-01,-2.453788247179256726e-02
-1.524882022088067980e-02,-3.518560119709260997e-02,-2.191166269127615279e-02,-1.747424270659500220e-02,-4.896587844408917950e-02,3.692990583578608516e-02,1.938942787831574033e-02,-9.198259229898027344e-04,7.637964920543331357e-03,1.136863389687325643e-01,1.001374400904653655e-01,8.122163938027185393e-02,9.876436524107544412e-02,6.781481145531126353e-02,5.414911028450986735e-02,-3.170050899037565872e-02,-4.498669350316832766e-02,2.132660979447465951e-02,-5.883620140335986404e-02,1.178203133329329133e-01,-3.363770596859930878e-02
2.104258377783762082e-02,-6.277565286416109114e-02,-1.257094103279106367e-02,-1.009080955495472894e-02,-7.367105003335627789e-02,4.798159089080728662e-03,2.370461858116815895e-02,-2.620657156564943063e-03,1.178132416844582080e-02,1.175787769663141080e-01,9.708269330015412146e-02,9.177770480085900573e-02,7.954639378758734947e-02,6.800210810402347594e-02,3.808972114098289896e-02,-4.491973488830669492e-02,-3.670234511368924285e-02,4.533827066071357409e-02,-7.090658866775578772e-02,9.247743867448085520e-02,-3.663477121086350374e-02
5.327762180188781033e-02,-7.977187855179922182e-02,-8.850617699634086635e-03,-2.538506039863777479e-03,-7.939895818132686189e-02,-2.809518284360144891e-02,3.855613338981873917e-02,-1.049953558726179383e-02,1.821709657653544645e-02,1.092514656722357730e-01,8.560020001279358692e-02,9.160475469145290539e-02,5.865388560872764750e-02,6.222575532907436563e-02,1.162196854989457941e-02,-5.589070606643019301e-02,-2.396953146063563259e-02,7.263907403882985392e-02,-8.337994905267391565e-02,5.256587603828131311e-02,-2.831905772153338677e-02
7.300898060146934765e-02,-7.689371030084819758e-02,-4.105709668430276328e-03,3.141292415012117076e-03,-7.380397972941958595e-02,-5.774708649907551311e-02,5.979017725376696568e-02,-1.791034295122866452e-02,2.937329039064585229e-02,9.575580492335437899e-02,7.117099123933864901e-02,9.033827481848816232e-02,2.767255112321679103e-02,6.357135578095207684e-02,-8.504107146238920611e-03,-6.123439244262373488e-02,-8.901284854162850452e-03,9.541706847615220866e-02,-8.863645129913783061e-02,8.398069233468920605e-03,-2.049282170134378300e-02
7.832831699550961424e-02,-5.829147917480548280e-02,-5.400185770894593874e-03,9.464650882443673488e-03,-5.235724676289355006e-02,-8.306279377603101310e-02,8.381234731501721602e-02,-2.585129930639907397e-02,3.959054332699248752e-02,6.840626218185856533e-02,5.340856262932486970e-02,7.723953826179545679e-02,7.301144482541462380e-03,5.751368960899772009e-02,-3.164709977552318532e-02,-6.136108926501845917e-02,9.744413330849166152e-03,1.129151439013280772e-01,-9.234741767413433278e-02,-3.755374675939189555e-02,-5.736632225795664473e-03
6.514808679124152457e-02,-2.476032826878830917e-02,-3.401348161221038474e-03,1.533072108256786602e-02,-2.622677731734910506e-02,-1.027465512832278355e-01,1.049440494359677178e-01,-2.656029217023825328e-02,5.016771998424053580e-02,3.879495328320622244e-02,4.081037705473436472e-02,6.363693221111976772e-02,-1.065891319914472404e-02,5.403220759188882838e-02,-4.253722908714274026e-02,-5.551714619048114113e-02,2.365986382694318033e-02,1.155403304132467529e-01,-8.901314684315114745e-02,-7.779907553588226443e-02,-5.213610735116415554e-05
3.949917601805703199e-02,1.598461924254379607e-02,-4.979630215372850277e-03,2.212912711776202426e-02,2.615805537877301419e-03,-1.143854598868427053e-01,1.174445165245928957e-01,-2.292033185581511881e-02,5.933219997191439138e-02,4.475392022252553878e-03,3.351429161137071955e-02,4.637896193677950446e-02,-1.652527130184619497e-02,4.928087812570303150e-02,-4.700533744854298174e-02,-4.647182918003149588e-02,3.265839333572359560e-02,1.035565143577549252e-01,-8.107394262973492693e-02,-1.093081862630591733e-01,1.964022232366489061e-03
4.323462805984593441e-03,5.667235650182849555e-02,-4.371129922721898528e-03,2.864171745859657447e-02,2.698732688332753857e-02,-1.177524491223674724e-01,1.184855519643851079e-01,-1.064400108954995615e-02,6.551898183840614009e-02,-2.704714285047134237e-02,3.570252671312760390e-02,3.148744933622796283e-02,-1.287062690925306133e-02,4.763739650993650820e-02,-3.848987037393913901e-02,-3.327171878126478771e-02,3.332956103692368693e-02,7.300931915382019577e-02,-6.802684008977956387e-02,-1.230105485162469175e-01,-6.184936668895568528e-03
-2.883115818144981607e-02,8.923566464974763690e-02,-5.479341970096622376e-03,3.611591967329046138e-02,4.623072246462273105e-02,-1.154669319963120833e-01,1.070546635268438546e-01,5.682166604508139506e-03,6.704733850688669727e-02,-5.561765234289358512e-02,4.349718851895672395e-02,1.534466962169161661e-02,-3.796400202328813873e-04,4.533025113586379440e-02,-2.481714357983572788e-02,-1.739584214055345940e-02,2.498273935801839998e-02,3.306611992653638032e-02,-5.597809965916104857e-02,-1.268541563707182851e-01,-1.559785070544483961e-02
-5.559120858411797927e-02,1.084171586151738420e-01,-7.577375075585002576e-03,4.029998151562144693e-02,5.655105228369528003e-02,-1.057750417522942549e-01,8.418859550382226664e-02,2.544871540543029026e-02,6.633646810891041801e-02,-7.631409592473044345e-02,5.942285433680477569e-02,6.309998853633013924e-03,1.122191205202508792e-02,4.657199491412673115e-02,-2.216311867648915277e-03,-3.410994948204623092e-05,8.149222386900897841e-03,-1.644574251949209101e-02,-4.248224009889137176e-02,-1.154388648916458565e-01,-3.626085314235417273e-02
-6.825025475648639761e-02,1.084706304115222453e-01,-1.306819486085739404e-02,4.317348323001041904e-02,5.676165248837230365e-02,-9.359588132801038851e-02,5.121689365711142028e-02,4.251143079975133743e-02,5.928154074865833734e-02,-8.969777353262003983e-02,7.757176083311649595e-02,-1.341591277979561079e-03,2.314745708830114393e-02,4.521275617472188257e-02,1.853764993716863416e-02,1.914435880604657692e-02,-1.293468103003101409e-02,-6.323793897602129899e-02,-3.202728951960789189e-02,-9.438853695252684417e-02,-5.485482230766676459e-02
-6.380739760871106947e-02,8.904074900327317577e-02,-2.103537621271260247e-02,4.228058976823439313e-02,5.111015976092979363e-02,-7.895609830080861646e-02,1.477728532084061908e-02,5.461604047414595625e-02,4.923386821391905616e-02,-9.285616136250325614e-02,9.615334221672271198e-02,-4.474757518424845801e-03,2.899364452860575536e-02,4.393210681085153724e-02,3.747940944606286545e-02,3.710802422253405009e-02,-3.624775635568545235e-02,-1.033519830071305406e-01,-2.589127303932192356e-02,-6.731548043377411084e-02,-7.317241102355975801e-02
-4.198776585249069243e-02,5.862642386227310404e-02,-3.179177554455216159e-02,3.546757713128250583e-02,4.028401652763289459e-02,-6.477717950747602371e-02,-2.096947981979677827e-02,5.766610304080774241e-02,3.691869413191233712e-02,-9.252993300355612238e-02,1.099900809659871970e-01,-1.350864259402032204e-03,2.585476228558009765e-02,4.638727674323654682e-02,4.708563150634844513e-02,5.473759174032049452e-02,-5.730580981398492035e-02,-1.270919235438857930e-01,-2.371424165189056285e-02,-3.690560106151959119e-02,-8.709040394039190003e-02
-8.799265851010516087e-03,1.697165051408370748e-02,-4.671796303833307407e-02,2.398988048362881570e-02,2.900525199018422207e-02,-5.183696349393607239e-02,-5.259560459434952512e-02,4.969525296976042006e-02,2.153303354149796456e-02,-8.415900973727913348e-02,1.197006075611025816e-01,1.112644304869593419e-03,1.530238498437016224e-02,4.022293225210697709e-02,4.644686205685975844e-02,7.284014102276306635e-02,-6.934714383140705429e-02,-1.353124283047320020e-01,-2.725776934691997652e-02,-9.072644373605009277e-03,-9.086714027408215877e-02
2.867611650044122468e-02,-2.236109805689094621e-02,-6.558101812413265341e-02,6.892204866077025933e-03,1.954595836111654508e-02,-4.187548460420859042e-02,-7.701223161927993333e-02,2.997150374660989547e-02,7.729649292775103535e-03,-7.307353621922611786e-02,1.192800186300195242e-01,6.397226719918160456e-03,-2.967540234075085551e-03,4.173723214741689030e-02,3.273444011786894731e-02,8.759793941156530928e-02,-7.134690957836152536e-02,-1.237110626126977364e-01,-3.377451536174794211e-02,1.324865679098185048e-02,-8.483839305901975936e-02
6.368864527976411671e-02,-5.653399970119681039e-02,-8.255535613179966481e-02,-1.242504841070600670e-02,1.418211118728934794e-02,-3.418043586393885308e-02,-9.352417034048005062e-02,2.732315278177640128e-03,-5.358004950991990430e-03,-5.981062251141307934e-02,1.119778043748836938e-01,1.041535538921516298e-02,-2.733662765439242789e-02,3.513839237230487189e-02,1.261510011615526311e-02,9.706391907099437555e-02,-6.471546949440178109e-02,-9.631599378191893490e-02,-4.366870146069608272e-02,3.143831750297393368e-02,-6.919837462736957989e-02
8.668916770931538174e-02,-7.402767025721103400e-02,-9.802560782160318897e-02,-3.439638200429331188e-02,1.260951584710263106e-02,-3.046121827208665006e-02,-1.013607829724505471e-01,-2.708775332321925952e-02,-1.350327515315906217e-02,-4.900517427830328177e-02,9.531762989362509153e-02,1.489890935504459279e-02,-5.339143218207003522e-02,3.169641827844002502e-02,-1.246722093247805765e-02,1.011207542319513264e-01,-4.495538294446498051e-02,-5.746427495562033555e-02,-5.371238411274889546e-02,4.256055040128362693e-02,-4.403323445147441784e-02
9.145573445763138798e-02,-7.346049090713709095e-02,-1.076643141387873537e-01,-5.715536301939878883e-02,1.505214732446508337e-02,-2.987665908194295922e-02,-1.014476558053837851e-01,-5.447109325925791196e-02,-1.684496193010061663e-02,-3.637613629292101719e-02,7.505842640988254211e-02,1.833642827042291507e-02,-8.040718183212573755e-02,2.539581096058564705e-02,-3.483080472695514879e-02,9.900972224419569978e-02,-1.786596251773774763e-02,-1.589081731325859420e-02,-6.259412628323511585e-02,4.740694162267157508e-02,-1.658879380761680081e-02
7.584524258518744733e-02,-5.635754135463105080e-02,-1.105744245665272601e-01,-7.734990408867205292e-02,2.014007565427585952e-02,-3.339353631941121420e-02,-9.650642493764227670e-02,-7.628784361473790743e-02,-1.422173450252288592e-02,-2.943405354896664120e-02,5.091464905697729720e-02,1.964348618337751623e-02,-9.644258629891912238e-02,2.073413639938884168e-02,-5.296212617868169270e-02,8.615629686705153500e-02,1.439250759183636520e-02,2.476778733752253714e-02,-6.912402169408414510e-02,4.838303675818632354e-02,1.398924636416525903e-02
4.218571485778151858e-02,-2.292372688960707047e-02,-1.009168374441238025e-01,-9.373721305247152691e-02,2.244327934937798488e-02,-3.913281679324828732e-02,-8.948565449118162096e-02,-8.517658126356068837e-02,-4.499744834605627630e-03,-2.079432693890207254e-02,2.956507531691391147e-02,2.204249487492164136e-02,-1.098716804272103637e-01,1.853850501638661802e-02,-5.883076055625140188e-02,6.809956692021475189e-02,4.436202537897195736e-02,5.421091404867803970e-02,-6.874597049374933655e-02,4.808839467850821447e-02,3.993758951811875180e-02
-2.072294769729473435e-03,1.230260400384565293e-02,-8.478567201961408062e-02,-1.036794403511465124e-01,2.480923566207884207e-02,-4.682387065474866855e-02,-8.412671802325108472e-02,-8.543284333786176077e-02,1.030836631971118744e-02,-1.337834571849660752e-02,1.172981884145453749e-02,1.891036932953064215e-02,-1.082892637378973233e-01,1.490256945210543908e-02,-5.530181082440836782e-02,4.335505649251287369e-02,6.930276853223563127e-02,7.055731694765862705e-02,-6.579782330081790365e-02,4.441552210373191090e-02,6.546941670184967810e-02
-5.007640039918676705e-02,4.837613857330520101e-02,-5.494722665133045664e-02,-1.056593958551485801e-01,1.985949213577374584e-02,-5.694623725474181469e-02,-8.099084445231358176e-02,-7.263089655528699728e-02,3.023730549790201033e-02,-2.532824854235372902e-03,1.494217808263141037e-03,1.719685508210237745e-02,-1.044670726017246226e-01,1.609620724243676637e-02,-3.457083636607469895e-02,1.613401947661349811e-02,8.292181082795804792e-02,7.186544337784334102e-02,-5.402629842184692582e-02,4.213571331771907152e-02,7.978829422643123059e-02
-9.197867677191480518e-02,7.313719218698626345e-02,-2.357687083057631930e-02,-9.811555004593991436e-02,1.567399178884761393e-02,-6.811732952645473127e-02,-8.230289227268848540e-02,-5.437945674812335456e-02,5.218701370422554331e-02,6.025626010313244255e-03,-3.252122671011434870e-03,9.219732926615381227e-03,-8.450253004951846503e-02,1.647612665179624958e-02,-1.020277357181036994e-02,-1.403879561886407432e-02,8.354845227120792639e-02,6.152618407573683112e-02,-3.831502977967058549e-02,4.121861473859734365e-02,9.095465397531581064e-02
-1.174830147371830752e-01,8.354480879365951129e-02,1.082984588294666831e-02,-8.516312827122246576e-02,8.441021481376992028e-03,-7.794410732110478024e-02,-8.504829681259408469e-02,-3.090670152356675068e-02,7.558707516265709969e-02,1.456155541114778455e-02,5.251252814703932011e-04,1.466405064506496768e-03,-6.095761690690859602e-02,1.719446046897333408e-02,2.206498809466969635e-02,-4.162331483899201628e-02,7.119288079634893129e-02,4.055250671867985379e-02,-1.716610989565010501e-02,4.140779729569500633e-02,9.359260571506164417e-02
-1.211190754121473506e-01,7.464268462411755012e-02,4.001056630416571780e-02,-6.577393334539485825e-02,4.754203787608614860e-03,-8.549786904287223765e-02,-8.812585678423739965e-02,-9.331676417555672884e-03,9.712539787880086761e-02,2.121879406091668058e-02,6.746822525093387583e-03,-1.071678473846858146e-02,-3.042256365632899778e-02,2.035105924184630807e-02,5.137042467828138725e-02,-6.484149301904695850e-02,4.852806486758353549e-02,1.607821318549433262e-02,5.509860990866980585e-03,4.241466802982809398e-02,8.952125761174409280e-02
-1.023220418895719186e-01,5.059176347772877808e-02,6.236175167887708648e-02,-4.408372279288196027e-02,4.013496706785761071e-03,-8.964284556574746154e-02,-8.920890470461413646e-02,7.849118220362537660e-03,1.150794396328581881e-01,2.720239869551750733e-02,1.573751620079763200e-02,-2.337716021539246181e-02,-9.889995103508782658e-04,2.098603370958487466e-02,7.660706384247435718e-02,-7.892039413370591228e-02,2.161965380054566011e-02,-7.721772838911994570e-03,3.019552197311078240e-02,4.568433088138817294e-02,7.998452588123247664e-02
-6.235251877492475892e-02,1.479946872669233963e-02,7.016557883532495432e-02,-2.221518942634336316e-02,1.097848463210951073e-02,-9.150325866671782382e-02,-8.759011782433417936e-02,1.802760001865677877e-02,1.276007713392417198e-01,2.845387473125125799e-02,1.997214688446649622e-02,-3.715754863953146109e-02,3.170097837601722202e-02,2.410949211090412589e-02,8.728340049044129578e-02,-8.424400101490107928e-02,-2.933752485660695662e-03,-2.278186333948107115e-02,5.272852931829610096e-02,4.778643336395285018e-02,6.972528522871507262e-02
-1.103806460208850773e-02,-2.582734702164271243e-02,6.702815554984746516e-02,-3.391752854559221177e-03,2.374887545210400269e-02,-8.819622884041476707e-02,-7.712821476961052858e-02,2.263832044675123320e-02,1.328291395925428331e-01,2.947152522518676002e-02,2.331859451599548397e-02,-4.722397045898624884e-02,5.386673663999337613e-02,2.360867859981121905e-02,8.923857005897165018e-02,-7.814175150045456208e-02,-2.027797463266976449e-02,-3.149942757247309322e-02,7.220184961685292835e-02,4.968802372105127207e-02,5.275940851764131939e-02
4.331204891333411550e-02,-6.539971673062601465e-02,5.058444376103514439e-02,1.151888333264323994e-02,4.276517712487095529e-02,-8.234330149368705720e-02,-6.364995787350979928e-02,2.000494780554821703e-02,1.310492722662911225e-01,2.743068702876468382e-02,1.975496878353966840e-02,-5.500114644665489438e-02,7.270018470747265094e-02,2.038293264116509268e-02,7.498891324569559313e-02,-6.494493761627204154e-02,-2.591397350308544817e-02,-2.930767951465487395e-02,8.700044664806529104e-02,4.758528483174079976e-02,3.741187031353596787e-02
8.957515700306378781e-02,-9.254495740306029061e-02,2.337125841309993166e-02,1.802040658294637790e-02,6.402417682627967177e-02,-7.333857624850459445e-02,-4.431410935130333101e-02,1.703321236228970068e-02,1.229977159501368794e-01,2.528956829111586938e-02,1.076853139916840452e-02,-5.189134673064210029e-02,8.110635729971803209e-02,2.300587856456584590e-02,4.798739669658665802e-02,-4.416966591034913320e-02,-1.684675925747377775e-02,-1.816786231359668671e-02,9.889438657835741830e-02,4.340278325740636045e-02,1.610097616378068988e-02
