2.400226280411935365e-01,2.489275522003107366e-01,2.148151241853001880e-01,1.367202580151168079e-01,3.783506837337721057e-02,-5.671792888005777050e-02,-1.324013934597298714e-01,-1.784741302247475903e-01,-1.926669489914867028e-01,-1.629455075076920723e-01,-9.697561132834105202e-02,-3.378648729093264996e-02,3.624858658622849561e-02,9.481388817636952904e-02,1.413709587542486268e-01,1.515938836144278268e-01,1.350438597826023324e-01,1.020423538195898011e-01,6.289762172576179866e-02,2.439351030605401566e-02,-8.471113021157926706e-03,-3.405492870454848719e-02,-3.128716778245905356e-02,-5.453325707276735629e-02,-5.555187068941939976e-02,-6.793458800698408406e-02,-8.898417538327117737e-02,-1.026587284725280769e-01,-1.210569526338767243e-01,-1.314659703114964551e-01,-1.303728328188024643e-01,-1.061972581052485348e-01,-5.975680720184447375e-02,1.364411993280125954e-02,9.248162984151495070e-02,1.547977426579937865e-01,2.002741774591930424e-01,2.194234272213917702e-01,2.017352252315841588e-01,1.442664339705251597e-01,6.214000867600031480e-02,-3.046032444831207539e-02,-1.103711353025929320e-01,-1.674637028032082975e-01,-1.774190919868526284e-01,-1.549877808404821755e-01,-1.056694733116639723e-01,-2.463836127294709993e-02,6.037539746997841461e-02,1.049118502514393148e-01,1.380965635083846177e-01,1.453540475226695328e-01,1.305205685670251525e-01,7.819677281250811407e-02,2.353278337626430166e-03,-8.701859749705620484e-02,-1.540893450542257515e-01,-1.911504985977576510e-01,-1.731813538185805190e-01,-1.253421863290720695e-01,-4.883853775814640114e-02,4.287763390366449573e-02,1.299792741801466811e-01,1.963401759798733826e-01,2.140313332892825327e-01,2.052123662177289809e-01,1.302197248321321499e-01,2.768749330575440148e-02,-6.906790349234362414e-02,-1.452109827244516538e-01,-1.937283606404678060e-01,-2.079994652232628194e-01,-1.894280844610853332e-01,-1.392710823758860073e-01,-7.091384534089835434e-02,7.765406443491489064e-03,6.802404180283312674e-02,1.019323107805213402e-01,1.119001544479719251e-01,8.909632972437385445e-02,5.923222753948251956e-02,3.398963426643897279e-02,5.680413538208389790e-03,-2.033186618352876042e-03,5.724105579574588140e-03,3.477125634240951085e-02,5.211685657946288353e-02,7.731779383864409438e-02,7.573553554893022732e-02,5.127332214763135471e-02,1.254741364753741983e-02,-2.191489022722044322e-02,-6.507715587047223360e-02,-1.017219938992206807e-01,-1.274430309322673871e-01,-1.406997133383754706e-01,-1.245988345831392369e-01,-9.180731143090539725e-02,-3.758180223179159729e-02,2.344626022128674242e-02,8.184328290024728281e-02,1.323036988000641512e-01,1.453243381130800149e-01,1.264801701960010516e-01,7.983862350687828680e-02,1.421678793842209680e-02,-5.453328988901495755e-02,-1.043576993325750490e-01,-1.297438551950362007e-01,-1.315554772520127480e-01,-9.047270508020258117e-02,-3.755193105589810926e-02,4.502957934462568229e-02,1.198445525623159508e-01,1.771203893124328743e-01,1.885107611678525918e-01,1.539361274080221220e-01,7.965757091836196679e-02,-1.615311044867150450e-02,-1.092113611870550866e-01,-1.829061486053867869e-01,-2.357593468026221994e-01,-2.471665815385610254e-01,-2.193119751162509179e-01,-1.373902784155349166e-01,-3.057121886462790816e-02,8.552302390698413026e-02,1.835881231170672090e-01
-2.087053481643043606e-01,-2.085170215744062694e-01,-1.781903868173790872e-01,-1.256144502842146959e-01,-5.310526148870110125e-02,1.615670767276334088e-02,8.670535676340351827e-02,1.173641640723782076e-01,1.214870868110886903e-01,1.008891325349221546e-01,8.034376197385223461e-02,2.993999540575397952e-02,-5.391668629504068298e-03,-4.512574110939744643e-02,-5.012846164348807448e-02,-6.098412014975181789e-02,-4.997024903461102369e-02,-1.671452570606107163e-02,1.574299798218121646e-02,3.874243225799248874e-02,5.874634297469848859e-02,6.604584722304435163e-02,9.312009334122774151e-02,1.264119066323286800e-02,-1.472634422036367408e-02,-5.034728692250138582e-02,-1.014436027222941211e-01,-1.376563719747961878e-01,-1.496258625697102773e-01,-1.246146653739899079e-01,-9.267237490090587948e-02,-4.900601118310641408e-02,1.967418016526448557e-02,7.194770714301591819e-02,1.197278323543947975e-01,1.481937418186884403e-01,1.842505921906663902e-01,2.045192051931067623e-01,1.902520060590506823e-01,1.557528080962528871e-01,9.710938235639550442e-02,2.650428243992517668e-02,-4.038603179859630299e-02,-1.078985476044719005e-01,-1.331038144716106264e-01,-1.506523945607236015e-01,-1.550901599986429236e-01,-1.065410850035060919e-01,-2.478199047369586058e-02,-1.063957303470110596e-02,1.639007296903048291e-02,4.522437638213468863e-02,6.914448893464608670e-02,5.228237109145777994e-02,4.112567423588130849e-02,-1.905565459966478137e-02,-7.124191246727187843e-02,-1.464576878428950069e-01,-1.581726822041281399e-01,-1.546296213116921392e-01,-1.185857532614274373e-01,-5.823463202407443834e-02,2.300165398879180922e-02,1.088170269105079302e-01,1.752098404964295142e-01,2.448607575278735071e-01,2.506707293174902929e-01,1.990630560700612228e-01,1.404833883517191961e-01,3.613041536131043896e-02,-5.584320142434819056e-02,-1.482299241374350762e-01,-2.010736304831694521e-01,-2.340333786933650739e-01,-2.284057513330080003e-01,-1.774684923366539602e-01,-9.736931444250084000e-02,1.051367115256683291e-02,1.321244308152125235e-01,1.874002280478520854e-01,2.259715849352812722e-01,2.142197290815442967e-01,1.639374454084444044e-01,7.901570499898501188e-02,-7.192070464816358207e-03,-1.076384319293049313e-01,-1.765074259500802045e-01,-1.926937406579073142e-01,-1.790524619573183873e-01,-1.388273002139685519e-01,-7.507769605800887480e-02,-3.366340590741637682e-03,6.264791150993603841e-02,1.008102224118033463e-01,1.170924300703769932e-01,9.475161543469495795e-02,5.097039830481087802e-02,-9.154930458819465419e-03,-6.361539120446704776e-02,-1.106227472389666039e-01,-1.488514120304516575e-01,-1.487333359895982587e-01,-1.104339572414919507e-01,-4.320966540958590119e-02,3.817637761310435640e-02,1.195426994368081614e-01,1.880567361200602416e-01,2.185738034431078392e-01,2.121627031779293182e-01,1.692183266059308633e-01,1.133334704100547180e-01,2.338248321275663774e-02,-4.573208911313387387e-02,-1.170157206638116898e-01,-1.396990822482378491e-01,-1.390320947949457986e-01,-9.500209355870581351e-02,-3.545192034623518423e-02,3.731614295316255936e-02,1.046567147460572417e-01,1.457960155364274313e-01,1.564121156043598582e-01,1.390499733229045853e-01,8.961064061904705502e-02,3.351993511698411754e-02,-4.736830375278023447e-02,-1.233694339398743595e-01,-1.768518770429769182e-01
-1.589954577948612252e-02,-8.688170452037267955e-02,-1.572593536544726056e-01,-2.186092730576832954e-01,-2.578519900210988203e-01,-2.860072161645367261e-01,-2.725026251302204994e-01,-2.399930427568724156e-01,-1.946204360095585839e-01,-1.519768632835230837e-01,-8.775342776981150117e-02,-5.964910135997453927e-02,-2.080645999386116635e-02,-5.949171496644684205e-03,1.506176832837081980e-02,1.462175766418337929e-02,2.609302528569041810e-02,4.368390008244642936e-02,5.346322965608981542e-02,5.163162045242684212e-02,4.769082223448881108e-02,3.685930380268959139e-02,6.339116847460091186e-02,-1.018889850621297610e-02,-2.528567154773516540e-02,-4.623789010222471851e-02,-8.097698946739387282e-02,-1.178443760780792660e-01,-1.594206915822485859e-01,-1.747929459542046093e-01,-1.828261072157069955e-01,-1.724078559743312811e-01,-1.441517495739501609e-01,-1.077835542421847620e-01,-6.899470682858022119e-02,-4.117932441289741397e-02,-5.356216945747689813e-03,3.668172226681075399e-02,6.407661005344983396e-02,8.900195969238984539e-02,1.137376783144608827e-01,1.369419159204456893e-01,1.622131657573815944e-01,1.796156175901944818e-01,2.199936997190846955e-01,2.424238126637398572e-01,2.482823577580271779e-01,2.739431762806945891e-01,3.055982725789205268e-01,2.728415846716075732e-01,2.488150834408765222e-01,2.173988732079082664e-01,1.841258911109474039e-01,1.122475114016637104e-01,6.108041210171113317e-02,-2.028369532302052095e-02,-8.293439510704393725e-02,-1.556857060666229642e-01,-1.791712623846477559e-01,-2.018312503476502595e-01,-1.972520433028472631e-01,-1.800508898482670039e-01,-1.529775946603677550e-01,-1.225692528360840944e-01,-8.478988846133043988e-02,-2.109982262535502195e-02,3.121057815167205263e-02,7.232695060072266702e-02,1.305812588762546578e-01,1.569660857529889264e-01,1.758791817496214160e-01,1.501607223699993332e-01,1.131452930991859451e-01,4.831026459026235148e-02,-1.756529447545326916e-02,-7.481777944940182223e-02,-1.272211607431373570e-01,-1.532511661794932756e-01,-1.458269858517061424e-01,-1.449326220213578431e-01,-1.078508784830834177e-01,-6.132555014073669958e-02,-1.190301478260063182e-02,3.315327910116100396e-02,7.783600696429079924e-02,9.872809943935408061e-02,9.957649450633171417e-02,1.016564252548198405e-01,7.715928711069489077e-02,3.158580421583717657e-02,-1.731913268653424015e-02,-6.307931211787555503e-02,-9.996062084703204176e-02,-1.311692592670184732e-01,-1.367420689521099408e-01,-1.324960896273272015e-01,-1.082945589667692610e-01,-8.277524326728871729e-02,-5.838575782088008259e-02,-3.761480826032600339e-02,-2.840864467448849656e-02,-1.755799012729478484e-02,-1.127997931147165130e-02,-7.151294252899942187e-03,-4.271151426887971961e-03,-7.376173768590608450e-03,-6.645954694521429007e-03,-2.125241611140648787e-02,-4.235014978830912297e-02,-7.291979494913049253e-02,-8.484325778436742349e-02,-1.246304743704382545e-01,-1.471493247962457618e-01,-1.901533421044551420e-01,-2.173321553766852099e-01,-2.464588178344729319e-01,-2.441657110182803847e-01,-2.172455450244306085e-01,-1.701807522580782162e-01,-1.113884235890635344e-01,-4.888524731063761952e-02,1.488054521353651509e-02,7.856357686604878432e-02,1.199164447199666528e-01,1.494872651144420750e-01,1.375316162848221613e-01,1.020509563501661859e-01,5.363018172249052473e-02
4.339034745350398015e-02,4.294924208948745770e-02,2.443686644838356792e-02,1.155683098118935083e-02,-1.155612248115555837e-02,-2.250872262268668877e-02,-5.363546682564261647e-02,-7.163669257928441392e-02,-9.210300880501086362e-02,-9.613577395463769604e-02,-1.383801022687819460e-01,-1.133521986080429922e-01,-1.395931848332549463e-01,-1.597551139188903291e-01,-2.156076654566563000e-01,-2.346933389658060753e-01,-2.482274470903327868e-01,-2.674742674706324652e-01,-2.573155667522829537e-01,-2.159249347441837275e-01,-1.754790567770229959e-01,-1.090698919145512980e-01,-1.106401010718181255e-01,6.172751546196454664e-02,9.555812810875539964e-02,1.214684718380246303e-01,1.422734983232705752e-01,1.270243502799629776e-01,8.779605245896665577e-02,1.775216018107893257e-02,-3.560436572839398295e-02,-9.549658327757541698e-02,-1.601286314238361541e-01,-1.840820985248950437e-01,-1.767820663838931272e-01,-1.205930345571120388e-01,-8.302194196571895113e-02,-5.224618207897663291e-02,-8.717482640512516645e-03,1.760702124612089844e-02,2.141651818314767655e-02,2.574620560613702282e-03,-3.667449500964544556e-02,-6.070842670161009924e-02,-1.213837507953585276e-01,-1.403810509773754100e-01,-1.266597911248922570e-01,-1.425792547404598209e-01,-1.619521115496546371e-01,-3.524819453335821529e-02,6.585347339576290426e-02,1.622727198969837470e-01,2.312751047100264634e-01,3.264707175701884179e-01,3.520997130254662766e-01,3.798585517247750620e-01,3.479064611469896984e-01,3.470655962216209756e-01,2.706391775157258595e-01,2.313160693883149766e-01,1.769274680987400206e-01,1.302132908634824338e-01,9.994215768214320672e-02,9.126497457654458856e-02,1.086036279607071192e-01,6.414109088035395423e-02,5.761241441108359840e-02,7.051001221951147535e-02,2.119544208921452996e-02,1.539879299835672857e-02,-2.281402281392114553e-02,-3.009704086038430745e-02,-6.704139904003525441e-02,-7.695859946364735915e-02,-7.983415386431680361e-02,-7.876453755953784219e-02,-4.883293963169511864e-02,-1.620658351010110382e-02,-8.712163826319630974e-03,7.175325802191821756e-02,1.092410397452692611e-01,1.384342772550361533e-01,1.600984971847442817e-01,1.607503096060645398e-01,1.368256244652250875e-01,1.072546918665987226e-01,8.276069654917610208e-02,1.034636318940467849e-02,-3.668165163006936735e-02,-6.066523805540408043e-02,-8.020445555097235890e-02,-1.152682054312748339e-01,-1.319196288898481506e-01,-1.290518484092520457e-01,-1.229182674955622834e-01,-9.634391151995311264e-02,-8.356524359200923069e-02,-5.882804374105700396e-02,-4.474547353185220205e-02,-3.095125181917887658e-02,-8.223870877741701682e-03,-2.203409810653123978e-03,2.272221097109913476e-02,4.044795288943732470e-02,6.268270653833554751e-02,8.966034519013039994e-02,9.473984383002083398e-02,1.036056870542845371e-01,1.074349996638315624e-01,1.135620333407085097e-01,7.756633421625440394e-02,6.730955676710555224e-02,1.710418206269503569e-02,-2.336222844789388048e-02,-8.401097359212843230e-02,-1.253874402141472444e-01,-1.787675208766752732e-01,-2.172016587880427341e-01,-2.344806317399209805e-01,-2.377912998209767148e-01,-2.316902951912724884e-01,-1.921030517621439559e-01,-1.675208457677296314e-01,-1.129079264109537351e-01,-7.751848906961331109e-02,-2.060932551417528694e-02,1.567072581157365543e-02,3.175623587592546482e-02
2.019488502556888720e-01,2.355121530722903977e-01,2.536126673561198142e-01,2.505886800830326999e-01,2.171944666830395165e-01,1.635441096562000873e-01,8.883619718440785573e-02,1.477212869698005075e-02,-5.348641855432431647e-02,-1.039794487939447593e-01,-1.501795377589605351e-01,-1.581115271829667823e-01,-1.575052392106872645e-01,-1.312750160024618862e-01,-1.115022624304098792e-01,-8.564267531537299305e-02,-8.009071629314548635e-02,-8.260226009052078211e-02,-9.647627322378293790e-02,-1.186267020410668310e-01,-1.358456008490697142e-01,-1.570755777965854860e-01,-2.039736436735971603e-01,-1.884679046974939154e-01,-1.879909818720871262e-01,-1.721970205381451735e-01,-1.454258522696725842e-01,-1.184292636692832468e-01,-9.513282586711183098e-02,-8.411824866191129624e-02,-8.234340527470189464e-02,-8.992287861668980808e-02,-1.053416443844819306e-01,-1.207778613515607807e-01,-1.286171467998505347e-01,-1.144939694433842747e-01,-8.280487988338937344e-02,-4.079353392060716677e-02,1.947457481392940448e-02,8.828758212331472288e-02,1.464479483611795807e-01,1.912393001041451102e-01,2.181722237004834752e-01,2.379477578385419123e-01,2.409534663148007183e-01,2.410751688627320866e-01,2.283050794756240898e-01,2.034049152033926278e-01,1.557959032680566736e-01,1.499460448476889751e-01,1.288759438490538201e-01,1.083715449949378823e-01,8.600113377065635167e-02,7.356711520719355635e-02,5.422336781066398881e-02,5.136019720883702733e-02,4.161133891774394800e-02,4.220195452751768911e-02,4.011243279303720877e-02,4.263360533976299355e-02,3.816880881554446381e-02,3.622486929372139425e-02,4.341746796664827657e-02,5.262887168888271544e-02,6.045493182421007861e-02,5.202143964770581525e-02,3.942891215384672354e-02,1.360173658222968776e-02,-2.525851836260283381e-02,-6.898134487914193980e-02,-1.069589248952470262e-01,-1.341465000386501127e-01,-1.377175203078788712e-01,-1.194254763636661693e-01,-8.588240653782613920e-02,-5.318599345388982241e-02,-2.445070885415111944e-02,-9.427171495653552738e-03,-1.855167132538424607e-02,-4.122098349944240681e-02,-9.211869121539977001e-02,-1.494914007471499773e-01,-2.078826669304431607e-01,-2.529198325887738186e-01,-2.782566864733329592e-01,-2.565652136688772456e-01,-2.138467541246813208e-01,-1.367880996613255462e-01,-3.768519391293139592e-02,7.261729236432229451e-02,1.669962053161621607e-01,2.486214118716358890e-01,2.898091812304885440e-01,2.950950622730480477e-01,2.487693299954925330e-01,1.752549976927721409e-01,7.800859921501741845e-02,-1.736499415802960147e-02,-9.553011280263727645e-02,-1.507059370318556690e-01,-1.706283508161781093e-01,-1.525700340699923663e-01,-1.124402958917464501e-01,-5.505084845249783032e-02,-8.416510059111332459e-04,5.174056199458076238e-02,8.961522036127608781e-02,1.148937588464310350e-01,1.222139225739612561e-01,1.209686715392097323e-01,1.013079859833380808e-01,8.308229092699710716e-02,5.515088556224450461e-02,4.396000080615090205e-02,3.567611496058105403e-02,4.251214271190876387e-02,4.630975157404828429e-02,4.928344716107686124e-02,4.312139991048935528e-02,2.855690847249635692e-02,1.575360370746712452e-02,-1.909079922481478949e-03,-3.481047019966031675e-04,1.266082654223291484e-02,3.564296828922290661e-02,7.497236065796381022e-02,1.179822177141664347e-01,1.579493390907095174e-01
-1.532741819767185765e-01,-1.122333539241910094e-01,-7.373174941684225436e-02,-3.351129201393532320e-02,-4.073218276863329983e-03,2.932781651814356932e-02,4.522874404950441574e-02,6.083927359225890785e-02,6.911507513478701292e-02,7.508101207242126596e-02,5.308744635779420046e-02,6.800174189872078279e-02,5.877955195839025537e-02,5.467077814703993205e-02,3.102470078227647157e-02,2.584562371752812185e-02,1.504653630149336944e-02,-8.679065372590671554e-03,-2.794485642684286369e-02,-4.672146747615262691e-02,-7.627356437007538903e-02,-9.870601256534351775e-02,-1.699470633999685398e-01,-1.243789551224763479e-01,-1.479135212923136933e-01,-1.652157079736769341e-01,-1.677158940800252684e-01,-1.724942434407883696e-01,-1.653935382379433938e-01,-1.624407162046663800e-01,-1.407026990166756197e-01,-1.199742312563670948e-01,-1.071521347314095818e-01,-9.248385039878603830e-02,-7.706668273377460798e-02,-5.495920757561279651e-02,-4.399628713661203616e-02,-3.631722369599078848e-02,-1.747993546462704717e-02,4.746549711612803486e-03,2.308518537357682338e-02,3.169637526076551914e-02,3.165459891496313904e-02,3.977028632085879284e-02,1.858075328562331860e-02,1.344276982761697867e-02,1.462529398425133596e-02,-9.275803268536516807e-03,-5.709202568225761609e-02,-1.979154708718489780e-02,-4.629596159217993535e-03,7.573619137714509252e-03,5.395339579650227854e-03,2.972633306676278342e-02,2.464521627141072133e-02,3.375825154749816787e-02,2.419407399213157478e-02,3.269981604971766709e-02,-2.418067307630764051e-03,-1.728804909221807670e-02,-3.452590793433547856e-02,-4.948812533622869853e-02,-5.597831664673709462e-02,-5.310355949416406540e-02,-3.562336984492439629e-02,-4.921263546082615958e-02,-3.774663703633927836e-02,-1.714902997487928113e-02,-2.202369197517503596e-02,-4.528875171645227460e-03,2.009802120614546765e-03,2.076965015885373286e-02,2.724084692571334537e-02,5.035376510683033102e-02,8.387180416524173121e-02,1.094319086330980406e-01,1.429272752393888068e-01,1.754117499017424642e-01,1.863085883640413221e-01,2.218755082874806495e-01,2.297007884538983524e-01,2.247380882917689171e-01,2.183925985498725575e-01,2.054670866784293892e-01,1.911388256145452325e-01,1.843792997369785025e-01,1.936839501614653070e-01,1.792873094988613469e-01,1.910853581817698599e-01,2.185254142422992374e-01,2.517847716162095462e-01,2.708842501566447458e-01,2.850692373957219861e-01,2.923117720052033630e-01,2.813316386314362316e-01,2.619763238742747191e-01,2.166523464740461868e-01,1.631315765971367571e-01,9.246812497881573556e-02,1.466106987935551775e-02,-5.775062863842807953e-02,-1.383056285887222514e-01,-2.037242119532093887e-01,-2.567717609795945322e-01,-2.899892484644880919e-01,-2.983721929480489532e-01,-2.936297600736077484e-01,-2.695668505153963612e-01,-2.423309888899660147e-01,-2.010085860841742678e-01,-1.793472408361518333e-01,-1.305039787806915597e-01,-1.055537658836606663e-01,-7.607399528417169154e-02,-6.565620478864418741e-02,-5.982800423682493873e-02,-7.878294826768565684e-02,-1.004316531825643760e-01,-1.268683853115186166e-01,-1.525524975855207799e-01,-1.780752568407222014e-01,-1.885739679047973849e-01,-2.054234314025008556e-01,-2.128466694733691100e-01,-2.267714685772093952e-01,-2.218169814869371259e-01,-2.104383145279721257e-01,-1.897760488008902180e-01
-5.918070140295735027e-02,-2.004313358004320561e-02,8.323297816344400399e-03,1.940365049207557965e-02,1.609896964235669331e-02,-1.890749961210147143e-02,-5.596725886847881554e-02,-1.046201767089336293e-01,-1.430052146639130828e-01,-1.703215231826882836e-01,-1.655270718645548977e-01,-1.628237545846868140e-01,-1.223283959603571752e-01,-6.922026632462328910e-02,-2.429427298424974464e-03,5.233459487386044051e-02,9.900516519524932280e-02,1.441234090066056683e-01,1.653402350313281088e-01,1.765946362385628909e-01,1.817242602753285363e-01,1.867264968016524862e-01,2.095309088667940134e-01,1.709687168817010383e-01,1.775413282399419534e-01,1.815920795839302548e-01,1.787195852892190240e-01,1.835796446399812210e-01,1.846203300366242306e-01,1.799009400787541235e-01,1.451715736305801974e-01,9.890943457694319207e-02,5.672200195373106046e-02,-6.664352421930596487e-03,-6.448727767809135647e-02,-1.142622365102939630e-01,-1.281361414542061261e-01,-1.310188985316883548e-01,-1.285286215742263982e-01,-1.185057043774383340e-01,-1.026276177751527102e-01,-8.370693085126033883e-02,-6.614658236772512356e-02,-6.626487710503946305e-02,-4.446713146096247654e-02,-3.796121224146864481e-02,-3.608931457668684145e-02,-2.237989342596112194e-02,9.415222089328114568e-04,-2.407157180494996773e-02,-3.874165229735811178e-02,-5.195658565927757655e-02,-6.023180758788596739e-02,-9.647602525658628692e-02,-1.064335532592594058e-01,-1.272911747055384679e-01,-1.304489068695975362e-01,-1.435796398308205601e-01,-1.209913972019532602e-01,-1.133813537739711136e-01,-9.434398150295829344e-02,-6.843437548241754209e-02,-4.351689712189645703e-02,-2.567738851833788194e-02,-1.889525864445813774e-02,-7.991377314001140222e-03,-1.590606051423539002e-02,-3.759131352186334540e-02,-4.012453639483178763e-02,-7.202059438881298903e-02,-9.147587647776719844e-02,-1.204746539928094745e-01,-1.192038803915385081e-01,-1.080004019661956055e-01,-8.635943188626805933e-02,-5.828154241562296528e-02,-3.669865734402123769e-02,-1.842963267604427746e-02,1.691263809107592699e-03,-2.379197418594440269e-02,-4.260632376157250795e-02,-6.553283046146857194e-02,-8.819530555066391886e-02,-9.804635969596470213e-02,-9.304488379694558775e-02,-7.399788493831921388e-02,-5.152654770591617167e-02,1.849955325080256119e-02,9.079043098490377495e-02,1.503452069658235413e-01,1.978159029946899294e-01,2.412003041736525966e-01,2.607273535957023713e-01,2.442828491883199116e-01,2.098823679312339652e-01,1.541075584593312731e-01,1.106009946951542477e-01,7.140255376423192135e-02,5.356331681587454124e-02,6.611770614759460152e-02,9.520173732067399586e-02,1.547833381708964839e-01,2.108281662201615392e-01,2.607007989596443753e-01,2.841609110954068651e-01,2.771414961392603127e-01,2.459062598524300869e-01,1.878439895299363616e-01,1.152706909383670181e-01,3.241189157117510544e-02,-3.324663575754346900e-02,-1.118412715719556833e-01,-1.630616083197865829e-01,-2.092606062494696550e-01,-2.332965955780741951e-01,-2.492275211712942640e-01,-2.425147526680790921e-01,-2.326031658424899673e-01,-2.240516734728452697e-01,-2.167426178061327979e-01,-2.082677922322619390e-01,-2.132929496442021178e-01,-2.153507863814056733e-01,-2.182734203914928617e-01,-2.061335054469075612e-01,-1.921211023074494151e-01,-1.530095868554695038e-01,-1.066077737804722453e-01
2.347723895086537352e-02,2.123767812849001665e-02,4.244211173960932282e-02,6.539671336111782529e-02,1.055584277798797405e-01,1.231724414786539434e-01,1.588553785793229145e-01,1.395791508893341748e-01,1.123685002130166422e-01,4.292401634039454822e-02,1.162415461524328973e-02,-1.107609402320285791e-01,-1.756600790240642196e-01,-2.317328630583966043e-01,-2.164102834108948548e-01,-2.050046647405097677e-01,-1.457011834433931674e-01,-3.549261104584725685e-02,6.510722828342460633e-02,1.428069212481167249e-01,2.175570492077115725e-01,2.450913487472343166e-01,3.413715052195669397e-01,1.274589869504052231e-01,4.933789608190848608e-02,-5.856525241078687494e-02,-1.786001920522383157e-01,-2.600206282448621620e-01,-2.901210192227702822e-01,-2.538918065365208809e-01,-2.059711278807182244e-01,-1.174126135019406825e-01,1.160242438423101166e-02,1.264280051692612816e-01,2.283925972619031963e-01,2.559866698591051759e-01,2.790246507936031128e-01,2.636799443442697788e-01,1.866570531542335598e-01,9.760048958116576689e-02,1.027608826679270691e-02,-5.313819339543620485e-02,-8.212725766753962986e-02,-1.140961383159523196e-01,-6.655459929031988520e-02,-5.183612222120602409e-02,-7.364249760409034840e-02,-3.738238466917522679e-02,4.875810481441791161e-02,-6.647286162347108840e-02,-1.075871964921451401e-01,-1.252522804740303364e-01,-1.044303729871609993e-01,-1.312301490366603873e-01,-7.690086802585240078e-02,-5.397120481647214862e-02,2.895898894724468001e-02,4.357648536278026924e-02,1.420299194410736543e-01,1.617583011927817560e-01,1.738718086835636112e-01,1.517428299483633281e-01,9.496146465649851764e-02,9.790670353705779524e-03,-8.357054179203793343e-02,-9.119353860991652461e-02,-1.191520769471976909e-01,-1.463684133273315258e-01,-7.077598293402428964e-02,-3.697685343809257313e-02,4.031859951539814441e-02,7.204778405662169705e-02,1.217050175292089670e-01,1.201601466880361097e-01,8.646655193806571105e-02,4.224231455335107632e-02,-3.400382424304691786e-02,-1.089107205885944951e-01,-1.317127398480684164e-01,-2.173787731748970109e-01,-2.203337341894552603e-01,-1.917367823459177889e-01,-1.421592374985897744e-01,-6.813896201156539878e-02,3.346528668378914717e-02,9.797845893560386266e-02,1.381141894031645279e-01,1.970408650217509716e-01,2.067366190574215501e-01,1.704352649994974322e-01,1.190353381533228311e-01,7.751308775721528488e-02,2.980046863275071650e-02,-6.017317001569817518e-03,-1.330099615639999087e-02,-2.467215880345761600e-02,-1.056120953569188864e-02,-1.011024076446777852e-02,-1.215492131726458175e-03,-3.921496483685379952e-03,-3.237798601067935073e-02,-4.937025985895442809e-02,-7.092695750722483039e-02,-6.899192784845104010e-02,-4.576006983646272591e-02,-1.068825135233620639e-02,4.774228595784137108e-02,8.523244289801858165e-02,1.140732985190871657e-01,1.087609382566474547e-01,1.283417076386865752e-01,7.920565056237102719e-02,5.930420454935075164e-02,-8.337548458333629911e-03,-5.008808924175919136e-02,-1.195430976945460189e-01,-1.432594914919631812e-01,-1.690891212807939525e-01,-1.599990663279021730e-01,-1.389169530020737953e-01,-9.815607610315997544e-02,-6.913349153683970294e-02,-2.803688909799479517e-02,-9.132748050422134778e-03,3.073728455151466046e-02,2.990630863102299378e-02,2.985163023500708723e-02,3.287060006806619139e-02
2.776179300008050355e-01,2.320379760811880632e-01,1.872583418363558405e-01,1.444885711829942965e-01,1.065966599309726703e-01,6.821119053477101013e-02,4.261599483533320964e-02,2.162046076819159821e-02,1.677128329564408354e-02,1.325059669556008339e-02,2.044514101199367689e-02,1.901633556174183587e-02,1.680526334220821053e-02,5.466768252542679798e-04,-9.321171840367965811e-03,-3.011650478636648115e-02,-4.219167322854630586e-02,-4.185064843761153452e-02,-3.901118690045528997e-02,-3.477587942415166083e-02,-2.451433275772501447e-02,-1.581819437048734983e-02,6.182321965851597656e-03,-3.613236389569090233e-03,4.222957923179468040e-03,1.186105498526958228e-03,-1.562912621792739848e-02,-4.170612874781232104e-02,-7.792810620944026767e-02,-1.144759119654516627e-01,-1.578018605457159607e-01,-1.898431358248768019e-01,-2.077674473516296083e-01,-2.186288297351949017e-01,-2.191834940086946903e-01,-2.160422369237082196e-01,-1.998877015410029934e-01,-1.770891685326949627e-01,-1.687861597627554611e-01,-1.660109399625565307e-01,-1.694735738575264827e-01,-1.706622964787455898e-01,-1.691007774411987241e-01,-1.690041142117269246e-01,-1.527326074096922726e-01,-1.480928816972930384e-01,-1.439433016361204576e-01,-1.256231790844702934e-01,-9.357040154721292524e-02,-8.120626957534379797e-02,-6.480978373201674858e-02,-5.327434208792788256e-02,-4.298762083903644171e-02,-5.601633976441656310e-02,-6.591972231177210817e-02,-9.597334019286951623e-02,-1.194770805208010683e-01,-1.479226331627120639e-01,-1.470571772979009650e-01,-1.414643984167186508e-01,-1.168208624400769446e-01,-7.814499339057613680e-02,-3.247110135091337696e-02,1.463695383814301101e-02,5.360817372397374408e-02,1.043080789513717577e-01,1.327731140084001116e-01,1.477930721632872424e-01,1.728841481178683692e-01,1.738186547963501971e-01,1.756336000878420678e-01,1.709927055484133374e-01,1.682631765846950844e-01,1.653774525190761513e-01,1.630099613553682714e-01,1.650650634260514837e-01,1.632492746059296396e-01,1.650565501921238687e-01,1.747897087513703429e-01,1.668588494260689059e-01,1.655527134117794064e-01,1.659652278993471175e-01,1.666270118147864521e-01,1.719611017313831258e-01,1.814848918946219691e-01,1.890441093860047994e-01,1.913175956264339117e-01,2.070263636479543201e-01,2.120215939381252801e-01,2.017952089391092663e-01,1.829547115591041440e-01,1.601696778077274230e-01,1.331653993713264039e-01,1.039591024262676577e-01,8.196608121330746510e-02,5.283824502513771032e-02,3.232132447617624277e-02,2.153758259575243306e-02,2.355598904776399008e-02,3.780612205576880380e-02,5.092288383833921961e-02,6.441516538623640042e-02,8.161367091806490115e-02,1.042334866901855062e-01,1.358422277621231800e-01,1.599716524200437695e-01,1.723281272380481344e-01,1.662060104591279730e-01,1.487738998813248614e-01,1.192065799645719848e-01,9.707848027867449492e-02,5.465801333728481648e-02,2.465438320685460830e-02,-6.267442791197055593e-03,-2.480828563318852181e-02,-4.090031926938508811e-02,-2.747940214089118413e-02,-5.821152836015197835e-05,4.254249914352453699e-02,9.251807122054278576e-02,1.526645340370874349e-01,2.012578283070450558e-01,2.508323855082832954e-01,2.886521585640492993e-01,3.216735779361744596e-01,3.332583146916649475e-01,3.307450018363937150e-01,3.118937924745047718e-01
5.755991926082200394e-02,6.741206148952560984e-02,8.518546614903028946e-02,1.044162637737464094e-01,1.235420803339720430e-01,1.451310743271681247e-01,1.726699083871526819e-01,1.840732538861515610e-01,1.843963056360886921e-01,1.535695697832620277e-01,1.083743562678991801e-01,2.480141806100924495e-02,-6.156827873183108590e-02,-1.546514756540811053e-01,-2.303278666154012777e-01,-3.056832907710749225e-01,-3.527502709162257943e-01,-3.667671553747050561e-01,-3.510165757361801142e-01,-3.110845191371255369e-01,-2.428865987319782926e-01,-1.705470684743504994e-01,-6.767149358316702779e-02,-3.274817967297657950e-02,2.810194052313899279e-02,6.601467944512910691e-02,8.598736702602337301e-02,1.007620353389314660e-01,1.069492241577785357e-01,1.128815379943994002e-01,1.113962002491839381e-01,1.210512719484566901e-01,1.443261501211022813e-01,1.652022364705243718e-01,1.760623041773368425e-01,1.664811699192144112e-01,1.511478539353430239e-01,1.216871781880732306e-01,7.041617308995216928e-02,9.349649084872908855e-03,-5.116701252543134210e-02,-9.911153956242989282e-02,-1.218090701816898214e-01,-1.196559240112467365e-01,-8.186662855481366408e-02,-3.179777556658971299e-02,1.994226655044467264e-02,8.794212604633094843e-02,1.640202496213039873e-01,1.745489012883797431e-01,1.754180010103258414e-01,1.570333913887324573e-01,1.197987646076164453e-01,4.245341989298433844e-02,-2.571319835068820031e-02,-9.918791265157368697e-02,-1.452698961903714503e-01,-1.829806297176933549e-01,-1.822985850220464332e-01,-1.713797341436999466e-01,-1.329436776517146646e-01,-9.497585755523554885e-02,-5.530935513542920012e-02,-2.198625614732105035e-02,3.561112556522121313e-03,2.861661603291550462e-02,3.240653470330456115e-02,1.942435141629850204e-02,2.109111042075483694e-02,3.386878630129445435e-03,4.630424779217451152e-03,1.957792116823465697e-03,5.629806287701921534e-03,1.048865329618543264e-02,5.147743731119409569e-03,-5.056532229404344346e-03,-1.974499927672803204e-02,-4.175493646029371231e-02,-5.001165826865027614e-02,-7.116018027269531421e-02,-7.582756940884799457e-02,-7.729273441973934233e-02,-7.803605243437776451e-02,-6.931009927553447025e-02,-5.338977609281440884e-02,-4.783825166789591049e-02,-4.344196059362305518e-02,-3.305604548790359865e-02,-3.008212228181444958e-02,-3.171567717449433332e-02,-2.871827914050625874e-02,-2.362034369710066736e-02,-1.077447895610749752e-02,1.734417266941993066e-02,6.218808872733287002e-02,1.082208399517802233e-01,1.601465326519622145e-01,2.077468114330552895e-01,2.478148258543280691e-01,2.662593554144348507e-01,2.550007216262024090e-01,2.234532021113178335e-01,1.655597373279669715e-01,9.271075692373413613e-02,1.751358197055930335e-02,-5.564691597235891379e-02,-1.150426114762697488e-01,-1.640166387943027548e-01,-1.969643358574931225e-01,-2.185366440592494963e-01,-2.129334692548941754e-01,-2.043974984391302430e-01,-1.703800360748936316e-01,-1.391605652603419285e-01,-1.070498113476309326e-01,-8.551436978134657751e-02,-5.201623473759740129e-02,-2.638474832616289831e-02,-3.963610033484261594e-03,1.263955289461849048e-02,2.997141320998917766e-02,3.686833309915772683e-02,4.400506241243797023e-02,4.450026714152806318e-02,5.446027470421165723e-02,5.652693381914654369e-02,5.530523660017022669e-02,5.614835033688379828e-02
9.306355940245194733e-03,-2.277843728539320073e-02,-6.582371077300722129e-02,-8.606047756310232499e-02,-1.114974416826025189e-01,-9.194616983209621952e-02,-1.015560139465309375e-01,-6.854402883125501611e-02,-4.878820513569184780e-02,-4.777090096994734622e-03,-5.047383817146549462e-02,3.700824854779255491e-02,3.380004923034908570e-02,4.685177022350551362e-02,-6.588338232819707097e-03,4.632411949000930264e-03,-1.145569840576729503e-02,-5.417460520248155997e-02,-7.225697196929550814e-02,-7.007451193299259196e-02,-8.347097859745696014e-02,-7.734137277039719593e-02,-2.452121194897614598e-01,-2.307912709109955635e-02,-4.938272717850979154e-02,-5.704602145332756530e-02,-2.999913882445068292e-02,-2.771449135866745420e-02,-2.715744859649679710e-02,-5.575098313641217718e-02,-2.934634882390381797e-02,-1.997834541100907899e-02,-4.330718186539669889e-02,-2.746423664265886314e-02,-5.111404245208166219e-03,6.708650804771877640e-02,8.608305174999693332e-02,8.541388175686689954e-02,1.098649672626584861e-01,1.268608746615558780e-01,1.334579711902783850e-01,1.222716588928621090e-01,8.595550525318920720e-02,8.525135937503904027e-02,5.054445143190045182e-03,-1.267455630132941456e-02,-1.312391640133263662e-03,-7.428383754482446866e-02,-2.232706489054032684e-01,-8.212606315595299966e-02,-3.313381466993287061e-02,-1.342562833732633115e-03,-1.524833807707664211e-02,6.260077018773287094e-02,3.614485046136416135e-02,6.723143932152374214e-02,1.657303200527309242e-02,3.702944840174381830e-02,-8.025367917788826799e-02,-1.263039655549898221e-01,-2.061361815649923601e-01,-2.739017782875264873e-01,-3.204430029567712501e-01,-3.240976294061989615e-01,-2.851459058734083785e-01,-3.388025843867418785e-01,-3.055786292491843303e-01,-2.215061046604597239e-01,-2.412065921361262189e-01,-1.792399598584576981e-01,-1.859074080858250377e-01,-1.572088486273253705e-01,-1.921350567633348105e-01,-1.958926634713298864e-01,-1.986922178183642140e-01,-2.121403527249063892e-01,-1.946292473650977906e-01,-1.739501982016744552e-01,-2.034100708707187732e-01,-7.132497033019981336e-02,-1.029285749273955303e-02,5.280301425039177210e-02,1.229083851778562803e-01,1.631463677787411692e-01,1.674820932853402222e-01,1.826203524654548827e-01,1.985446273331056555e-01,1.260333428798114386e-01,7.573011165855966786e-02,7.029154556066644077e-02,7.009778172155005371e-02,4.797938849898902847e-02,4.774176631362729573e-02,7.851280959508567803e-02,1.084374394238264011e-01,1.715808828247154250e-01,2.042451916006366719e-01,2.336370795332644579e-01,2.321670293205992108e-01,2.104394152831298437e-01,2.003878792974923551e-01,1.587251221143600177e-01,1.409070859046912261e-01,1.124648205412111940e-01,9.472670970760509179e-02,9.882707312445206116e-02,1.015490496663489922e-01,1.414564148078929495e-01,1.809933506973673001e-01,2.416519687961980467e-01,2.293086731469916595e-01,2.862729668026440799e-01,2.599380702180977276e-01,2.553989242286736627e-01,2.011097790025315191e-01,1.835405464893336835e-01,1.180548799025397805e-01,7.207861392520879817e-02,4.126972180724695211e-02,2.094452988354875839e-02,-6.243367952558545597e-03,9.778435215070969966e-03,5.349230078779144623e-03,3.761723410317732719e-02,2.408498189208655230e-02,5.341654900260933009e-02,5.636032423268990538e-02,3.080367090495494953e-02
-9.828628087103882804e-02,-5.924433990978698189e-02,-5.878276780899188182e-03,4.566279961038031271e-02,1.095306483216912791e-01,1.559052828240413968e-01,2.153902970495441271e-01,2.386067345575386689e-01,2.593746792083179153e-01,2.481760561336301685e-01,2.757640174295596935e-01,2.118628988444567207e-01,1.882045909130864447e-01,1.531010921383438583e-01,1.535000045389449397e-01,1.213561582687848195e-01,1.114270614683547100e-01,1.258729620296392959e-01,1.335257974247018031e-01,1.281278544652277029e-01,1.297216239268840499e-01,1.117293605499908027e-01,1.773734635997655518e-01,1.394596905489343779e-02,-2.177604749440704979e-02,-7.305403739056973156e-02,-1.414519219223125679e-01,-1.936027447392306144e-01,-2.334668599026466784e-01,-2.426124681473742495e-01,-2.618914597593315352e-01,-2.608913855338378940e-01,-2.312477010561787560e-01,-2.147138789840698780e-01,-1.968742950211392340e-01,-2.155464371577461569e-01,-2.134535831117450044e-01,-2.110228678546707537e-01,-2.283643861491591320e-01,-2.365407143490785846e-01,-2.219492628678606527e-01,-1.857714340052956103e-01,-1.290688910537451661e-01,-8.962883433558727075e-02,-8.033143596255164567e-03,4.105765189670763232e-02,7.535646034814715011e-02,1.516868589203947404e-01,2.702553646421228528e-01,2.173151370548817851e-01,2.120602948446529967e-01,2.077791031684903811e-01,2.187318712574526092e-01,1.760376370521102851e-01,1.800357045057078553e-01,1.424708017319001319e-01,1.384536851421726278e-01,8.531199649920921668e-02,1.013229350589364280e-01,8.326723617578937753e-02,9.299263302262114617e-02,9.741669350659681870e-02,9.215475232923006632e-02,7.542468504208985070e-02,3.906519866880636682e-02,6.630253408059290365e-02,4.704265633001097902e-02,-4.435796484053046440e-03,1.146758486617516573e-03,-3.210131668012820155e-02,-3.267613461778556133e-02,-5.634112303580528225e-02,-5.880967338000746975e-02,-9.160659453636750549e-02,-1.318768831000506347e-01,-1.568422907820581358e-01,-1.785708176829042260e-01,-1.810527959934400966e-01,-1.341651657404580034e-01,-1.544147489200577705e-01,-1.267981506764954691e-01,-9.765297893554959752e-02,-7.716472069644313148e-02,-5.065811154090767848e-02,-2.209001027199601272e-02,-1.861998832013862792e-02,-3.799958746721616293e-02,-2.692980247066175184e-02,-4.252126590286914309e-02,-6.932778676979019228e-02,-8.119317104261898621e-02,-7.094917548020608644e-02,-5.367458176369255957e-02,-2.710808153725838276e-02,2.487966782303409688e-02,6.647448173176774555e-02,1.259090807419446512e-01,1.716208698672191113e-01,2.106139346390746292e-01,2.310630993299466196e-01,2.271874950562017825e-01,2.268558544213456762e-01,1.964719691610912755e-01,1.602142817102753802e-01,1.206923724210331450e-01,7.227467887450454709e-02,4.289647797915331628e-02,1.094638930118593638e-02,-5.526825362097242782e-03,-3.153860739951454967e-02,-1.144878477179937099e-02,-2.597950951598015229e-02,3.138682003651277041e-03,1.068930500084380730e-02,3.640723661703054032e-02,3.092970525934117185e-02,4.669012907332630719e-02,4.668593643058720211e-02,4.555393562965527610e-02,3.723092424918111876e-02,2.804783207611621573e-02,-8.662118068051529590e-03,-3.489119498708871669e-02,-7.786944081737166845e-02,-8.921829861313733401e-02,-1.183390809269338206e-01,-1.341153806335203258e-01,-1.181463654065136315e-01
1.690102234724073227e-01,1.531472509950178307e-01,1.284642502215127546e-01,9.511769038726829162e-02,5.764560990739964891e-02,2.084767409611127179e-02,-1.892255704456787327e-02,-4.847078721196332318e-02,-6.603062693484143542e-02,-5.423305321153316927e-02,-3.936125785378852271e-02,1.041342364119791919e-02,5.309980353536167264e-02,1.097947390535008588e-01,1.529692757940523118e-01,1.942024538979557347e-01,2.151483811306872107e-01,1.854089720398969798e-01,1.406162565598838288e-01,7.298224144830858795e-02,-8.038265753167413152e-03,-1.048708824116317967e-01,-2.247476178406292990e-01,-2.691652209401635965e-01,-3.111745664472250206e-01,-3.104741435630019031e-01,-2.555152518733014855e-01,-1.681573615777954833e-01,-6.510665386378163000e-02,3.605694014736368636e-02,1.222441365798521556e-01,1.734789961393856383e-01,1.967339589110508602e-01,1.814902193906588190e-01,1.383570102012105507e-01,9.724528775197519015e-02,4.540037047629510991e-02,-1.591574029147908810e-03,-2.408880421381978318e-02,-3.208504659487294852e-02,-2.749090018865162771e-02,-1.923121433763286953e-02,-1.793011808449668579e-02,-1.756410601761119669e-02,-4.406707336953905735e-02,-6.412954294044895254e-02,-7.630464371581444083e-02,-1.017997682737465243e-01,-1.380721228700341474e-01,-1.140663156305039144e-01,-9.862659256302869215e-02,-6.843041978490080335e-02,-3.046793971865133233e-02,2.572988594354292183e-02,6.530228140294058736e-02,1.012919673499669548e-01,1.014185591461667507e-01,9.847990010587405474e-02,6.200569673526237779e-02,2.334004664873586682e-02,-1.608315641032327659e-02,-5.205362415799140441e-02,-6.456961877823559626e-02,-5.221282554206388427e-02,-2.220468800826135708e-02,1.091350492095353140e-02,7.115454093804553237e-02,1.396584129344481395e-01,1.844510599604444745e-01,2.106682851041543070e-01,2.009918625832607941e-01,1.711302603211955486e-01,1.105400255340826809e-01,4.945744457338591138e-02,3.760464361522426399e-03,-3.704349540422163106e-02,-5.667042154671074472e-02,-6.546398450073565023e-02,-7.035051353641298688e-02,-3.683966994907811321e-02,-8.263168043516200614e-03,1.367464810307332523e-02,1.552443372699558247e-02,-2.884760212050276312e-03,-4.790121889917423742e-02,-9.616742271049034951e-02,-1.499529484601941631e-01,-2.004412647510529777e-01,-2.281186629138000910e-01,-2.321604984023077911e-01,-2.076178582818729579e-01,-1.516101663403225663e-01,-7.693401976680229459e-02,1.581710877251146091e-02,1.078941604758289763e-01,1.889511350646587706e-01,2.302644146684748871e-01,2.406606861847929990e-01,2.211237074062591124e-01,1.813279480497389795e-01,1.279622942567005817e-01,6.969768811011406440e-02,2.072000339757432488e-02,-1.567566848174885979e-02,-3.453709478501547359e-02,-2.565133268041961193e-02,-5.662079649188222694e-03,2.902908197577507010e-02,5.618285639246465429e-02,7.464212348118744178e-02,7.352522219376819712e-02,5.402866496049545803e-02,4.604155776985238702e-03,-5.581046905657505858e-02,-1.220541813786040902e-01,-1.834429797399735884e-01,-2.276163484810132531e-01,-2.482171506231322378e-01,-2.467326214106165816e-01,-2.296532665649876903e-01,-1.887792117871604780e-01,-1.326940701677696288e-01,-7.020353333905120230e-02,1.395996616078964145e-03,6.340465384280441485e-02,1.203345255840950617e-01,1.596331625803334431e-01,1.682561316541574536e-01
2.812789966181925699e-02,2.213224480334422331e-02,3.808229309138271707e-02,2.455802202016118402e-02,4.680256719701284679e-02,-2.287597143544903983e-03,4.642543002992678691e-02,3.407390689478845269e-02,6.212386591259143331e-02,4.700961423480193996e-02,2.074240099421479078e-01,6.105354497583026507e-02,8.309461938563877936e-02,4.181720686665253012e-02,1.352812645782874301e-01,7.884555181490052189e-02,5.542283246910587047e-02,1.054179921633718459e-01,1.034327002011073277e-01,6.429687565218743239e-02,1.018205853849863673e-01,1.108049050511985406e-01,5.093463941299652964e-01,3.916575303952635895e-02,1.260509500594652610e-01,1.593672890568423872e-01,1.243271752631773391e-01,1.304581555476064247e-01,1.347991598902292532e-01,1.984730981444070008e-01,1.418230445239605786e-01,1.088855655197155936e-01,1.703565362665017680e-01,1.756180247620084123e-01,1.870547178023906909e-01,1.037965484846938152e-01,1.342703060410048721e-01,1.946551450898029445e-01,1.800932121969428534e-01,1.702842203233588814e-01,1.597311829307864195e-01,1.662204605439153160e-01,1.919539552050071596e-01,1.174095137343133255e-01,2.020384942104037906e-01,1.546506581899292354e-01,5.609788623198141283e-02,1.610674390909888620e-01,4.816620673566451294e-01,1.706812193329871330e-01,9.569597997520504218e-02,8.076685614415698988e-02,1.794592395690710052e-01,8.699459823388437651e-02,1.882131234351674121e-01,1.298909065265010376e-01,1.847774900253487118e-01,3.184174397830998038e-02,1.500910673728919897e-01,1.007038420885267571e-01,1.142496032981632353e-01,1.268311508501686058e-01,1.232989274212273612e-01,8.005674389221958953e-02,-5.936086200357688913e-03,1.482107644409512981e-01,1.390884407200767559e-01,3.704397274142356283e-02,1.545422913481153959e-01,8.205406827657583946e-02,1.267089629334870182e-01,6.111097626439165181e-02,1.104636690458235537e-01,8.867515169554818222e-02,6.250599537437832864e-02,9.853866851836973195e-02,7.938322568113262423e-02,9.058211714245104074e-02,2.351249257401917536e-01,7.819283732806700526e-02,9.531624281374102836e-02,1.087665475052479458e-01,9.746074238534568890e-02,1.038727414510228486e-01,1.373852427460944825e-01,1.043294884151463042e-01,3.575413368483741638e-02,1.254344506629648526e-01,1.494766649104719014e-01,1.033915845789672577e-01,6.601384006979220398e-02,9.585424112359187954e-02,1.138368479183825693e-01,1.049807337330121021e-01,1.276334562599050482e-01,8.381756276458389443e-02,9.184357568909631842e-02,7.716928130781929018e-02,9.971410152623196022e-02,1.209921987113785902e-01,8.287178936427981590e-02,1.063310545161963577e-01,7.513468351579762061e-02,6.810862271736081719e-02,6.865994626934719680e-02,6.052625333976547478e-02,9.887416798432034637e-02,8.525480094821534516e-02,7.074133952913597145e-02,1.099619990223880441e-02,9.806125423364038529e-02,1.930027742488303610e-02,8.042281609789719843e-02,4.481131045709935146e-02,7.616481372767308633e-02,1.478485898091295818e-02,4.353177498881653090e-02,3.846965329316627547e-02,3.216281143526630859e-02,2.446981678447875119e-02,4.219424590511833967e-02,1.114114745384522064e-02,3.505079540091842610e-02,1.549454188652332927e-03,6.308892826232995188e-02,2.300594672532144461e-02,1.050107878302745240e-02,4.122399509340470003e-02
3.314140645546744673e-02,-4.447895263146954548e-02,-1.101060133489316917e-01,-1.675392687956741289e-01,-2.005412156669470480e-01,-2.243640290842455753e-01,-2.066272949023136574e-01,-1.611984185902409217e-01,-1.000487640475852535e-01,-4.179941834027958020e-02,3.333314317629515466e-02,3.259799370894558151e-02,3.857509337801063448e-02,2.019818719139583607e-02,1.694196731244808699e-02,1.222391010778397461e-03,-6.542673530129378481e-03,4.093843874316821854e-03,2.521564260404839802e-02,4.806450139196225685e-02,7.783050382259730504e-02,9.866678693872664441e-02,1.767957569127392992e-01,9.921294744333675197e-02,8.822052937897879865e-02,5.937510374272757241e-02,1.116747028236429046e-02,-2.856826388155259133e-02,-5.802984272713380270e-02,-6.298885359266018225e-02,-6.213888106450692755e-02,-4.405692551415913566e-02,-1.163034473984076757e-02,1.431817320705701911e-02,3.687043201211265275e-02,3.799839893990619721e-02,2.281127222772081492e-02,6.702103432419280991e-03,-3.293269772428038256e-02,-7.815094425812162127e-02,-1.253218659905207533e-01,-1.582994707200384155e-01,-1.675712049023192485e-01,-1.541717871767058212e-01,-9.750697078101297488e-02,-3.851798766120331091e-02,1.390051255894436677e-02,8.310414337047197786e-02,1.736669831561402644e-01,1.478675852741578034e-01,1.468986975937945916e-01,1.408753789080838814e-01,1.274365511879518853e-01,8.810233928089911126e-02,6.121650146591559039e-02,3.020959798060596224e-02,3.279722413370577544e-02,3.149788696470742777e-02,6.616122242683866728e-02,8.017774349197914763e-02,8.821956149776892520e-02,8.078989969759858836e-02,4.240001832746791155e-02,-2.287372714040714072e-02,-1.089725600812286865e-01,-1.727821882365844774e-01,-2.507518753208825002e-01,-3.145295913627810802e-01,-3.178833638591430644e-01,-3.021503636901307077e-01,-2.298761278184788259e-01,-1.382425467353885773e-01,-1.019037125241405509e-02,1.084834809191280031e-01,2.116127195287885177e-01,2.877834659890765590e-01,3.251460869303428591e-01,3.343922313602104013e-01,3.192025609755942406e-01,2.235360349969899296e-01,1.269735413377992561e-01,2.327076892743992764e-02,-6.991446918934736410e-02,-1.468844905287267355e-01,-1.985967871773467452e-01,-2.322169565163214044e-01,-2.435219842485704944e-01,-2.174976539087014049e-01,-1.802835590474206329e-01,-1.403752562649292490e-01,-9.070293725803520168e-02,-2.937301342211252192e-02,3.225720697192815956e-02,7.454238799424155182e-02,1.100714500288173248e-01,1.187407268942385630e-01,1.337914022687119731e-01,1.297708649560847249e-01,1.086687165743594474e-01,7.723729975588934649e-02,2.618342579499538525e-02,-2.169033918268003375e-02,-6.376808525713113796e-02,-8.986320869071169615e-02,-8.632151802304902088e-02,-7.105076628427997587e-02,-3.317270734256314718e-02,9.021672913185405443e-03,5.185121235741458473e-02,8.034852865118223553e-02,1.075801194642023034e-01,9.074359076487374665e-02,6.646439910548954111e-02,2.399470557952598088e-02,-2.579091400239348283e-02,-6.986843091849399834e-02,-9.017500698296218586e-02,-1.039088685199013734e-01,-9.325540521065982247e-02,-5.551649183367936280e-02,-6.033417162555413694e-03,5.277328911048555921e-02,1.082455410573706089e-01,1.488620882421016478e-01,1.731416980889245172e-01,1.674225082337991721e-01,1.377693240892893523e-01,9.733707367906706265e-02
-4.366069871876287339e-02,5.773636277856335555e-03,4.402734467021762743e-02,5.932784504297241440e-02,5.903645624493018135e-02,5.382854121412647408e-02,3.337754915829723584e-02,-1.165091923591564729e-02,-6.000539888941108790e-02,-1.030040039482172515e-01,-1.259433337068686376e-01,-1.422851141255105090e-01,-1.397440142507051231e-01,-1.227388569593021728e-01,-8.985621216318555315e-02,-5.887125198422982209e-02,-1.454690219127814828e-02,3.487945079716758129e-02,7.621645914614592898e-02,1.001662110788887061e-01,1.147187054927253230e-01,1.175524884294215228e-01,1.436792228392417548e-01,1.066072065537480990e-01,9.985937689745756629e-02,8.300040936222233268e-02,5.682498515786758853e-02,4.071349846558527247e-02,2.311221135689169384e-02,1.419593647720587132e-02,2.326192863202463431e-03,-2.025249525115898480e-03,1.040800137938398045e-03,3.186890218793399579e-03,7.176296629046571753e-04,-1.613079565091760613e-03,8.264500203093081560e-03,1.250247228559799896e-02,1.094936505623656572e-03,-2.429771550183731574e-02,-6.589149835521131149e-02,-1.169740409711355483e-01,-1.586920612996337854e-01,-1.879301378904584263e-01,-1.896830471562844789e-01,-1.752834749099061729e-01,-1.406444201702847507e-01,-7.044870334777700305e-02,3.292187686246779432e-02,1.063521430277016705e-01,1.804655377855380050e-01,2.363081269507505133e-01,2.770349331017676331e-01,2.595077928497117048e-01,2.322080573004007831e-01,1.551829822883793175e-01,6.096348198543080632e-02,-5.409439965008042833e-02,-1.464471693019412657e-01,-2.281458039810966565e-01,-2.826397843782056940e-01,-3.069181127395048114e-01,-2.943011489988553442e-01,-2.418413979431040806e-01,-1.657645397674198939e-01,-5.361793361074314312e-02,4.271288935934076936e-02,1.263856161343134554e-01,2.070052216900032660e-01,2.557372103373242167e-01,2.775675552301776206e-01,2.665882824904819426e-01,2.350194922889463911e-01,1.948032263830730415e-01,1.446035618466544603e-01,9.952246584838211896e-02,5.031544648762771577e-02,4.406421654312838929e-03,-1.878185737489927384e-02,-5.467780569733221574e-02,-7.222591329625907552e-02,-8.750436552574873683e-02,-1.033434042724081098e-01,-1.088385769676116777e-01,-1.133476608625548082e-01,-1.092567846584137914e-01,-1.078923354512009852e-01,-7.285850128122883795e-02,-3.426951058524485560e-02,1.348737815528728125e-03,2.268505546824842525e-02,4.847355190445125361e-02,5.869592538838493134e-02,6.009750240228316914e-02,5.015452927774553815e-02,2.575691178476581175e-02,-5.922021221991155895e-03,-4.599157162503159785e-02,-7.329799820929379373e-02,-9.911926041516462560e-02,-1.272035476448543367e-01,-1.404887189374517120e-01,-1.432100556499161792e-01,-1.277773369026276307e-01,-1.026395143275675298e-01,-6.890833965419516927e-02,-3.240332109248744014e-02,3.661761298228947102e-03,3.811878149331328347e-02,7.242636679339470307e-02,1.252722596155178003e-01,1.601385939959447668e-01,1.943470349834372224e-01,2.107714845316531749e-01,2.174466546872788064e-01,2.050178247619613148e-01,1.821509768265414109e-01,1.482159623909225787e-01,9.241074773943742937e-02,2.919537813354672329e-02,-2.908579980949893909e-02,-9.418138309414569864e-02,-1.252753113695428411e-01,-1.541937701871835820e-01,-1.634428346007491817e-01,-1.597742131680071065e-01,-1.335116140570871135e-01,-9.433032837272728455e-02
-1.219039183215951845e-02,4.342129216741492242e-02,1.097243431670402863e-01,1.473322519215787829e-01,1.727239881721190640e-01,1.524359228602286953e-01,1.192822512333432672e-01,4.201316846565084084e-02,-5.201103469460096468e-02,-1.529935144300935690e-01,-1.836944342360707083e-01,-2.758869979652041615e-01,-2.751693456253546666e-01,-2.562733762976845409e-01,-1.513981892724554357e-01,-7.599199794911992711e-02,2.060741014310850383e-02,1.039273045496865444e-01,1.532138665416361567e-01,1.534743431322976859e-01,1.414230694254184073e-01,7.647785500539089343e-02,1.003220946513383033e-01,-1.334111430709101209e-01,-1.810667165482240937e-01,-2.026164065045570062e-01,-2.069151645602712863e-01,-1.504879645140688171e-01,-6.647958835270491307e-02,5.132813997981532789e-02,1.353396620833148267e-01,1.933923343699572583e-01,2.326050529742283157e-01,2.161264284965260241e-01,1.611965792044443291e-01,5.401397058066829959e-02,-3.147480235447228103e-02,-1.046268660977880682e-01,-1.745833894820565668e-01,-2.104903644133786500e-01,-2.015950497762205307e-01,-1.614855232731979839e-01,-9.239471788973037392e-02,-4.806936137612442816e-02,3.010608569210233842e-02,6.414806443718995554e-02,7.300892463653430031e-02,1.358123759445835632e-01,2.444533520584815101e-01,1.584372790908173678e-01,1.307151508439684806e-01,1.108669618965108933e-01,1.179815433339412994e-01,7.896692187694184795e-02,1.095452149075268194e-01,8.603873158657376896e-02,1.121371611614130487e-01,6.733231761385873038e-02,7.856794575693566707e-02,2.905153583197860739e-02,-8.387439802653313611e-03,-4.717466470594950528e-02,-8.913506349372643522e-02,-1.434828484719560260e-01,-2.043297629993982290e-01,-1.716967202379689750e-01,-1.720304974306284262e-01,-1.899965517559296935e-01,-1.267228159047713854e-01,-1.295378730964331371e-01,-1.055322599681759593e-01,-1.134562279434071647e-01,-9.860912023442884589e-02,-9.888843623049906051e-02,-9.018659826689663650e-02,-5.655270785881921086e-02,-1.670216368936021378e-02,2.827289641049937283e-02,1.283028130336208439e-01,1.351252045744633368e-01,2.014426964136545872e-01,2.469657538096441951e-01,2.619412669734551558e-01,2.534038723011164396e-01,2.279795817158607740e-01,1.724004715375631602e-01,9.892759241259482805e-02,6.910159210272816266e-02,2.567101394615660392e-02,-3.098017725939162040e-02,-7.018711843951867813e-02,-7.689514213625542327e-02,-7.883950941925808864e-02,-9.621388571597774830e-02,-9.613282039546328095e-02,-1.086873602755869528e-01,-9.660499057020806302e-02,-9.510811730831097988e-02,-7.526742299878926012e-02,-5.217205590243949309e-02,-3.935787285034127170e-02,-6.080937903634221070e-03,1.644703115117281123e-02,4.339110881701764566e-02,6.042603295865428548e-02,5.686253082645197077e-02,4.828078235427894771e-02,1.403629147902611500e-02,-3.152308669256070200e-02,-8.845862209286660394e-02,-1.025252797988897291e-01,-1.486744308756243471e-01,-1.394673368436977756e-01,-1.377692438334279235e-01,-8.903579009209303119e-02,-4.728819622054945132e-02,1.998451627697481886e-02,8.066800932437283300e-02,1.288539222681141516e-01,1.662096850989649710e-01,1.843644778583240773e-01,1.588852309082340319e-01,1.349150807060489898e-01,7.149935882483954286e-02,3.360055293482551442e-02,-2.454556686349987360e-02,-5.544501660932728976e-02,-4.288514169374806062e-02
-1.551369998317467074e-02,2.905685872116173935e-02,5.932157458791443433e-02,8.188655745611281289e-02,8.602314643049770171e-02,8.350010696931016441e-02,5.070017990126101520e-02,1.291291150819539983e-02,-2.612994801314988402e-02,-4.406236352328353478e-02,-8.283941240051180543e-02,-6.671782197996006802e-02,-6.814496432556260697e-02,-4.673477124834556073e-02,-4.005161886517751707e-02,-5.295399434021227925e-03,1.450890937379807274e-02,3.457202633690553001e-02,4.624882034096336469e-02,6.124079038993106294e-02,5.766810187332124110e-02,5.991784204217182053e-02,-4.641588817918484988e-03,5.508173896335567116e-02,3.349351770608791079e-02,6.094979287549920008e-03,-2.964816381202859188e-02,-7.477358402573719420e-02,-1.197942418190477559e-01,-1.700522936985927325e-01,-1.944045906553415470e-01,-2.102981954747979443e-01,-2.171304544748647036e-01,-1.811188505514462199e-01,-1.227527865634617937e-01,-2.563612583576877976e-02,7.048484690245079842e-02,1.610491812556023861e-01,2.444880136099247814e-01,2.993817518852162629e-01,3.145877596102415463e-01,2.888858210098543267e-01,2.286154429919465825e-01,1.526902480909207438e-01,3.981902717193670088e-02,-5.946825853947298318e-02,-1.349794421235594177e-01,-1.999304307629895527e-01,-2.620337098982327140e-01,-1.997375042537993806e-01,-1.462561832022236108e-01,-7.341825834821785746e-02,-1.024656565008049205e-02,6.914238299549910205e-02,1.055229058785511209e-01,1.367649216739328655e-01,1.307292322492624448e-01,1.225984416102141594e-01,5.911540034304030300e-02,4.014315627355853969e-03,-7.060742534426936445e-02,-1.279150014148320857e-01,-1.688575559024979578e-01,-1.750704428744215557e-01,-1.598805897775226470e-01,-1.460850140367681294e-01,-1.087471141476504810e-01,-6.210795571749296723e-02,-4.915075176288905695e-02,7.378620316756511876e-04,2.647615506102572736e-02,7.070556769847621825e-02,1.004190432606335975e-01,1.353722552483386521e-01,1.559470275921171212e-01,1.616156515599586063e-01,1.620665346188648603e-01,1.461174083625085829e-01,1.065376654631180198e-01,9.900329774572312613e-02,5.504542126942395253e-02,1.235171990082304869e-02,-3.054409508266908019e-02,-7.209083932752258228e-02,-1.206166204512648804e-01,-1.364891536781619175e-01,-1.418297066039819476e-01,-1.416010007567696516e-01,-1.321036872589658184e-01,-9.878064870569336353e-02,-7.208193907297046066e-02,-4.612723393274928418e-02,-2.397730152153897815e-02,-9.373058322732425937e-03,-1.605316431626341300e-02,-1.497370894382099409e-02,-1.605474575406529852e-02,-1.649200331945236027e-03,3.290175374129257480e-02,8.163601254948871233e-02,1.488046104650242174e-01,2.112111447710190437e-01,2.517544751677900927e-01,2.580648533046230320e-01,2.204122800417976646e-01,1.515783427020209739e-01,5.645995021707391620e-02,-4.068244317822271999e-02,-1.330141534663312197e-01,-2.064054527550679974e-01,-2.617068795786015589e-01,-2.641320845248641969e-01,-2.544596772913472194e-01,-1.969850946184222851e-01,-1.293098230180081409e-01,-3.247918217398225449e-02,3.866108146866679973e-02,1.039639534205019922e-01,1.361202876956041641e-01,1.454472122904636733e-01,1.238218356183604096e-01,8.999478975776571688e-02,5.013357175047728626e-02,1.224947724804454144e-02,-3.816762923210716141e-02,-6.245672909840061654e-02,-6.427971828307521562e-02,-5.342355224515071138e-02
2.727676255358080226e-01,2.783601145315993675e-01,2.719423966450276176e-01,2.632292199259925192e-01,2.490683919256713452e-01,2.325156534484855153e-01,2.178172273269757819e-01,2.063833149081778506e-01,2.007279700231259512e-01,2.003586113141853364e-01,2.052849658712576908e-01,2.109345553894873271e-01,2.084971866087025616e-01,1.967501262346576796e-01,1.691168599896463731e-01,1.438256674930913914e-01,1.221260693216857374e-01,1.147134843707402069e-01,1.166047328507458236e-01,1.219889697147276963e-01,1.303240341421983139e-01,1.471558240310018861e-01,1.766851236500308342e-01,2.011373233596678578e-01,2.201823526332253589e-01,2.273473040423429903e-01,2.182011030443104793e-01,1.924596715008782544e-01,1.508591742460847207e-01,1.009654809112920104e-01,4.838454791919225700e-02,-6.415243821912382932e-03,-4.917696156127980556e-02,-7.220815627360369082e-02,-7.042310750050387314e-02,-4.163158013894981135e-02,-9.686164797621462513e-03,3.154534091349543018e-02,6.678332890107370468e-02,8.892948054040691885e-02,9.157333288984280395e-02,7.919056699473453476e-02,5.121313510176046802e-02,2.046799141840106515e-02,-1.326540876810706343e-02,-4.142543639028795771e-02,-5.805921865451645070e-02,-6.797379267387984592e-02,-5.344381719111118006e-02,-3.035453063894621301e-02,6.138723921308199445e-03,4.475023208003805347e-02,7.926960859002633863e-02,1.008259547511317078e-01,1.003102030888956692e-01,7.516368675468376725e-02,2.331517757901893292e-02,-3.325426893248291382e-02,-9.122974475558356944e-02,-1.390227925951963428e-01,-1.796561187047610308e-01,-1.953109747660599083e-01,-1.938677126194133238e-01,-1.816605055165721738e-01,-1.594896904142766025e-01,-1.413598670003364810e-01,-1.272510448933724947e-01,-1.230847244919270334e-01,-1.323746159611309814e-01,-1.398322259839296644e-01,-1.546639847334384532e-01,-1.664252729973777767e-01,-1.778751226475315805e-01,-1.840717555210316936e-01,-1.818438284764197499e-01,-1.634160474864752577e-01,-1.341835558929525829e-01,-9.338607126026494953e-02,-5.312937419101112363e-02,-7.516692730279430842e-03,2.559028443324189162e-02,4.454427284615452426e-02,4.885107353284766363e-02,4.187187685743219701e-02,2.306903299318034326e-02,2.268325318985598641e-03,-1.471352553401261698e-02,-2.578026745771236361e-02,-3.101785316181722083e-02,-2.614440462744439808e-02,-2.066740397452721326e-02,-1.843865099162769056e-02,-1.728702037421988788e-02,-2.250523176411475118e-02,-3.522915183342214401e-02,-5.948129269063450603e-02,-8.837979767095752170e-02,-1.208976973533401750e-01,-1.547427349365068650e-01,-1.852966336337538156e-01,-2.184598336930216878e-01,-2.367024192014405004e-01,-2.400398178572793473e-01,-2.319177774524893987e-01,-2.089684858890592523e-01,-1.747581059333313813e-01,-1.416251136382180864e-01,-1.127349467795069060e-01,-9.509395644338114462e-02,-8.530838458913306277e-02,-7.850271967759921143e-02,-8.229204213010024582e-02,-9.929058395488903066e-02,-1.172669490409067594e-01,-1.393751135671453256e-01,-1.567312658355937416e-01,-1.705003959246710055e-01,-1.740738841946644355e-01,-1.616550884119567488e-01,-1.376956635970618958e-01,-1.009985072668611039e-01,-4.903814587397403724e-02,6.507494430881323629e-03,6.647427881185052900e-02,1.210438499753058728e-01,1.765846264133173471e-01,2.218554671772675346e-01,2.538034477335161521e-01
9.758287838571327866e-02,8.057649283961840214e-02,5.433045906854773455e-02,2.215829524864078998e-02,-1.775836122388549376e-02,-7.061598139843930366e-02,-1.251935856298880823e-01,-1.701743431015972918e-01,-2.144034153972667611e-01,-2.419502027509136122e-01,-2.622826927912800254e-01,-2.736494417940277812e-01,-2.640728181231241090e-01,-2.320424297810766701e-01,-1.738542536378464287e-01,-9.582358490603722079e-02,-1.319227162590862028e-02,6.224574125426231980e-02,1.283394316914830691e-01,1.878848658443180164e-01,2.246564253072980688e-01,2.479325133125016289e-01,2.608758801362283108e-01,2.348859088377800441e-01,1.995587156687292363e-01,1.560084833827962980e-01,1.075984133341400389e-01,5.721153601687767321e-02,3.713574774852409100e-03,-3.878577071314151525e-02,-6.580931594735442425e-02,-8.558622377163734030e-02,-9.900467535853399448e-02,-9.819527146514776816e-02,-9.581124412998645590e-02,-8.399915815693181909e-02,-7.649490425752750178e-02,-5.970017938000981433e-02,-3.058505818586722616e-02,-1.983169339884351904e-03,2.162840076052278612e-02,3.412424043619544795e-02,4.156161361452033465e-02,3.839577663160965992e-02,2.260669047819574909e-02,6.443433445905285065e-03,-1.077280338933876355e-02,-3.325557303414179711e-02,-4.582477555643074685e-02,-7.777598190923398769e-02,-8.609091291831330595e-02,-8.708608044915186475e-02,-8.644673229206698006e-02,-6.895105385557871724e-02,-4.957883519394812311e-02,-1.893207142714839128e-02,9.320090136608422116e-03,3.252081588643528781e-02,4.713949739680227402e-02,5.513878730558202657e-02,5.732187117452405140e-02,6.791283591038603518e-02,8.745463169744370491e-02,1.185073571031611400e-01,1.474121255747981307e-01,1.558767975230642977e-01,1.519758289546022934e-01,1.353930918287057084e-01,1.001759122877540764e-01,6.146064985970401545e-02,9.111441773739199085e-03,-4.290544418782188396e-02,-1.066415842131342023e-01,-1.557847099949600800e-01,-1.868945271335304970e-01,-1.977402220283266676e-01,-1.818297322244361303e-01,-1.468145270192813823e-01,-9.866705744208564832e-02,-3.906086238659588900e-02,2.129733472339192385e-02,6.752243149621356411e-02,9.814000709938715261e-02,9.899063144691273852e-02,7.676567361847637383e-02,2.956721360319690406e-02,-2.239972266988785043e-02,-8.192729157879143076e-02,-1.188683576572592826e-01,-1.257461537413751551e-01,-1.010153422971991483e-01,-5.924811961333011773e-02,5.886382425236713796e-03,7.641440823959422257e-02,1.503312428405425283e-01,2.230149679193004497e-01,2.748441322210293247e-01,2.918511966661076484e-01,2.680939907458402272e-01,2.057188282379950883e-01,1.132051901569355173e-01,-4.616827124224110921e-04,-9.864556340978342108e-02,-1.813198009486438611e-01,-2.378573715297185864e-01,-2.690889843385634306e-01,-2.755544932383911516e-01,-2.554341043735109951e-01,-2.115489765058774785e-01,-1.514736256278293447e-01,-8.770306248689530015e-02,-2.157873409988381175e-02,3.535201776180341149e-02,6.841790866574608276e-02,9.714945157160571887e-02,1.117759254806484637e-01,1.124537288866540585e-01,1.050310589764189284e-01,1.038050657482409850e-01,1.017344125273026700e-01,9.266806065444421758e-02,9.965701447154298731e-02,9.014034728490348536e-02,9.039132944646352530e-02,9.132374598473128047e-02,9.454111233735019992e-02,1.024013797941706883e-01,1.050332687479293009e-01
-2.655270522996702048e-02,-6.975577069883440173e-02,-1.107638631523139849e-01,-1.427355614049495847e-01,-1.598671957991835701e-01,-1.644518463917380435e-01,-1.602443547523720868e-01,-1.415845274022212996e-01,-1.044041195281497497e-01,-5.113673856128683054e-02,-5.668583061501535677e-04,5.328192255139666683e-02,9.969801182637970383e-02,1.366343089879672457e-01,1.505746157909876870e-01,1.532602860385217369e-01,1.191035717156948975e-01,7.979569213425209695e-02,3.119628558261686863e-02,-7.116752101714310212e-03,-4.167164205403445926e-02,-6.065133676928773088e-02,-7.622918751387701419e-02,-5.992128522076174690e-02,-4.816844100503139825e-02,-2.525912939959606973e-02,-2.582649723866160818e-03,1.615477629407767457e-02,2.935290905628376232e-02,4.594779909802094303e-02,6.345279044766290177e-02,7.771450226597799438e-02,8.895067445667177719e-02,8.839887572821637785e-02,8.534128941859173145e-02,8.512077989199956507e-02,7.294641027373609254e-02,5.584451082301554459e-02,3.383050428112347602e-02,2.756572210252788806e-03,-4.199736085800529622e-02,-9.950974240024133832e-02,-1.642647652512972123e-01,-2.177007949730238867e-01,-2.544650704155266285e-01,-2.686638357037004488e-01,-2.463438602101400976e-01,-2.022946378726066530e-01,-1.297570266526681115e-01,-3.130842404509998067e-02,5.746269526406946188e-02,1.352207313659689603e-01,1.935256101667020834e-01,2.332209715555927931e-01,2.468549845446298963e-01,2.453354706805120633e-01,2.210907702939118036e-01,1.939054346383526917e-01,1.542482172865647372e-01,1.244956029545546128e-01,8.939173219205287513e-02,6.221304964312644042e-02,4.050149981832085883e-02,2.764947132769425900e-02,1.336706047827210427e-02,4.016070185277628365e-03,-1.452144967193632090e-03,-7.621811351240722308e-03,-2.263618094142456558e-02,-2.616627681482937631e-02,-3.510083660490307539e-02,-4.393974625251490657e-02,-6.290586770848753673e-02,-8.512784694433477017e-02,-1.089521826507042074e-01,-1.268665104382397102e-01,-1.371113785470612911e-01,-1.529860784076788605e-01,-1.771596426790836287e-01,-2.007845735445061841e-01,-2.175393166352010410e-01,-2.157182260466515011e-01,-1.885272146770956558e-01,-1.381859730039818324e-01,-8.167832114160755719e-02,-1.394394215624251629e-02,5.933960157046681144e-02,1.394707430460488118e-01,2.112196333988157204e-01,2.641480896822532842e-01,2.901412288178844556e-01,2.904784078895508159e-01,2.566736046216631650e-01,1.952900747323421393e-01,1.179034231962087925e-01,4.462415176672839684e-02,-1.679114593622714133e-02,-5.811093363681776869e-02,-7.673447333170214935e-02,-7.268323040532720380e-02,-5.403024779360532381e-02,-2.431169270542481511e-02,1.709255156931787463e-03,1.291153925854821548e-02,5.254431946644633721e-03,-2.064524183838510607e-02,-5.691046865621184059e-02,-9.285256939072823734e-02,-1.248370201897620740e-01,-1.559869039835853344e-01,-1.738389793696332453e-01,-1.820025019757739726e-01,-1.751603101180699285e-01,-1.425071596578898481e-01,-9.817718436213866695e-02,-4.304817155012734958e-02,1.630686017636696558e-02,8.228255147571091055e-02,1.403362589341551614e-01,1.910946753420783295e-01,2.243741664970122784e-01,2.321351008528610427e-01,2.260185935940480784e-01,2.010614406167188506e-01,1.602822958310538282e-01,1.127824668768851457e-01,6.920957726318820169e-02,1.613627381015821788e-02
