1.350004005432128906e+01,1.735357055664062642e+01,1.350005340576171875e+01,1.735358390808105611e+01,9.874424934387207031e-01,9.695189237594604714e-01,1.001337885856628418e+00,1.063535749912261963e+00,6.806240558624267578e+00,1.030926065444946360e+01,9.931864738464355469e-01,9.761924445629119873e-01,3.711831569671630859e+00,4.035062527656554821e+00,1.289426290895789862e-05,1.289426290895789862e-05
8.057123184204101562e+00,1.607107686996459961e+01,8.057135581970214844e+00,1.607108993530273366e+01,8.139231801033020020e-01,8.100237309932708518e-01,8.864644765853881836e-01,1.203217780590057462e+00,5.440598011016845703e+00,1.314782695770263743e+01,8.109893798828125000e-01,8.106208026409149614e-01,1.051478609442710876e-01,9.938750490546226224e-02,1.283712572330841795e-05,1.283712572330841795e-05
4.313708496093750000e+01,1.962367019653320455e+01,4.313709640502929688e+01,1.962368354797363423e+01,6.022643446922302246e-01,5.970685899257659468e-01,3.497398614883422852e+00,1.297285091876983598e+00,3.838792800903320312e+01,1.709116020202636577e+01,6.060374975204467773e-01,6.007949173450469749e-01,4.345804080367088318e-02,3.736116476356983462e-02,1.282132507185451686e-05,1.282132507185451686e-05
5.024817943572998047e+00,2.187126388549804545e+01,5.024830818176269531e+00,2.187127723693847514e+01,5.693379044532775879e-01,5.460808813571930154e-01,6.179640293121337891e-01,1.554040825366973966e+00,3.247910499572753906e+00,1.920417909622192454e+01,5.692601203918457031e-01,5.457496821880341020e-01,2.034592069685459137e-02,2.121345959603786538e-02,1.281201093661366031e-05,1.281201093661366031e-05
6.259780883789062500e+01,1.935257740020751882e+01,6.259782028198242188e+01,1.935259056091308594e+01,4.564214646816253662e-01,4.962186664342880249e-01,3.013484001159667969e+00,1.246959888935089023e+00,5.865384674072265625e+01,1.709882001876831126e+01,4.578748643398284912e-01,4.963387012481689231e-01,1.618164405226707458e-02,1.423980221152305534e-02,1.280278866033768281e-05,1.280278866033768281e-05
2.392719078063964844e+01,2.093167514801025320e+01,2.392720413208007812e+01,2.093168849945068288e+01,4.850287437438964844e-01,4.051764458417892456e-01,1.402798175811767578e+00,1.295684289932250932e+00,2.154344367980957031e+01,1.881557512283325195e+01,4.856896996498107910e-01,4.051485061645507812e-01,1.023174170404672623e-02,1.009011417627334560e-02,1.280476590181933716e-05,1.280476590181933716e-05
1.878644561767578125e+01,2.259404945373535156e+01,1.878645896911621094e+01,2.259406280517578125e+01,2.702656984329223633e-01,3.235810160636901633e-01,1.452336549758911133e+00,1.399261152744293302e+00,1.678727531433105469e+01,2.054037523269653320e+01,2.702378332614898682e-01,3.235605329275131337e-01,6.331049837172031403e-03,7.271764054894447500e-03,1.280920696444809437e-05,1.280920696444809437e-05
1.229919338226318359e+01,2.199992008209228445e+01,1.229920578002929688e+01,2.199993343353271413e+01,2.638960480690002441e-01,2.686766684055328369e-01,5.100975036621093750e-01,1.433170270919799760e+00,1.125501441955566406e+01,2.002430181503295969e+01,2.646155357360839844e-01,2.685658276081085427e-01,5.570617504417896271e-03,5.205993773415684700e-03,1.281377262785099447e-05,1.281377262785099447e-05
1.849147987365722656e+01,1.833544778823852539e+01,1.849149322509765625e+01,1.833546094894409251e+01,2.217442542314529419e-01,2.215231582522392273e-01,2.050614833831787109e+00,1.342910146713256925e+00,1.599424743652343750e+01,1.654600687026977468e+01,2.212720215320587158e-01,2.213029131293296758e-01,3.601826028898358345e-03,3.704788140021264640e-03,1.281714139622636139e-05,1.281714139622636139e-05
4.827679157257080078e+00,1.490247726440429688e+01,4.827692031860351562e+00,1.490248994827270579e+01,2.119453251361846924e-01,1.979394331574440002e-01,4.427115619182586670e-01,1.336212241649627597e+00,3.957269430160522461e+00,1.316828603744506765e+01,2.134377211332321167e-01,1.974350675940513555e-01,2.315651159733533859e-03,2.604332938790321524e-03,1.282001176150515676e-05,1.282001176150515676e-05
9.582878112792968750e+00,1.364660167694091797e+01,9.582890510559082031e+00,1.364661407470703125e+01,2.089746296405792236e-01,1.930926889181137085e-01,7.399539351463317871e-01,1.315433955192566007e+00,8.423016548156738281e+00,1.194332923889160192e+01,2.081057727336883545e-01,1.924912229180336110e-01,2.826919546350836754e-03,2.254358516074716958e-03,1.282037010241765529e-05,1.282037010241765529e-05
6.442141532897949219e+00,1.038447542190551687e+01,6.442154407501220703e+00,1.038448781967163015e+01,1.908829808235168457e-01,1.709034830331802313e-01,7.267005443572998047e-01,1.219138973951339633e+00,5.333664894104003906e+00,8.823168039321899414e+00,1.892174929380416870e-01,1.697204709053039551e-01,1.675411360338330269e-03,1.544393564108759078e-03,1.282251378142973408e-05,1.282251378142973408e-05
9.733546257019042969e+00,8.085804986953736062e+00,9.733558654785156250e+00,8.085817527770995383e+00,1.547694057226181030e-01,1.501013964414596447e-01,1.156209945678710938e+00,1.228038382530212358e+00,8.269178390502929688e+00,6.558405113220215021e+00,1.521163433790206909e-01,1.481473028659820446e-01,1.270927954465150833e-03,1.112816529348492536e-03,1.282761422771727666e-05,1.282761422771727666e-05
1.123467350006103516e+01,6.822281789779663264e+00,1.123468589782714844e+01,6.822294664382934748e+00,1.705127358436584473e-01,1.316815868020057567e-01,1.534208178520202637e+00,1.245780342817306430e+00,9.361240386962890625e+00,5.315118360519409002e+00,1.678558290004730225e-01,1.289208516478538569e-01,8.556203683838248253e-04,7.807529589626937671e-04,1.283360779780196026e-05,1.283360779780196026e-05
7.795457839965820312e+00,5.975771284103393199e+00,7.795470714569091797e+00,5.975784158706664684e+00,1.472309380769729614e-01,1.201460279524326352e-01,8.468825817108154297e-01,1.228709006309509189e+00,6.656761169433593750e+00,4.510149955749511719e+00,1.441022306680679321e-01,1.161960393190383939e-01,4.809563106391578913e-04,5.703285802155733325e-04,1.283852270717034116e-05,1.283852270717034116e-05
7.387580871582031250e+00,5.611265802383423207e+00,7.387593746185302734e+00,5.611278676986694691e+00,1.096176058053970337e-01,1.073114447295665796e-01,1.148361563682556152e+00,1.276804113388061435e+00,6.023823261260986328e+00,4.124380064010620295e+00,1.052750870585441589e-01,1.022899813950061826e-01,5.033994093537330627e-04,4.801923583727330186e-04,1.284247537114424631e-05,1.284247537114424631e-05
3.278953552246093750e+00,5.821981143951416193e+00,3.278966426849365234e+00,5.821994018554687678e+00,5.573573336005210876e-02,9.399911686778068820e-02,7.107247114181518555e-01,1.614420092105865567e+00,2.457669258117675781e+00,4.025037932395934881e+00,5.454206466674804688e-02,8.817715346813201349e-02,2.818428329192101955e-04,3.467193804681300900e-04,1.284832433157134801e-05,1.284832433157134801e-05
7.316630363464355469e+00,6.118290996551513317e+00,7.316643238067626953e+00,6.118303871154784801e+00,1.016207039356231689e-01,8.714018389582633972e-02,1.184175372123718262e+00,1.955570161342620850e+00,5.934214115142822266e+00,3.994885706901550204e+00,9.623048454523086548e-02,8.027665764093398770e-02,3.897456044796854258e-04,4.182735719950869679e-04,1.285323378397151828e-05,1.285323378397151828e-05
4.950957298278808594e+00,6.435568523406982600e+00,4.950970172882080078e+00,6.435581398010254084e+00,9.096867591142654419e-02,8.185302913188934049e-02,1.167820692062377930e+00,2.172005593776702881e+00,3.608671426773071289e+00,4.107050371170044123e+00,8.320486545562744141e-02,7.434399724006653110e-02,2.919204416684806347e-04,3.156533581204712608e-04,1.285664529859786853e-05,1.285664529859786853e-05
9.128163337707519531e+00,6.785292434692382635e+00,9.128175735473632812e+00,6.785305309295654119e+00,8.662604540586471558e-02,7.621203735470771790e-02,3.236342191696166992e+00,2.395758795738220037e+00,5.726714134216308594e+00,4.245093202590942028e+00,7.819831371307373047e-02,6.789342239499092380e-02,2.823069808073341846e-04,3.349583857925608754e-04,1.285933831240981817e-05,1.285933831240981817e-05
8.112294197082519531e+00,6.929204225540161133e+00,8.112306594848632812e+00,6.929217100143432617e+00,7.521601021289825439e-02,7.375459298491478244e-02,1.472905993461608887e+00,2.516492223739624112e+00,6.497337341308593750e+00,4.272966361045837047e+00,6.654059886932373047e-02,6.555704623460770208e-02,2.934769145213067532e-04,4.339446284575387944e-04,1.286033966607647017e-05,1.286033966607647017e-05
8.932166099548339844e+00,7.749782466888428090e+00,8.932178497314453125e+00,7.749795198440551758e+00,9.439472854137420654e-02,6.673927158117294589e-02,2.921525239944458008e+00,3.154121422767639071e+00,5.835075378417968750e+00,4.470346450805664062e+00,8.078997582197189331e-02,5.828750133514404297e-02,3.815302916336804628e-04,2.876713726436719190e-04,1.286411770706763491e-05,1.286411770706763491e-05
1.007328701019287109e+01,8.887321281433106179e+00,1.007329940795898438e+01,8.887333679199219461e+00,6.486763060092926025e-02,6.106070838868617873e-02,4.724699497222900391e+00,4.130192065238952992e+00,5.226610183715820312e+00,4.643275880813598988e+00,5.677634477615356445e-02,5.247434377670288225e-02,3.342064446769654751e-04,3.182813175953924873e-04,1.286821498069912195e-05,1.286821498069912195e-05
8.780301094055175781e+00,1.002643814086914098e+01,8.780313491821289062e+00,1.002645053863525426e+01,3.093584440648555756e-02,5.735107772052287778e-02,4.767627716064453125e+00,5.123659610748291016e+00,3.953321456909179688e+00,4.796478366851806285e+00,2.819725498557090759e-02,4.866017848253249845e-02,2.193328255088999867e-04,2.893811120884493210e-04,1.287192571908235550e-05,1.287192571908235550e-05
7.551334381103515625e+00,1.094643611907958913e+01,7.551347255706787109e+00,1.094644947052001882e+01,3.702997043728828430e-02,5.539337135851383348e-02,4.279974460601806641e+00,5.986476564407348988e+00,3.199389696121215820e+00,4.858198595046997248e+00,3.465491533279418945e-02,4.606631770730018616e-02,2.856315695680677891e-04,3.013044042745605111e-04,1.287515533476835117e-05,1.287515533476835117e-05
2.153221893310546875e+01,1.181700105667114187e+01,2.153223228454589844e+01,1.181701440811157156e+01,1.031648591160774231e-01,5.299238674342632294e-02,1.228962898254394531e+01,6.719198179244995295e+00,9.058889389038085938e+00,5.000763893127441406e+00,8.020744472742080688e-02,4.379764422774314742e-02,3.280767414253205061e-04,2.490640006726607789e-04,1.287765826418763027e-05,1.287765826418763027e-05
8.210700988769531250e+00,1.305420770645141637e+01,8.210714340209960938e+00,1.305422105789184606e+01,6.666789203882217407e-02,5.048742033541202268e-02,5.838742256164550781e+00,7.797969436645507457e+00,2.255309820175170898e+00,5.164178419113159002e+00,4.958884790539741516e-02,4.131115637719631056e-02,3.919775190297514200e-04,2.615979145048186291e-04,1.288030944124329835e-05,1.288030944124329835e-05
1.513828945159912109e+01,1.445115385055541957e+01,1.513830280303955078e+01,1.445116720199584925e+01,4.098537936806678772e-02,4.850510656833648820e-02,9.569040298461914062e+00,9.062493610382080789e+00,5.493957996368408203e+00,5.300591039657592596e+00,3.410255536437034607e-02,3.933251462876796722e-02,2.041812113020569086e-04,2.314925804967060685e-04,1.288255043618846685e-05,1.288255043618846685e-05
1.433067893981933594e+01,1.594229698181152344e+01,1.433069229125976562e+01,1.594231033325195312e+01,5.607615783810615540e-02,4.674533642828464231e-02,9.209872245788574219e+00,1.046253175735473562e+01,5.021980285644531250e+00,5.395106554031372070e+00,4.244859516620635986e-02,3.757009729743003568e-02,3.009621868841350079e-04,3.431902703596279133e-04,1.288479143113363534e-05,1.288479143113363534e-05
2.922882461547851562e+01,1.750450515747070312e+01,2.922883796691894531e+01,1.750451850891113281e+01,7.598111033439636230e-02,4.496578499674797058e-02,1.917531967163085938e+01,1.193391361236572301e+01,9.919282913208007812e+00,5.489592647552489879e+00,5.783556774258613586e-02,3.576695024967193465e-02,4.058385966345667839e-04,2.666034386493265737e-04,1.288723433390259743e-05,1.288723433390259743e-05
9.800829887390136719e+00,1.807405138015747070e+01,9.800843238830566406e+00,1.807406473159790039e+01,3.159064799547195435e-02,4.440945312380790988e-02,6.605335235595703125e+00,1.244382982254028391e+01,3.136066913604736328e+00,5.550274610519409180e+00,2.767146192491054535e-02,3.526374138891696930e-02,1.649751357035711408e-04,2.734993759077042341e-04,1.288805924559710547e-05,1.288805924559710547e-05
3.465524673461914062e+01,1.984343414306640696e+01,3.465525817871093750e+01,1.984344749450683665e+01,4.733318090438842773e-02,4.268165677785873413e-02,2.598040771484375000e+01,1.409952392578125036e+01,8.588016510009765625e+00,5.667356538772582830e+00,3.925582021474838257e-02,3.360547497868537903e-02,2.344439271837472916e-04,2.669523440999910019e-04,1.289047304453561082e-05,1.289047304453561082e-05
3.103094673156738281e+01,2.217486724853515767e+01,3.103096008300781250e+01,2.217488059997558736e+01,4.737462848424911499e-02,4.045032747089862685e-02,2.337014198303222656e+01,1.628823385238647603e+01,7.577212810516357422e+00,5.814211940765380504e+00,3.592400625348091125e-02,3.169791083782911439e-02,2.914779761340469122e-04,2.736007154453545809e-04,1.289317151531577110e-05,1.289317151531577110e-05
1.337761211395263672e+01,2.466300220489501882e+01,1.337762546539306641e+01,2.466301555633544851e+01,4.616304114460945129e-02,3.846572861075401445e-02,9.421196937561035156e+00,1.864715442657470845e+01,3.874274492263793945e+00,5.947022199630737305e+00,3.568423166871070862e-02,3.007772974669933180e-02,2.932893985416740179e-04,2.818026463501155160e-04,1.289578540308866650e-05,1.289578540308866650e-05
4.323247146606445312e+01,2.723855609893798757e+01,4.323248291015625000e+01,2.723856925964355469e+01,2.952589467167854309e-02,3.696021139621734342e-02,3.291086578369140625e+01,2.113324489593505717e+01,1.026960086822509766e+01,6.039302587509155273e+00,2.221498452126979828e-02,2.875294350087642670e-02,2.648117369972169399e-04,2.955691859824583043e-04,1.289833107875892892e-05,1.289833107875892892e-05
3.306135177612304688e+01,2.959659671783447266e+01,3.306136322021484375e+01,2.959660949707031108e+01,4.200722649693489075e-02,3.601161688566208163e-02,2.767027854919433594e+01,2.348822078704834126e+01,5.317695140838623047e+00,6.044374847412109730e+00,3.102867119014263153e-02,2.771173939108848711e-02,3.431619552429765463e-04,2.778893453069031022e-04,1.290068303205771372e-05,1.290068303205771372e-05
8.691112518310546875e+01,3.230252151489257528e+01,8.691114044189453125e+01,3.230253410339355469e+01,4.142250865697860718e-02,3.492396734654903273e-02,7.206961059570312500e+01,2.614040012359619070e+01,1.477070999145507812e+01,6.100187110900878729e+00,2.900976687669754028e-02,2.678099907934665749e-02,3.775614895857870579e-04,2.296880222274921726e-04,1.290272575715789571e-05,1.290272575715789571e-05
1.709887313842773438e+01,3.520967960357666016e+01,1.709888648986816406e+01,3.520969142913818217e+01,2.072522230446338654e-02,3.402531556785106520e-02,1.353573989868164062e+01,2.901742725372314524e+01,3.523417234420776367e+00,6.131873846054077148e+00,1.866293139755725861e-02,2.594806980341672967e-02,3.273190814070403576e-04,4.054189630551263690e-04,1.290449472435284406e-05,1.290449472435284406e-05
8.296285629272460938e+00,3.783846244812011861e+01,8.296298980712890625e+00,3.783847389221191548e+01,3.820355609059333801e-02,3.327527642250061035e-02,5.874413013458251953e+00,3.164258537292480611e+01,2.355959415435791016e+00,6.137133407592773260e+00,2.746929787099361420e-02,2.522644959390163422e-02,2.403194230282679200e-04,2.426089151413179826e-04,1.290610634896438569e-05,1.290610634896438569e-05
3.419922637939453125e+01,4.008017311096191548e+01,3.419923782348632812e+01,4.008018455505371236e+01,5.060452595353126526e-02,3.258611354976892471e-02,2.902430915832519531e+01,3.393998966217041158e+01,5.089118480682373047e+00,6.082768678665161133e+00,3.487197682261466980e-02,2.454418949782848428e-02,3.254804469179362059e-04,2.844547852873802185e-04,1.290767158934613690e-05,1.290767158934613690e-05
6.276025390625000000e+01,4.065822830200195170e+01,6.276026535034179688e+01,4.065823974609374858e+01,1.967104896903038025e-02,3.277473710477352142e-02,5.439718246459960938e+01,3.454743041992187358e+01,8.327374458312988281e+00,6.053280735015869496e+00,1.579009741544723511e-02,2.437940239906311035e-02,2.354975731577724218e-04,3.630206367233767997e-04,1.290825457544997334e-05,1.290825457544997334e-05
3.123348617553710938e+01,4.274946975708007812e+01,3.123349952697753906e+01,4.274948120117187500e+01,3.433425724506378174e-02,3.165148422122001509e-02,2.686295127868652344e+01,3.666114063262939737e+01,4.309293746948242188e+00,6.032642507553100941e+00,2.663605101406574249e-02,2.379485089331865449e-02,2.717303868848830462e-04,2.410462664556689669e-04,1.290953332500066608e-05,1.290953332500066608e-05
1.279210567474365234e+01,4.478410682678222798e+01,1.279211902618408203e+01,4.478411827087402486e+01,2.842086926102638245e-02,3.126908000558614731e-02,9.492055892944335938e+00,3.874480590820312642e+01,3.248618125915527344e+00,5.984556150436401545e+00,2.281098067760467529e-02,2.322314605116844108e-02,2.000894310185685754e-04,2.526047363062389303e-04,1.291054468310903758e-05,1.291054468310903758e-05
4.270130920410156250e+01,4.675670280456542827e+01,4.270132064819335938e+01,4.675671424865722514e+01,6.332596391439437866e-02,3.058223724365234306e-02,3.721162033081054688e+01,4.075600700378417685e+01,5.385154247283935547e+00,5.947140932083129883e+00,4.073252528905868530e-02,2.276721950620412896e-02,4.712311201728880405e-04,2.056238197837956358e-04,1.291142871195916086e-05,1.291142871195916086e-05
4.344439315795898438e+01,4.892098693847655966e+01,4.344440460205078125e+01,4.892099838256835653e+01,2.631781995296478271e-02,3.068105597048997879e-02,3.565670776367187500e+01,4.293517456054687642e+01,7.741485595703125000e+00,5.932102537155151012e+00,1.947947964072227478e-02,2.225833516567945342e-02,4.027888353448361158e-04,7.708546821959316514e-04,1.291255830437876284e-05,1.291255830437876284e-05
3.051325607299804688e+01,5.116421089172363423e+01,3.051326942443847656e+01,5.116422233581543111e+01,1.920024864375591278e-02,2.947777714580297401e-02,2.446205902099609375e+01,4.525489540100097940e+01,6.016940593719482422e+00,5.857752895355224254e+00,1.483906060457229614e-02,2.178849931806325912e-02,2.181868767365813255e-04,2.961458289064466736e-04,1.291371518163941801e-05,1.291371518163941801e-05
4.374346923828125000e+01,5.357332725524902628e+01,4.374348068237304688e+01,5.357333908081054830e+01,3.399834409356117249e-02,2.913311831653118272e-02,3.894851684570312500e+01,4.772018394470214986e+01,4.736415386199951172e+00,5.802372646331787287e+00,2.425062842667102814e-02,2.134111281484365324e-02,2.899151586461812258e-04,2.969661960378289440e-04,1.291472381126368418e-05,1.291472381126368418e-05
6.187882232666015625e+01,5.556141548156737997e+01,6.187883377075195312e+01,5.556142730712890909e+01,5.036965012550354004e-02,2.901162598282098701e-02,5.662249374389648438e+01,4.972802848815918253e+01,5.173558712005615234e+00,5.783067178726196467e+00,3.204310685396194458e-02,2.110871821641922136e-02,3.574991133064031601e-04,2.009030955377966111e-04,1.291532316827215254e-05,1.291532316827215254e-05
1.247268753051757812e+02,5.744428482055663920e+01,1.247268905639648438e+02,5.744429740905761861e+01,2.755473367869853973e-02,2.867887951433658461e-02,1.149624633789062500e+02,5.167778587341308594e+01,9.716475486755371094e+00,5.716703748703002574e+00,2.010770142078399658e-02,2.085151169449090888e-02,2.658129087649285793e-04,2.653396921232342828e-04,1.291600437980378047e-05,1.291600437980378047e-05
6.408627986907958984e+00,5.939931793212890909e+01,6.408640861511230469e+00,5.939933090209960653e+01,2.700357511639595032e-02,2.873289901763200621e-02,4.862710952758789062e+00,5.372374114990234517e+01,1.499988317489624023e+00,5.625875616073608754e+00,1.856428571045398712e-02,2.064224667847156663e-02,3.609571140259504318e-04,3.264769737143069614e-04,1.291670923819765449e-05,1.291670923819765449e-05
5.703554534912109375e+01,5.994639434814452983e+01,5.703555679321289062e+01,5.994640769958495952e+01,3.899484500288963318e-02,2.850295770913362572e-02,5.047780227661132812e+01,5.428797454833984659e+01,6.492599964141845703e+00,5.609002208709716442e+00,2.570613287389278412e-02,2.052775435149669508e-02,4.435533774085342884e-04,3.876465518260374557e-04,1.291685475734993815e-05,1.291685475734993815e-05
1.444927978515625000e+01,6.114198417663574503e+01,1.444929313659667969e+01,6.114199752807617472e+01,3.892203792929649353e-02,2.834319230169057846e-02,1.218652343750000000e+01,5.555882530212402060e+01,2.196231603622436523e+00,5.534194755554199041e+00,2.725026197731494904e-02,2.037844825536012580e-02,3.522019542288035154e-04,2.439781645080074776e-04,1.291722946916706860e-05,1.291722946916706860e-05
4.022778701782226562e+01,6.225029220581054545e+01,4.022779846191406250e+01,6.225030555725097514e+01,2.997359074652194977e-02,2.922010421752929688e-02,3.401634979248046875e+01,5.674216804504394673e+01,6.161025047302246094e+00,5.458370637893676935e+00,2.019124664366245270e-02,2.031670156866311958e-02,2.498459361959248781e-04,2.172374996007420231e-04,1.291758781007956713e-05,1.291758781007956713e-05
2.731170654296875000e+01,6.317582435607910440e+01,2.731171989440917969e+01,6.317583770751953409e+01,2.142210491001605988e-02,2.839259859174490114e-02,2.447677040100097656e+01,5.775712089538573935e+01,2.797569751739501953e+00,5.369846487045288441e+00,1.567978784441947937e-02,2.006932031363248964e-02,2.651811810210347176e-04,3.940612572478130243e-04,1.291784610657487065e-05,1.291784610657487065e-05
8.677106475830078125e+01,6.361720428466797017e+01,8.677108001708984375e+01,6.361721763610839986e+01,3.266225755214691162e-02,2.813972644507884910e-02,8.287590026855468750e+01,5.828943176269531534e+01,3.837740898132324219e+00,5.279512548446655629e+00,2.453401498496532440e-02,1.991835199296474596e-02,2.257137821288779378e-04,2.020585801801644320e-04,1.291793978452915326e-05,1.291793978452915326e-05
5.109038162231445312e+01,6.397731666564941122e+01,5.109039306640625000e+01,6.397733001708984091e+01,3.490199148654937744e-02,2.820721566677093436e-02,4.554321289062500000e+01,5.874030570983886435e+01,5.489382743835449219e+00,5.188802003860473633e+00,2.264156565070152283e-02,1.981148645281791826e-02,2.446535800117999315e-04,1.904289762023836320e-04,1.291805801884038374e-05,1.291805801884038374e-05
1.066615962982177734e+01,6.416989021301269247e+01,1.066617298126220703e+01,6.416990356445312216e+01,1.675189286470413208e-02,2.867382355034351488e-02,7.432499408721923828e+00,5.903848495483398295e+01,3.202949762344360352e+00,5.082757663726806818e+00,1.386145129799842834e-02,1.968974657356738905e-02,9.708864672575145960e-05,2.863992616767063520e-04,1.291811622650129721e-05,1.291811622650129721e-05
6.458522796630859375e+01,6.410975494384766193e+01,6.458524322509765625e+01,6.410976829528809162e+01,2.779725939035415649e-02,2.835058532655239036e-02,5.640799331665039062e+01,5.909482269287109091e+01,8.128663063049316406e+00,4.966594219207763672e+00,2.044840902090072632e-02,1.955244001001119752e-02,3.265865088906139135e-04,4.369481437606737126e-04,1.291828084504231811e-05,1.291828084504231811e-05
1.282474822998046875e+02,6.411815834045410156e+01,1.282474975585937500e+02,6.411817169189453125e+01,2.492131479084491730e-02,2.972442694008350234e-02,1.221604080200195312e+02,5.925890007019042827e+01,6.044721603393554688e+00,4.809257602691650035e+00,1.676711440086364746e-02,1.941090244799852441e-02,6.769844912923872471e-04,8.641954977065324566e-04,1.291837725148070604e-05,1.291837725148070604e-05
2.667759704589843750e+01,6.390213661193847372e+01,2.667761039733886719e+01,6.390214996337890341e+01,2.896427549421787262e-02,2.855159845203161101e-02,2.367464065551757812e+01,5.895526885986328125e+01,2.956450700759887695e+00,4.898596429824829457e+00,1.716309040784835815e-02,1.940081976354122301e-02,3.780587867368012667e-04,3.182210086379200112e-04,1.291810895054368302e-05,1.291810895054368302e-05
6.812223911285400391e+00,6.409371147155761150e+01,6.812236785888671875e+00,6.409372482299804119e+01,3.175467997789382935e-02,2.835140898823738237e-02,6.030264854431152344e+00,5.926562232971191690e+01,7.284640073776245117e-01,4.780187749862671254e+00,2.139512449502944946e-02,1.925454232841729979e-02,3.452530072536319494e-04,2.965254971059039235e-04,1.291830994887277484e-05,1.291830994887277484e-05
8.009895324707031250e+01,6.406772880554198935e+01,8.009896850585937500e+01,6.406774215698241903e+01,2.052185311913490295e-02,2.927262037992477486e-02,7.560584259033203125e+01,5.920503158569336222e+01,4.455906391143798828e+00,4.813702440261840465e+00,1.635714992880821228e-02,1.925522014498710563e-02,3.174237790517508984e-04,4.673172079492360353e-04,1.291795888391789049e-05,1.291795888391789049e-05
4.517892456054687500e+01,6.409919128417968182e+01,4.517893600463867188e+01,6.409920463562011150e+01,4.455414414405822754e-02,2.896391656249761720e-02,3.970157623291015625e+01,5.938739852905273153e+01,5.404310226440429688e+00,4.663197398185729980e+00,2.780913561582565308e-02,1.915825456380844047e-02,6.724956911057233810e-04,4.732015426270663521e-04,1.291822354687610641e-05,1.291822354687610641e-05
3.419272422790527344e+00,1.315858621597289968e+01,3.419285297393798828e+00,1.315859956741332937e+01,1.334861516952514648e-01,1.663036540150642506e-01,2.826617479324340820e+00,1.171558227539062536e+01,3.195996284484863281e-01,1.104890280961990268e+00,1.792966760694980621e-02,2.082854621112346580e-02,1.216396838426589966e-01,1.509814575314521734e-01,1.289128704229369760e-05,1.289128704229369760e-05
7.805504322052001953e+00,6.092717695236205877e+00,7.805517196655273438e+00,6.092730569839477361e+00,1.167153865098953247e-01,9.137750193476676386e-02,6.425955772399902344e+00,5.262671613693237660e+00,1.165431976318359375e+00,6.567616283893584761e-01,2.973930910229682922e-02,2.338006030768156190e-02,6.766166538000106812e-02,5.852676220238208632e-02,1.286632868868764490e-05,1.286632868868764490e-05
6.469608306884765625e+00,3.961755156517028809e+00,6.469621181488037109e+00,3.961768031120300293e+00,1.040908321738243103e-01,9.009475335478782376e-02,5.335231304168701172e+00,3.292564225196838557e+00,9.498226642608642578e-01,5.120498031377792580e-01,3.202493116259574890e-02,2.443753108382224967e-02,4.843845218420028687e-02,4.260892942547798296e-02,1.284349491470493376e-05,1.284349491470493376e-05
1.113399982452392578e+00,2.929315376281738104e+00,1.113412857055664062e+00,2.929328250885009588e+00,9.116356819868087769e-02,9.223631322383880893e-02,7.235693931579589844e-01,2.313667416572570801e+00,2.346573173999786377e-01,4.583422213792801014e-01,2.793461829423904419e-02,2.647222727537155290e-02,3.607494756579399109e-02,3.859716244041919847e-02,1.282335324503947049e-05,1.282335324503947049e-05
1.535242676734924316e+00,2.162668645381927490e+00,1.535255432128906250e+00,2.162681484222412021e+00,5.868764594197273254e-02,8.084189966320991239e-02,1.034540653228759766e+00,1.587024295330047519e+00,3.916281461715698242e-01,4.330497831106185913e-01,2.512487769126892090e-02,2.947386559098958900e-02,2.526130340993404388e-02,3.227883540093898912e-02,1.281159893551375717e-05,1.281159893551375717e-05
8.460073471069335938e-01,1.654178190231323287e+00,8.460201621055603027e-01,1.654190945625305220e+00,5.338642001152038574e-02,8.002238348126411438e-02,4.239436984062194824e-01,1.112989187240600586e+00,3.142485320568084717e-01,3.987690448760986550e-01,2.622291818261146545e-02,3.144020587205886841e-02,2.820573374629020691e-02,3.095742035657167435e-02,1.280466403841273859e-05,1.280466403841273859e-05
1.368165612220764160e+00,1.287215852737426669e+00,1.368178367614746094e+00,1.287228608131408603e+00,7.812780141830444336e-02,7.687646001577377874e-02,8.321278095245361328e-01,7.953533411026001421e-01,4.024811983108520508e-01,3.525496274232864380e-01,2.824086137115955353e-02,3.389680832624435147e-02,2.718794904649257660e-02,2.853962481021881173e-02,1.279647221963386983e-05,1.279647221963386983e-05
1.302881836891174316e+00,1.198778784275055020e+00,1.302894592285156250e+00,1.198791539669036954e+00,9.407329559326171875e-02,7.681393921375274936e-02,7.784921526908874512e-01,7.219321072101593240e-01,3.446437716484069824e-01,3.365426748991012795e-01,4.259110987186431885e-02,3.419691026210784635e-02,4.308152198791503906e-02,2.929318416863679886e-02,1.279393472941592336e-05,1.279393472941592336e-05
2.439437866210937500e+00,9.808340668678283691e-01,2.439450740814208984e+00,9.808468222618103027e-01,7.116449624300003052e-02,6.697911545634269159e-02,1.575676321983337402e+00,5.444771707057952659e-01,7.250170707702636719e-01,3.099382698535919078e-01,3.667104989290237427e-02,3.397143930196762363e-02,3.090875223278999329e-02,2.546808756887912820e-02,1.278226227441336960e-05,1.278226227441336960e-05
7.020527720451354980e-01,8.328840970993042214e-01,7.020655274391174316e-01,8.328968524932861550e-01,6.030214577913284302e-02,6.693872809410095215e-02,3.362418711185455322e-01,4.222208529710769764e-01,2.559265792369842529e-01,2.834726035594939964e-01,3.154674544930458069e-02,3.396449424326419830e-02,1.803538575768470764e-02,2.628741525113582542e-02,1.277630781260086223e-05,1.277630781260086223e-05
7.671942114830017090e-01,7.576361596584320068e-01,7.672069668769836426e-01,7.576489150524139404e-01,7.694654166698455811e-02,7.079263851046561917e-02,3.474910855293273926e-01,3.572639197111129872e-01,2.814669609069824219e-01,2.657729357481002919e-01,3.275230899453163147e-02,3.356240615248680392e-02,2.853729762136936188e-02,3.024427518248557975e-02,1.276763305213535205e-05,1.276763305213535205e-05
8.817865252494812012e-01,7.003186464309691939e-01,8.817992806434631348e-01,7.003314018249511275e-01,6.695598363876342773e-02,6.642299368977547247e-02,3.742742538452148438e-01,3.207951098680495994e-01,3.903050422668457031e-01,2.549003392457961925e-01,3.158329799771308899e-02,3.303951285779475888e-02,1.866796053946018219e-02,2.516070362180471490e-02,1.275598879146855325e-05,1.275598879146855325e-05
8.476033806800842285e-01,6.727732479572295921e-01,8.476161360740661621e-01,6.727860033512115256e-01,6.897457689046859741e-02,6.200430206954479079e-02,4.066358804702758789e-01,3.115638047456741333e-01,3.191370964050292969e-01,2.456351295113563538e-01,3.530687838792800903e-02,3.259960375726222992e-02,1.754889264702796936e-02,2.097041085362434318e-02,1.274351325264433399e-05,1.274351325264433399e-05
6.489697694778442383e-01,6.409233927726745161e-01,6.489825248718261719e-01,6.409361481666564497e-01,9.048108756542205811e-02,6.629837825894355219e-02,3.060124516487121582e-01,2.824682652950286643e-01,1.859174370765686035e-01,2.359942898154258617e-01,4.249957203865051270e-02,3.249628096818923950e-02,2.405920438468456268e-02,2.366619054228067537e-02,1.272918598260730505e-05,1.272918598260730505e-05
5.065850615501403809e-01,6.252887725830078569e-01,5.065977573394775391e-01,6.253014683723450151e-01,5.069723725318908691e-02,6.489910446107387265e-02,2.264167815446853638e-01,2.772902011871337669e-01,1.941752731800079346e-01,2.287496238946914728e-01,2.559229359030723572e-02,3.243003226816654205e-02,9.703480638563632965e-03,2.191983032971620698e-02,1.271552082471316680e-05,1.271552082471316680e-05
7.367433309555053711e-01,6.073270976543426736e-01,7.367560267448425293e-01,6.073397934436798318e-01,6.975330412387847900e-02,6.459304764866828641e-02,2.715910375118255615e-01,2.681923657655715942e-01,3.449631333351135254e-01,2.205052241683006231e-01,3.075583279132843018e-02,3.240527361631393571e-02,1.967999711632728577e-02,2.163117248564958711e-02,1.270209031645208597e-05,1.270209031645208597e-05
5.061078667640686035e-01,6.002723395824431929e-01,5.061205625534057617e-01,6.002850353717803511e-01,6.393669545650482178e-02,6.722332760691643316e-02,2.187682688236236572e-01,2.622865796089172141e-01,1.789777725934982300e-01,2.163761258125305176e-01,2.740689739584922791e-02,3.229118995368480960e-02,1.701825484633445740e-02,2.209510393440723350e-02,1.268799223907990381e-05,1.268799223907990381e-05
7.409208416938781738e-01,5.942013025283813255e-01,7.409335374832153320e-01,5.942139983177184837e-01,7.577056437730789185e-02,6.547429449856281836e-02,2.821312844753265381e-01,2.610290080308914074e-01,3.076071739196777344e-01,2.138918101787567194e-01,4.109630361199378967e-02,3.232095241546630721e-02,3.431550785899162292e-02,2.148523870855569701e-02,1.268489177164155990e-05,1.268489177164155990e-05
6.488115787506103516e-01,6.173186957836150901e-01,6.488242745399475098e-01,6.173313915729522483e-01,6.881006062030792236e-02,5.989843755960464616e-02,3.281741738319396973e-01,2.993133217096328735e-01,1.909513026475906372e-01,2.074797511100769098e-01,3.733610734343528748e-02,3.232598379254340848e-02,2.353998087346553802e-02,1.830119341611862252e-02,1.267448169528506696e-05,1.267448169528506696e-05
5.088418722152709961e-01,5.646342456340789351e-01,5.088545083999633789e-01,5.646468818187713179e-01,4.726195335388183594e-02,6.378646641969680509e-02,2.434201389551162720e-01,2.471945971250534002e-01,1.828434765338897705e-01,2.012757062911987305e-01,2.393274195492267609e-02,3.262577764689922333e-02,1.138355955481529236e-02,1.975170113146305223e-02,1.266422987100668252e-05,1.266422987100668252e-05
5.192910432815551758e-01,5.570539295673370139e-01,5.193036794662475586e-01,5.570665657520293967e-01,5.280409008264541626e-02,6.486851386725903112e-02,2.461865544319152832e-01,2.446507170796394237e-01,1.815268546342849731e-01,1.956651017069816478e-01,2.647866867482662201e-02,3.242944404482841353e-02,1.229491177946329117e-02,1.944015137851238390e-02,1.265433365915669128e-05,1.265433365915669128e-05
5.479202270507812500e-01,5.395302534103393333e-01,5.479328632354736328e-01,5.395428895950317161e-01,7.470346987247467041e-02,6.559481397271156589e-02,2.200215905904769897e-01,2.312780261039733831e-01,1.977083683013916016e-01,1.900524899363517650e-01,3.047815710306167603e-02,3.256331235170364241e-02,2.500859461724758148e-02,2.004161179065704415e-02,1.264764978259336203e-05,1.264764978259336203e-05
5.246411561965942383e-01,5.282723248004913552e-01,5.246537923812866211e-01,5.282849609851837380e-01,6.607438623905181885e-02,6.511390246450901587e-02,2.224327325820922852e-01,2.261889949440956116e-01,1.783338487148284912e-01,1.863625481724739130e-01,3.675806894898414612e-02,3.219018504023551941e-02,2.104210294783115387e-02,1.841668169945478301e-02,1.264102502318564802e-05,1.264102502318564802e-05
5.570201873779296875e-01,5.236495912075043169e-01,5.570328235626220703e-01,5.236622273921966997e-01,6.555600464344024658e-02,6.734045147895813266e-02,2.268430888652801514e-01,2.245757669210433904e-01,2.057115286588668823e-01,1.790028512477874756e-01,3.450466692447662354e-02,3.246786892414092740e-02,2.440488524734973907e-02,2.026265375316143105e-02,1.264046841242816299e-05,1.264046841242816299e-05
4.704095721244812012e-01,5.129616439342499223e-01,4.704222083091735840e-01,5.129742801189423052e-01,6.103576347231864929e-02,6.858382001519203186e-02,1.888918727636337280e-01,2.159656733274459839e-01,1.749380826950073242e-01,1.757040873169898876e-01,2.847222238779067993e-02,3.241585977375507216e-02,1.707164011895656586e-02,2.029218804091215134e-02,1.263695321540581062e-05,1.263695321540581062e-05
4.782486855983734131e-01,5.123889803886413352e-01,4.782613217830657959e-01,5.124016165733337180e-01,6.683911383152008057e-02,6.534222699701786041e-02,2.004583030939102173e-01,2.260257586836814936e-01,1.677433550357818604e-01,1.712727725505828746e-01,2.810500562191009521e-02,3.200296424329281131e-02,1.510288193821907043e-02,1.774526350200176378e-02,1.263542526430683210e-05,1.263542526430683210e-05
5.360466241836547852e-01,4.935581058263778798e-01,5.360592603683471680e-01,4.935707420110702626e-01,7.807914912700653076e-02,6.448562778532504480e-02,2.260327786207199097e-01,2.115530937910080067e-01,1.732677221298217773e-01,1.684067502617835888e-01,3.910103440284729004e-02,3.191180061548948288e-02,1.956594549119472504e-02,1.720082573592662811e-02,1.263580270460806787e-05,1.263580270460806787e-05
4.430349767208099365e-01,4.899219334125518577e-01,4.430476129055023193e-01,4.899345695972442405e-01,4.701999202370643616e-02,6.503359824419022162e-02,1.949055492877960205e-01,2.083053901791572515e-01,1.675185412168502808e-01,1.678755894303321783e-01,2.399946190416812897e-02,3.180253021419048032e-02,9.591419249773025513e-03,1.690482702106237481e-02,1.263477861357387155e-05,1.263477861357387155e-05
4.674786925315856934e-01,4.947020918130874412e-01,4.674913287162780762e-01,4.947147279977798240e-01,6.371217221021652222e-02,6.177552603185176849e-02,1.984199136495590210e-01,2.213776364922523388e-01,1.525729596614837646e-01,1.646504178643226624e-01,3.330082818865776062e-02,3.150349669158458710e-02,1.947284862399101257e-02,1.539501873776316643e-02,1.262809018953703344e-05,1.262809018953703344e-05
4.960783123970031738e-01,4.917697101831436379e-01,4.960909485816955566e-01,4.917823463678360207e-01,6.604156643152236938e-02,6.532112434506416598e-02,2.294451743364334106e-01,2.173113107681274303e-01,1.502067595720291138e-01,1.601901099085807911e-01,3.130596876144409180e-02,3.166979495435953001e-02,1.907885819673538208e-02,1.727736704051494737e-02,1.262661407963605598e-05,1.262661407963605598e-05
4.276007115840911865e-01,5.112965911626815574e-01,4.276133477687835693e-01,5.113092273473739402e-01,4.696266353130340576e-02,6.575128510594367703e-02,1.627333313226699829e-01,2.394301638007164112e-01,1.774636805057525635e-01,1.596970275044441168e-01,2.578990906476974487e-02,3.071730770170688629e-02,1.465112529695034027e-02,1.570081664249300957e-02,1.262352270714472979e-05,1.262352270714472979e-05
3.929067850112915039e-01,6.047271788120269775e-01,3.929194211959838867e-01,6.047398149967193604e-01,3.823475912213325500e-02,6.650664731860160550e-02,1.769055575132369995e-01,3.204569637775421254e-01,1.468929499387741089e-01,1.672236636281013433e-01,2.190740592777729034e-02,3.181909471750259122e-02,8.966115303337574005e-03,1.872081439942121367e-02,1.262837304238928482e-05,1.262837304238928482e-05
5.053101778030395508e-01,6.043178975582123025e-01,5.053228139877319336e-01,6.043305337429046853e-01,5.497223138809204102e-02,7.582122534513473233e-02,2.415768802165985107e-01,3.030428022146224865e-01,1.689691245555877686e-01,1.710011124610900934e-01,2.415986359119415283e-02,2.975518349558115005e-02,1.563206501305103302e-02,2.469757124781608512e-02,1.262412297364789993e-05,1.262412297364789993e-05
4.938771724700927734e-01,5.188211500644683838e-01,4.938898086547851562e-01,5.188337862491607666e-01,7.137108594179153442e-02,6.474250890314578455e-02,2.036812156438827515e-01,2.385007485747337452e-01,1.704699695110321045e-01,1.701686859130859264e-01,3.232196345925331116e-02,3.046307098120450835e-02,1.603293232619762421e-02,1.494615022093057598e-02,1.263680314878001809e-05,1.263680314878001809e-05
4.771207273006439209e-01,4.975961089134216531e-01,4.771333634853363037e-01,4.976087450981140359e-01,6.111555546522140503e-02,6.438213922083377283e-02,1.950281262397766113e-01,2.273613393306732067e-01,1.703059971332550049e-01,1.599308401346206665e-01,3.019330091774463654e-02,3.064923789352178712e-02,2.047775126993656158e-02,1.527254655957221985e-02,1.264403908862732351e-05,1.264403908862732351e-05
4.727323949337005615e-01,4.731991529464721902e-01,4.727450311183929443e-01,4.732117891311645730e-01,6.913001090288162231e-02,6.286184601485729495e-02,1.997432708740234375e-01,2.122158139944076427e-01,1.590797901153564453e-01,1.557422116398811396e-01,3.388527408242225647e-02,3.012939505279064317e-02,1.089406944811344147e-02,1.224989378824830125e-02,1.264324873773148283e-05,1.264324873773148283e-05
4.091957509517669678e-01,4.596932083368301392e-01,4.092083871364593506e-01,4.597058445215225220e-01,5.188347399234771729e-02,6.274849288165569583e-02,1.773655712604522705e-01,2.063489481806755066e-01,1.417547315359115601e-01,1.470714822411537115e-01,2.518132701516151428e-02,3.030637782067060332e-02,1.301064714789390564e-02,1.321791308000683750e-02,1.264547609025612473e-05,1.264547609025612473e-05
3.959444463253021240e-01,4.467519164085388406e-01,3.959570825099945068e-01,4.467645525932312234e-01,5.856427922844886780e-02,6.383312307298183441e-02,1.670558899641036987e-01,1.920989423990249745e-01,1.406231224536895752e-01,1.471957549452781733e-01,2.239794656634330750e-02,3.027118239551782747e-02,7.303198799490928650e-03,1.335291396826505592e-02,1.264571255887858570e-05,1.264571255887858570e-05
4.238005876541137695e-01,4.350854814052581565e-01,4.238132238388061523e-01,4.350981175899505393e-01,6.291425973176956177e-02,6.401581019163131436e-02,1.959160864353179932e-01,1.857944682240486034e-01,1.322573870420455933e-01,1.416212737560272328e-01,2.734453789889812469e-02,3.023982569575309892e-02,5.368347745388746262e-03,1.341410595923662151e-02,1.264468846784438938e-05,1.264468846784438938e-05
4.339314997196197510e-01,4.220278054475784524e-01,4.339441359043121338e-01,4.220404416322708352e-01,6.838450580835342407e-02,6.046814322471618514e-02,1.820255517959594727e-01,1.803449809551239125e-01,1.417964845895767212e-01,1.387653082609176525e-01,3.196759149432182312e-02,3.017829470336437156e-02,9.757366031408309937e-03,1.227106908336281742e-02,1.264130150957498699e-05,1.264130150957498699e-05
3.799191713333129883e-01,4.130697757005691306e-01,3.799318075180053711e-01,4.130824118852615134e-01,5.305337905883789062e-02,6.105380095541477342e-02,1.501968652009963989e-01,1.748184368014335521e-01,1.425179988145828247e-01,1.352067291736602783e-01,2.524432726204395294e-02,2.983305640518665175e-02,8.906589820981025696e-03,1.215775385499000619e-02,1.264556794922100380e-05,1.264556794922100380e-05
3.875710964202880859e-01,4.078290581703186146e-01,3.875837326049804688e-01,4.078416943550109974e-01,5.659839138388633728e-02,6.203126534819602966e-02,1.675938367843627930e-01,1.717364028096199091e-01,1.213883757591247559e-01,1.312659531831741333e-01,3.017142415046691895e-02,2.980056330561637809e-02,1.181906554847955704e-02,1.299487734213471482e-02,1.264945149159757420e-05,1.264945149159757420e-05
4.489971995353698730e-01,4.080259710550308005e-01,4.490098357200622559e-01,4.080386072397231834e-01,7.989422231912612915e-02,5.948728099465370317e-02,1.889862567186355591e-01,1.775128856301307623e-01,1.344825327396392822e-01,1.304287776350974981e-01,3.525169193744659424e-02,2.930134776979684968e-02,1.038247253745794296e-02,1.129567408934235503e-02,1.265073478862177581e-05,1.265073478862177581e-05
4.112923443317413330e-01,4.180560559034347534e-01,4.113050103187561035e-01,4.180687218904495239e-01,6.595903635025024414e-02,6.818744391202927191e-02,1.569110751152038574e-01,1.778046384453773610e-01,1.464300155639648438e-01,1.284581080079078563e-01,2.945883758366107941e-02,2.945007998496294160e-02,1.253336388617753983e-02,1.415578629821538995e-02,1.265248465642798692e-05,1.265248465642798692e-05
3.933426439762115479e-01,4.102571070194244163e-01,3.933553099632263184e-01,4.102697730064391868e-01,5.701993033289909363e-02,5.981287024915218214e-02,1.498701274394989014e-01,1.827078953385353199e-01,1.368840187788009644e-01,1.252994477748870794e-01,3.263942524790763855e-02,2.958672028034925461e-02,1.692916080355644226e-02,1.285017337650060619e-02,1.265765786229167134e-05,1.265765786229167134e-05
2.889683842658996582e-01,4.062011182308197244e-01,2.889810502529144287e-01,4.062137842178344949e-01,3.359366208314895630e-02,6.254159063100814264e-02,1.163207069039344788e-01,1.791654735803604181e-01,1.179049238562583923e-01,1.217617452144622858e-01,1.597064174711704254e-02,2.935809902846813271e-02,5.178459919989109039e-03,1.337421163916587864e-02,1.266545405087526888e-05,1.266545405087526888e-05
4.369392395019531250e-01,3.814023494720458762e-01,4.369519054889678955e-01,3.814150154590606467e-01,8.456417918205261230e-02,6.162736341357231279e-02,1.769727170467376709e-01,1.580821514129638616e-01,1.160567477345466614e-01,1.198311552405357389e-01,3.903411701321601868e-02,2.912571132183074812e-02,2.031147666275501251e-02,1.273596035316586564e-02,1.267439074581488967e-05,1.267439074581488967e-05
3.974387049674987793e-01,3.844902515411376953e-01,3.974513709545135498e-01,3.845029175281524658e-01,6.683322787284851074e-02,6.236072853207588057e-02,1.730839908123016357e-01,1.608295395970344432e-01,1.155679896473884583e-01,1.194397330284118625e-01,3.019054234027862549e-02,2.897611185908317497e-02,1.176297944039106369e-02,1.288413777947425808e-02,1.267537663807161152e-05,1.267537663807161152e-05
3.823722898960113525e-01,3.933188736438751332e-01,3.823849558830261230e-01,3.933315396308899037e-01,6.367190927267074585e-02,5.784683674573898315e-02,1.696158796548843384e-01,1.787726387381553539e-01,1.060439199209213257e-01,1.165687628090381622e-01,3.199882432818412781e-02,2.892152592539787292e-02,1.104177907109260559e-02,1.120910309255123208e-02,1.267842708330135792e-05,1.267842708330135792e-05
3.442457318305969238e-01,4.157997906208038552e-01,3.442583978176116943e-01,4.158124566078186257e-01,5.652231723070144653e-02,6.721105948090552729e-02,1.403417438268661499e-01,1.894201830029487721e-01,1.110695227980613708e-01,1.159429527819156591e-01,2.659578807651996613e-02,2.868353500962257316e-02,9.716322645545005798e-03,1.454205987975001370e-02,1.267961852136068046e-05,1.267961852136068046e-05
3.991698622703552246e-01,4.590076863765716331e-01,3.991825282573699951e-01,4.590203523635864036e-01,5.517118051648139954e-02,6.178681924939155579e-02,1.967045068740844727e-01,2.367878466844558771e-01,1.069249734282493591e-01,1.144813090562820379e-01,2.674542367458343506e-02,2.866823803633451392e-02,1.362376846373081207e-02,1.728347055613994529e-02,1.268084815819747746e-05,1.268084815819747746e-05
3.860854804515838623e-01,3.814446628093719482e-01,3.860981464385986328e-01,3.814573287963867188e-01,5.994328483939170837e-02,5.886652432382107059e-02,1.708913445472717285e-01,1.665310576558113043e-01,1.173368394374847412e-01,1.160102099180221613e-01,2.738861180841922760e-02,2.859697379171848367e-02,1.052539609372615814e-02,1.143989898264408112e-02,1.267962579731829464e-05,1.267962579731829464e-05
3.397827446460723877e-01,3.569340854883193970e-01,3.397954404354095459e-01,3.569467812776565552e-01,5.752891674637794495e-02,5.852704234421253482e-02,1.367914229631423950e-01,1.475858107209205572e-01,1.120144054293632507e-01,1.107533849775791113e-01,2.610573172569274902e-02,2.864813003689050536e-02,7.342290133237838745e-03,1.141972523182630504e-02,1.268529649678384885e-05,1.268529649678384885e-05
3.349258899688720703e-01,3.521373361349106057e-01,3.349385857582092285e-01,3.521500319242477639e-01,5.498640611767768860e-02,5.699591077864170352e-02,1.259812712669372559e-01,1.468628704547882136e-01,1.134747490286827087e-01,1.091590553522110013e-01,3.159802034497261047e-02,2.820432614535093446e-02,8.885458111763000488e-03,1.091517182067036629e-02,1.268901542061939836e-05,1.268901542061939836e-05
3.302741944789886475e-01,3.495133638381958119e-01,3.302868902683258057e-01,3.495260596275329701e-01,5.904408171772956848e-02,5.725243762135505399e-02,1.277922838926315308e-01,1.463556140661239624e-01,1.073400080204010010e-01,1.070282131433486911e-01,2.560541220009326935e-02,2.816629596054553986e-02,1.049242168664932251e-02,1.071079364046454395e-02,1.269147833227179945e-05,1.269147833227179945e-05
3.655236363410949707e-01,3.389796823263168113e-01,3.655363321304321289e-01,3.389923781156539695e-01,7.694065570831298828e-02,6.000120043754577498e-02,1.419059634208679199e-01,1.342254057526588440e-01,9.444449096918106079e-02,1.052406050264835385e-01,3.803483396768569946e-02,2.776756975799798965e-02,1.419770717620849609e-02,1.174489259719848668e-02,1.269600397790782154e-05,1.269600397790782154e-05
3.334897160530090332e-01,3.310471653938293346e-01,3.335024118423461914e-01,3.310598611831664928e-01,6.060813367366790771e-02,5.814613662660121640e-02,1.218019202351570129e-01,1.303129598498344310e-01,1.015504449605941772e-01,1.043234184384345953e-01,3.277147561311721802e-02,2.767653074115514894e-02,1.675771921873092651e-02,1.058812048286199639e-02,1.269827771466225386e-05,1.269827771466225386e-05
3.414761126041412354e-01,3.314990818500518910e-01,3.414888083934783936e-01,3.315117776393890492e-01,6.706583499908447266e-02,5.857837535440921922e-02,1.381482928991317749e-01,1.311217263340949957e-01,9.432262927293777466e-02,1.027164734899997656e-01,3.224795684218406677e-02,2.758155409246683051e-02,9.691375307738780975e-03,1.150095695629715919e-02,1.269964286620961502e-05,1.269964286620961502e-05
2.604082226753234863e-01,3.386618047952651978e-01,2.604209184646606445e-01,3.386745005846023560e-01,3.686513006687164307e-02,6.265907511115073603e-02,9.685970097780227661e-02,1.340192839503288325e-01,9.680326282978057861e-02,1.010632462799549158e-01,2.038856595754623413e-02,2.724955007433891435e-02,9.491552598774433136e-03,1.367064993828535045e-02,1.270551456400426105e-05,1.270551456400426105e-05
3.032899498939514160e-01,3.403023391962051170e-01,3.033026754856109619e-01,3.403150647878646629e-01,5.712813138961791992e-02,5.661754608154297153e-02,1.124254539608955383e-01,1.437463670969009455e-01,9.569668769836425781e-02,1.023434013128280695e-01,2.826071344316005707e-02,2.702824659645557473e-02,9.778976440429687500e-03,1.056678071618080174e-02,1.271114615519763902e-05,1.271114615519763902e-05
3.183944821357727051e-01,3.800858378410339466e-01,3.184072077274322510e-01,3.800985634326934925e-01,5.154000222682952881e-02,5.654720626771449904e-02,1.305385231971740723e-01,1.862952277064323370e-01,1.013413295149803162e-01,9.936404600739479065e-02,2.619341388344764709e-02,2.726399451494216850e-02,8.781215175986289978e-03,1.061536651104688644e-02,1.272197823709575459e-05,1.272197823709575459e-05
3.741427063941955566e-01,3.378465533256530540e-01,3.741554319858551025e-01,3.378592789173125999e-01,7.224016636610031128e-02,5.940182879567146301e-02,1.607666462659835815e-01,1.382174924015998896e-01,9.428589791059494019e-02,1.017596960067748968e-01,3.248392418026924133e-02,2.703623156994581361e-02,1.436605211347341537e-02,1.143130799755454063e-02,1.272663666895823553e-05,1.272663666895823553e-05
3.064004480838775635e-01,3.902322620153427235e-01,3.064131736755371094e-01,3.902449876070022694e-01,4.855038598179817200e-02,5.814616940915584564e-02,1.333596706390380859e-01,1.893418610095977672e-01,9.076850861310958862e-02,1.036990687251091031e-01,2.425267174839973450e-02,2.663187775760889053e-02,9.469199925661087036e-03,1.241328408941626618e-02,1.273899943043943495e-05,1.273899943043943495e-05
3.688399493694305420e-01,4.160088568925857655e-01,3.688527047634124756e-01,4.160216122865676991e-01,7.083234935998916626e-02,6.307069845497607907e-02,1.561156958341598511e-01,2.114327803254127391e-01,1.016256138682365417e-01,1.007956616580486242e-01,2.730185538530349731e-02,2.654910311102866988e-02,1.296443305909633636e-02,1.416060477495193447e-02,1.276399507332826033e-05,1.276399507332826033e-05
4.577616453170776367e-01,3.982281774282455666e-01,4.577744305133819580e-01,3.982409626245498879e-01,7.038898766040802002e-02,6.983453184366225641e-02,2.254912555217742920e-01,1.783745303750038091e-01,1.139564737677574158e-01,1.049789011478424045e-01,2.597894892096519470e-02,2.741343770176172395e-02,2.194596081972122192e-02,1.762677803635597298e-02,1.278450235986383632e-05,1.278450235986383632e-05
3.785264194011688232e-01,3.879804760217666626e-01,3.785392343997955322e-01,3.879932910203933716e-01,7.181510329246520996e-02,6.099042519927024703e-02,1.578489691019058228e-01,1.862856358289718683e-01,9.535556286573410034e-02,1.013782620429992676e-01,3.294570744037628174e-02,2.711064927279949188e-02,2.056105993688106537e-02,1.221550637856125797e-02,1.280314609175547957e-05,1.280314609175547957e-05
3.279998004436492920e-01,3.475804924964904785e-01,3.280126154422760010e-01,3.475933074951171875e-01,6.290719658136367798e-02,6.019665934145450314e-02,1.382703781127929688e-01,1.517565697431564331e-01,8.402384817600250244e-02,9.731582328677176874e-02,2.933724038302898407e-02,2.643365412950515747e-02,1.346114929765462875e-02,1.187779549509286950e-02,1.281335335079347715e-05,1.281335335079347715e-05
3.761809170246124268e-01,3.430697917938232422e-01,3.761937320232391357e-01,3.430826067924499512e-01,5.310275405645370483e-02,5.685640424489975253e-02,1.659803390502929688e-01,1.530740335583686829e-01,1.204023733735084534e-01,9.615219980478287298e-02,2.393393032252788544e-02,2.622996997088193963e-02,1.276154071092605591e-02,1.075718486681580613e-02,1.281448021472897381e-05,1.281448021472897381e-05
2.905918657779693604e-01,3.148047149181366078e-01,2.906046807765960693e-01,3.148175299167633168e-01,5.294516682624816895e-02,6.045992635190487047e-02,1.087252050638198853e-01,1.246341988444328308e-01,9.307209402322769165e-02,9.142196178436279297e-02,2.369009330868721008e-02,2.629584148526191781e-02,1.215929258614778519e-02,1.199278607964515686e-02,1.282182347495108843e-05,1.282182347495108843e-05
2.989400327205657959e-01,3.168495476245880016e-01,2.989528477191925049e-01,3.168623626232147106e-01,5.314854905009269714e-02,6.030566468834876875e-02,1.062632575631141663e-01,1.286563254892826025e-01,1.010494232177734375e-01,9.098000153899192533e-02,2.352010644972324371e-02,2.601694483309984277e-02,1.495871972292661667e-02,1.089060762897133862e-02,1.282282210013363510e-05,1.282282210013363510e-05
3.673404157161712646e-01,3.238571435213088989e-01,3.673532307147979736e-01,3.238699585199356079e-01,8.218216150999069214e-02,6.020428128540515622e-02,1.553952544927597046e-01,1.382177680730819758e-01,8.114682883024215698e-02,8.889508619904518127e-02,3.502684831619262695e-02,2.577936146408319612e-02,1.358932722359895706e-02,1.076064724475145340e-02,1.282771154365036637e-05,1.282771154365036637e-05
2.994971871376037598e-01,3.281378090381622536e-01,2.995100319385528564e-01,3.281506538391113503e-01,4.874275997281074524e-02,5.653114467859268050e-02,1.338869482278823853e-01,1.474615275859832708e-01,8.764961361885070801e-02,8.929104357957839966e-02,2.090648375451564789e-02,2.510591093450784822e-02,8.311375975608825684e-03,9.748176392167805931e-03,1.283147503272630274e-05,1.283147503272630274e-05
2.729032933712005615e-01,3.337358504533767811e-01,2.729161381721496582e-01,3.337486952543258778e-01,4.749339073896408081e-02,5.829058326780796329e-02,1.112895756959915161e-01,1.473338544368743841e-01,7.876729220151901245e-02,9.139732494950295050e-02,2.371071279048919678e-02,2.569937873631715844e-02,1.164231356233358383e-02,1.101470123976469075e-02,1.283753408642951399e-05,1.283753408642951399e-05
2.643590569496154785e-01,3.031033158302307018e-01,2.643719017505645752e-01,3.031161606311797985e-01,5.047198757529258728e-02,5.644822865724563599e-02,1.045444682240486145e-01,1.238859586417675046e-01,7.722783088684082031e-02,8.700686991214752475e-02,2.168693207204341888e-02,2.548769731074571748e-02,1.042783539742231369e-02,1.027455609291791881e-02,1.284297104575671256e-05,1.284297104575671256e-05
2.394947558641433716e-01,2.999801188707351685e-01,2.395076006650924683e-01,2.999929636716842651e-01,4.000159725546836853e-02,6.081310361623763761e-02,8.763786405324935913e-02,1.182333439588546808e-01,8.296592533588409424e-02,8.419142365455627164e-02,2.077059447765350342e-02,2.526711877435445716e-02,8.118773810565471649e-03,1.147512337192893063e-02,1.284303107240702957e-05,1.284303107240702957e-05
3.018023371696472168e-01,3.060384064912796132e-01,3.018151819705963135e-01,3.060512512922287098e-01,5.552625283598899841e-02,5.875034518539905271e-02,1.183000579476356506e-01,1.289537124335765894e-01,8.660830557346343994e-02,8.165220245718955716e-02,2.413461729884147644e-02,2.492449227720499108e-02,1.723309792578220367e-02,1.175765143707394565e-02,1.284874269913416356e-05,1.284874269913416356e-05
3.094865083694458008e-01,3.095656216144561657e-01,3.094993531703948975e-01,3.095784664154052623e-01,7.068611681461334229e-02,5.925434529781341275e-02,1.141480803489685059e-01,1.298693031072616633e-01,8.695606142282485962e-02,8.346403911709784906e-02,2.703427709639072418e-02,2.451707776635885308e-02,1.066194474697113037e-02,1.246085409075021674e-02,1.285589314647950232e-05,1.285589314647950232e-05
2.830162346363067627e-01,3.171663731336593628e-01,2.830290794372558594e-01,3.171792179346084595e-01,5.402036383748054504e-02,6.485428251326083582e-02,1.119520664215087891e-01,1.343874961137771495e-01,7.850641757249832153e-02,8.142284676432609558e-02,2.649427391588687897e-02,2.447515055537223885e-02,1.204311382025480270e-02,1.202659867703914642e-02,1.285670987272169441e-05,1.285670987272169441e-05
2.794551253318786621e-01,2.836394011974334717e-01,2.794679999351501465e-01,2.836522758007049561e-01,6.169907748699188232e-02,5.786980167031288008e-02,1.063307821750640869e-01,1.128471441566944178e-01,7.934768497943878174e-02,7.916885614395141602e-02,2.403070963919162750e-02,2.439055982977151801e-02,8.046861737966537476e-03,9.363048151135444988e-03,1.286314181925263256e-05,1.286314181925263256e-05
2.699039578437805176e-01,2.787393361330032238e-01,2.699168324470520020e-01,2.787522107362747081e-01,6.018550693988800049e-02,6.037721261382102828e-02,1.054623201489448547e-01,1.049914196133613642e-01,6.842956691980361938e-02,7.726115584373474676e-02,2.668144181370735168e-02,2.416282631456851890e-02,9.145122021436691284e-03,1.194671783596277202e-02,1.286768747377209365e-05,1.286768747377209365e-05
2.177228778600692749e-01,2.772701412439346202e-01,2.177357375621795654e-01,2.772830158472061046e-01,4.001129046082496643e-02,5.811033099889754971e-02,8.082997053861618042e-02,1.094264850020408575e-01,7.235259562730789185e-02,7.584218233823776523e-02,1.693953573703765869e-02,2.411153893917799065e-02,7.589487358927726746e-03,9.779614768922329296e-03,1.286681253986898810e-05,1.286681253986898810e-05
2.232286334037780762e-01,2.690885007381439431e-01,2.232415080070495605e-01,2.691013753414154275e-01,4.150313884019851685e-02,5.573523864150047025e-02,8.396561443805694580e-02,1.058144435286521856e-01,7.135959714651107788e-02,7.490179091691970270e-02,1.961663924157619476e-02,2.393918782472610404e-02,6.783636752516031265e-03,8.697840757668018688e-03,1.287149734707782045e-05,1.287149734707782045e-05
2.243118733167648315e-01,2.611172378063201793e-01,2.243247479200363159e-01,2.611301124095916637e-01,4.323628544807434082e-02,5.364614464342594424e-02,9.389029443264007568e-02,1.012067459523677826e-01,6.499028205871582031e-02,7.474048510193824491e-02,1.746509969234466553e-02,2.380555644631385942e-02,4.729906562715768814e-03,7.718302588909864252e-03,1.287450504605658352e-05,1.287450504605658352e-05
2.327746897935867310e-01,2.627364516258239857e-01,2.327875643968582153e-01,2.627493262290954701e-01,4.917258024215698242e-02,5.567675717175006589e-02,8.991262316703796387e-02,1.033146984875202151e-01,6.643638759851455688e-02,7.184559404850006381e-02,2.048823237419128418e-02,2.363984007388353348e-02,6.764868274331092834e-03,8.259567245841027000e-03,1.287952818529447541e-05,1.287952818529447541e-05
2.862137854099273682e-01,2.628141224384307750e-01,2.862266600131988525e-01,2.628269970417022594e-01,7.369238138198852539e-02,5.681527070701122145e-02,1.060573682188987732e-01,1.018933415412902888e-01,6.594628840684890747e-02,7.108123525977134982e-02,3.046147711575031281e-02,2.339730504900217056e-02,1.005626749247312546e-02,9.626966156065463326e-03,1.288339899474522099e-05,1.288339899474522099e-05
2.662446200847625732e-01,2.640774607658386008e-01,2.662574946880340576e-01,2.640903353691100852e-01,6.104294955730438232e-02,5.424681231379509250e-02,1.077223718166351318e-01,1.080385804176330622e-01,6.834220141172409058e-02,7.077734917402267456e-02,2.060998976230621338e-02,2.331785373389720986e-02,8.527116850018501282e-03,7.696870341897010456e-03,1.288488056161440909e-05,1.288488056161440909e-05
2.645878195762634277e-01,2.500326886773109325e-01,2.646007239818572998e-01,2.500455856323242076e-01,5.978292599320411682e-02,5.234366320073604445e-02,9.767604619264602661e-02,9.727711752057074945e-02,6.970706582069396973e-02,6.977389678359031955e-02,2.722158841788768768e-02,2.301525231450796127e-02,1.020020991563796997e-02,7.622762722894549717e-03,1.289274223381653428e-05,1.289274223381653428e-05
2.281880527734756470e-01,2.474046170711517445e-01,2.282009422779083252e-01,2.474175125360488781e-01,4.481908679008483887e-02,5.344833135604858121e-02,8.373444527387619019e-02,9.328851401805877963e-02,7.238369435071945190e-02,6.991308853030205051e-02,1.737085357308387756e-02,2.292829975485801558e-02,9.879966266453266144e-03,7.826385041698812745e-03,1.289383362745866179e-05,1.289383362745866179e-05
2.298406809568405151e-01,2.472314760088920593e-01,2.298535704612731934e-01,2.472443699836731068e-01,5.125320702791213989e-02,5.445483513176441193e-02,8.335580676794052124e-02,9.400016963481902521e-02,6.414045393466949463e-02,6.790840178728103915e-02,2.302120439708232880e-02,2.290856223553418974e-02,8.070008829236030579e-03,7.959505030885338089e-03,1.289631654799450189e-05,1.289631654799450189e-05
2.446841150522232056e-01,2.511222496628761069e-01,2.446970194578170776e-01,2.511351540684699790e-01,5.126739665865898132e-02,5.443846173584461490e-02,9.062209725379943848e-02,9.809606522321701050e-02,7.211750000715255737e-02,6.736585050821304599e-02,2.319135889410972595e-02,2.285071983933448930e-02,7.485768292099237442e-03,8.371149189770221710e-03,1.290228465222753584e-05,1.290228465222753584e-05
2.064650356769561768e-01,2.541402027010917775e-01,2.064779400825500488e-01,2.541531071066856495e-01,3.787659481167793274e-02,5.394628867506980757e-02,8.419019728899002075e-02,1.036906369030475561e-01,6.095936149358749390e-02,6.617407947778701505e-02,1.694630086421966553e-02,2.271781209856271744e-02,6.492577493190765381e-03,7.611380051821469914e-03,1.290480031457263976e-05,1.290480031457263976e-05
2.490359693765640259e-01,2.615841463208198325e-01,2.490488737821578979e-01,2.615970507264137046e-01,5.637509375810623169e-02,5.400590375065803667e-02,8.744579553604125977e-02,1.114905253052711487e-01,7.203269749879837036e-02,6.533886194229125699e-02,2.526915818452835083e-02,2.246600314974784782e-02,7.913241162896156311e-03,8.282859530299901268e-03,1.290972977585624903e-05,1.290972977585624903e-05
2.123461812734603882e-01,3.383972942829132080e-01,2.123591005802154541e-01,3.384101986885070801e-01,4.191363602876663208e-02,7.076821476221084595e-02,7.981404662132263184e-02,1.647889852523803655e-01,6.880298256874084473e-02,6.537586376070976535e-02,1.523331645876169205e-02,2.248012013733386924e-02,6.582204252481460571e-03,1.498411968350410461e-02,1.291207081521861255e-05,1.291207081521861255e-05
2.462313920259475708e-01,2.810313880443572887e-01,2.462443113327026367e-01,2.810442924499511608e-01,5.153296142816543579e-02,5.754891484975814542e-02,1.005612015724182129e-01,1.247326664626598330e-01,6.750409305095672607e-02,6.627074927091598788e-02,1.976692117750644684e-02,2.236078940331935952e-02,6.866212934255599976e-03,1.011826414614915882e-02,1.291746411880012602e-05,1.291746411880012602e-05
2.981700897216796875e-01,3.133810728788375966e-01,2.981830239295959473e-01,3.133940070867538563e-01,5.411225557327270508e-02,5.232538953423500339e-02,1.451983302831649780e-01,1.628254577517509460e-01,6.679333746433258057e-02,6.720683723688125610e-02,2.220083959400653839e-02,2.257655039429664473e-02,9.865316562354564667e-03,8.446839824318885109e-03,1.292466276936465874e-05,1.292466276936465874e-05
2.796887457370758057e-01,2.973987191915511974e-01,2.797016799449920654e-01,2.974116533994674572e-01,6.431179493665695190e-02,5.619387067854404727e-02,1.146328672766685486e-01,1.405611179769039043e-01,6.722379475831985474e-02,6.906976625323295316e-02,2.373460866510868073e-02,2.225485965609550615e-02,9.785675443708896637e-03,9.319098200649023056e-03,1.292846263822866604e-05,1.292846263822866604e-05
2.566434741020202637e-01,3.309764236211776844e-01,2.566564083099365234e-01,3.309893578290939442e-01,5.080193653702735901e-02,5.710187889635563036e-02,1.058747768402099609e-01,1.753445923328399714e-01,6.646772474050521851e-02,6.663588434457778931e-02,2.168959751725196838e-02,2.245938032865524292e-02,1.180943287909030914e-02,9.434678871184588173e-03,1.293817967962240800e-05,1.293817967962240800e-05
2.728529870510101318e-01,3.116568505764007457e-01,2.728659212589263916e-01,3.116697847843170055e-01,6.473717093467712402e-02,6.303126513957976740e-02,1.161200106143951416e-01,1.485587082803249415e-01,5.971013009548187256e-02,6.548586040735245029e-02,1.990348473191261292e-02,2.232289239764213493e-02,1.238218694925308228e-02,1.225811978802084957e-02,1.294055709877284244e-05,1.294055709877284244e-05
4.560326933860778809e-01,4.118577748537063377e-01,4.560456275939941406e-01,4.118707090616225974e-01,5.785550922155380249e-02,7.128283455967902860e-02,2.942425012588500977e-01,2.327690988779068104e-01,7.494510710239410400e-02,7.146796137094497958e-02,1.983132772147655487e-02,2.238621562719345093e-02,9.158223867416381836e-03,1.395166600123047898e-02,1.294072717428207397e-05,1.294072717428207397e-05
6.618117690086364746e-01,6.610967099666595903e-01,6.618247032165527344e-01,6.611096441745758501e-01,9.535141289234161377e-02,8.528153896331787387e-02,4.441731274127960205e-01,4.527305185794830433e-01,7.247710973024368286e-02,7.660969793796539029e-02,2.576058730483055115e-02,2.437949907034635613e-02,2.404954098165035248e-02,2.209545169025659700e-02,1.295848778681829572e-05,1.295848778681829572e-05
5.031498670578002930e-01,5.543560564517975298e-01,5.031628608703613281e-01,5.543690502643585649e-01,1.077926009893417358e-01,8.583231419324874323e-02,2.539078295230865479e-01,3.206511944532394187e-01,8.791305124759674072e-02,9.824855029582976740e-02,2.435119450092315674e-02,2.614927235990762572e-02,2.918525971472263336e-02,2.347471639513969491e-02,1.296807204198557884e-05,1.296807204198557884e-05
4.402526915073394775e-01,4.162993729114532471e-01,4.402656853199005127e-01,4.163123667240142822e-01,7.949370145797729492e-02,6.746664196252823154e-02,2.172100096940994263e-01,2.046321079134941212e-01,9.970529377460479736e-02,1.035001657903194400e-01,2.871871925890445709e-02,2.553540002554655075e-02,1.512501761317253113e-02,1.516505824401974747e-02,1.299419818678870797e-05,1.299419818678870797e-05
3.473547697067260742e-01,3.462170779705047718e-01,3.473677933216094971e-01,3.462301015853881947e-01,7.162826508283615112e-02,5.787708312273025235e-02,1.523047089576721191e-01,1.655132442712783924e-01,8.405587822198867798e-02,8.754926994442939481e-02,2.715682238340377808e-02,2.589318994432687759e-02,1.220908015966415405e-02,9.384294413030147899e-03,1.302318014495540410e-05,1.302318014495540410e-05
2.821649014949798584e-01,3.156431317329406738e-01,2.821779251098632812e-01,3.156561553478240967e-01,6.074850633740425110e-02,5.749926343560218811e-02,1.167821511626243591e-01,1.405178964138031061e-01,6.923336535692214966e-02,8.332176059484482089e-02,2.883946336805820465e-02,2.557232119143009255e-02,6.561405491083860397e-03,8.731887862086295388e-03,1.303163753618719056e-05,1.303163753618719056e-05
2.703122496604919434e-01,2.837549626827239879e-01,2.703252732753753662e-01,2.837679862976074108e-01,5.910267680883407593e-02,5.540308542549610138e-02,9.959816932678222656e-02,1.160030797123909052e-01,7.885435223579406738e-02,7.898819297552109320e-02,2.543672919273376465e-02,2.505317814648151328e-02,7.320307195186614990e-03,8.307427167892456055e-03,1.303693170484621078e-05,1.303693170484621078e-05
3.023768961429595947e-01,2.682830989360809326e-01,3.023899197578430176e-01,2.682961225509643555e-01,6.969833374023437500e-02,5.496144630014896532e-02,1.244728863239288330e-01,1.072173193097114563e-01,7.306863367557525635e-02,7.375439777970313471e-02,2.725329622626304626e-02,2.503401543945073943e-02,7.883719168603420258e-03,7.315927138552069837e-03,1.303802127949893475e-05,1.303802127949893475e-05
2.519839704036712646e-01,2.656216472387313843e-01,2.519969940185546875e-01,2.656346708536148071e-01,5.887997522950172424e-02,5.553365536034107069e-02,9.847517311573028564e-02,1.050360754132270841e-01,5.870853736996650696e-02,7.250309437513351163e-02,2.529433742165565491e-02,2.452606428414583206e-02,1.062595378607511520e-02,8.022759901359676968e-03,1.303782755712745711e-05,1.303782755712745711e-05
2.594266235828399658e-01,2.644042789936065785e-01,2.594396770000457764e-01,2.644173324108123890e-01,5.154412239789962769e-02,5.553722567856311798e-02,9.269373118877410889e-02,1.039403468370437567e-01,8.435834944248199463e-02,7.283422276377678195e-02,2.355021424591541290e-02,2.474217172712087770e-02,7.280191406607627869e-03,7.350309100002050226e-03,1.303986846323823556e-05,1.303986846323823556e-05
2.041433006525039673e-01,2.560564965009689553e-01,2.041563391685485840e-01,2.560695454478263966e-01,3.644020855426788330e-02,5.443620719015598158e-02,7.679864764213562012e-02,9.947102293372153681e-02,6.892900913953781128e-02,7.056199833750724515e-02,1.592500321567058563e-02,2.446877881884574821e-02,6.050440017133951187e-03,7.118494063615798777e-03,1.304244324273895472e-05,1.304244324273895472e-05
2.783888578414916992e-01,2.507765844464301952e-01,2.784019112586975098e-01,2.507896319031715504e-01,6.870021671056747437e-02,5.169856920838356018e-02,1.171381399035453796e-01,9.949043914675712030e-02,5.822166427969932556e-02,6.902088150382042209e-02,2.917659468948841095e-02,2.414998151361942222e-02,5.152232944965362549e-03,6.416719174012541771e-03,1.304237412114161998e-05,1.304237412114161998e-05
2.024482488632202148e-01,2.576646253466606251e-01,2.024612873792648315e-01,2.576776757836342080e-01,4.543929174542427063e-02,5.301494859158992906e-02,7.533152401447296143e-02,1.070495739579200717e-01,5.447077751159667969e-02,6.741947159171104986e-02,1.886318437755107880e-02,2.394923623651266237e-02,8.343480527400970459e-03,6.231404002755880009e-03,1.303987028222763911e-05,1.303987028222763911e-05
2.414747774600982666e-01,2.423405796289443970e-01,2.414878159761428833e-01,2.423536196351051275e-01,5.623273178935050964e-02,5.257205665111541748e-02,8.960600942373275757e-02,9.378604963421821594e-02,6.445206701755523682e-02,6.587717384099960050e-02,2.485366165637969971e-02,2.374871131032705446e-02,6.330312695354223251e-03,6.356586748734116381e-03,1.304270972468657419e-05,1.304270972468657419e-05
1.960638612508773804e-01,3.114951938390732034e-01,1.960769146680831909e-01,3.115082472562790139e-01,3.833456337451934814e-02,5.462226085364818573e-02,8.313515037298202515e-02,1.618319727480411474e-01,5.742007121443748474e-02,6.423978880047798157e-02,1.285649836063385010e-02,2.360023073852062295e-02,4.317581653594970703e-03,7.200938416644930840e-03,1.304672878177370876e-05,1.304672878177370876e-05
2.361664772033691406e-01,3.438029825687408669e-01,2.361795306205749512e-01,3.438160359859466775e-01,5.319135636091232300e-02,5.941630974411964139e-02,1.007232889533042908e-01,1.882183417677879278e-01,5.527218803763389587e-02,6.254336498677730283e-02,1.849249564111232758e-02,2.349229939281940321e-02,8.487142622470855713e-03,1.013266518712043797e-02,1.305489877267973498e-05,1.305489877267973498e-05
4.612056016921997070e-01,3.635246634483337291e-01,4.612186551094055176e-01,3.635377168655395397e-01,6.101265549659729004e-02,6.025930307805538177e-02,2.940860986709594727e-01,1.973712041974067799e-01,7.200545817613601685e-02,6.984405443072319586e-02,2.464986406266689301e-02,2.444901429116725852e-02,9.451538324356079102e-03,1.160109685733914410e-02,1.306043304794002324e-05,1.306043304794002324e-05
3.330895602703094482e-01,3.755013614892959706e-01,3.331026434898376465e-01,3.755144447088241688e-01,6.170452013611793518e-02,6.057631969451904297e-02,1.550565212965011597e-01,2.021681517362594604e-01,8.140496909618377686e-02,7.591951340436935147e-02,2.657545544207096100e-02,2.632119972258806229e-02,8.348097093403339386e-03,1.051617637276649510e-02,1.307414731854805723e-05,1.307414731854805723e-05
4.279174506664276123e-01,3.394654661417007557e-01,4.279305338859558105e-01,3.394785493612289540e-01,1.015764772891998291e-01,6.465315781533717554e-02,1.837663650512695312e-01,1.666634321212768499e-01,9.011360257863998413e-02,7.168068289756775180e-02,3.899642452597618103e-02,2.557942420244217058e-02,1.346457097679376602e-02,1.088876044377684593e-02,1.308630908170016482e-05,1.308630908170016482e-05
2.492181658744812012e-01,3.555309742689132801e-01,2.492312490940093994e-01,3.555440574884414784e-01,4.910663515329360962e-02,7.482035011053085605e-02,1.067514419555664062e-01,1.656636074185371399e-01,6.628412753343582153e-02,7.000209391117095947e-02,1.883190311491489410e-02,2.503243051469326158e-02,8.244061842560768127e-03,2.001248952001333237e-02,1.309053914155811071e-05,1.309053914155811071e-05
2.948627471923828125e-01,3.180199116468429565e-01,2.948758602142333984e-01,3.180330246686935425e-01,6.459946930408477783e-02,5.660257935523986539e-02,1.082720011472702026e-01,1.577726207673549597e-01,9.019801765680313110e-02,7.107852324843406955e-02,2.412976324558258057e-02,2.435364425182342391e-02,7.663477677851915359e-03,8.212549518793821682e-03,1.310023435507901013e-05,1.310023435507901013e-05
3.472640216350555420e-01,4.210558801889419667e-01,3.472771346569061279e-01,4.210689932107925526e-01,7.181712985038757324e-02,7.028850466012954989e-02,1.643845140933990479e-01,2.307058915495872609e-01,7.426252216100692749e-02,8.278273791074752808e-02,2.498325891792774200e-02,2.413121797144412994e-02,1.181660220026969910e-02,1.314752111211419175e-02,1.310859897785121575e-05,1.310859897785121575e-05
4.048911333084106445e-01,4.941120028495788463e-01,4.049042761325836182e-01,4.941251337528228538e-01,1.019926518201828003e-01,9.694294035434722345e-02,1.754420250654220581e-01,2.709523603320121987e-01,8.202930539846420288e-02,8.262839540839195251e-02,2.689086459577083588e-02,2.558546550571918349e-02,1.853626966476440430e-02,1.800283435732126167e-02,1.313316897721961141e-05,1.313316897721961141e-05
3.183987736701965332e-01,3.998941153287887684e-01,3.184119164943695068e-01,3.999072581529617421e-01,5.534023791551589966e-02,6.498738229274750311e-02,1.638822704553604126e-01,2.198935657739639338e-01,6.986279785633087158e-02,7.870782017707825262e-02,2.098430693149566650e-02,2.403938639909029146e-02,8.329166099429130554e-03,1.226596636697649921e-02,1.315471399720991030e-05,1.315471399720991030e-05
2.749128043651580811e-01,3.239710211753845104e-01,2.749259769916534424e-01,3.239841938018798717e-01,4.970645532011985779e-02,5.776851288974284987e-02,1.240537762641906738e-01,1.599420994520187322e-01,7.468865066766738892e-02,7.289977669715881625e-02,2.086851187050342560e-02,2.432395014911890169e-02,5.595413967967033386e-03,9.036679286509752274e-03,1.317520855081966147e-05,1.317520855081966147e-05
2.993828058242797852e-01,2.982496351003646740e-01,2.993959784507751465e-01,2.982628077268600353e-01,6.009088456630706787e-02,5.448027625679970065e-02,1.287161260843276978e-01,1.448751583695411793e-01,7.610075920820236206e-02,6.824172288179397583e-02,2.697026170790195465e-02,2.341241482645273209e-02,7.504756562411785126e-03,7.240064535290002476e-03,1.318563408858608454e-05,1.318563408858608454e-05
2.345524728298187256e-01,2.942315757274627797e-01,2.345656603574752808e-01,2.942447483539581410e-01,4.386579245328903198e-02,5.445655658841132979e-02,1.014058813452720642e-01,1.440483048558235113e-01,6.830283254384994507e-02,6.525477096438407620e-02,1.656793989241123199e-02,2.329715974628925393e-02,4.410025663673877716e-03,7.174787484109402050e-03,1.318459089816315100e-05,1.318459089816315100e-05
2.484351098537445068e-01,2.729612946510314719e-01,2.484482973814010620e-01,2.729744672775268333e-01,5.403001606464385986e-02,5.532693564891814908e-02,1.014661416411399841e-01,1.246382750570774051e-01,6.401596218347549438e-02,6.274165213108062744e-02,2.280371263623237610e-02,2.316648960113525460e-02,6.119288504123687744e-03,7.087946124374866659e-03,1.318608701694756746e-05,1.318608701694756746e-05
2.588377594947814941e-01,2.517992019653320090e-01,2.588509321212768555e-01,2.518123790621757396e-01,5.874681100249290466e-02,5.385905019938945493e-02,1.114405170083045959e-01,1.055880486965179443e-01,5.698152258992195129e-02,6.223009265959263125e-02,2.374923415482044220e-02,2.293429542332887580e-02,7.919657044112682343e-03,7.187720621004700661e-03,1.318561226071324199e-05,1.318561226071324199e-05
2.988483309745788574e-01,2.496414497494697515e-01,2.988615036010742188e-01,2.496546283364295959e-01,7.487480342388153076e-02,5.339519493281841278e-02,1.235260963439941406e-01,1.054018169641494779e-01,6.336400657892227173e-02,6.185020729899406294e-02,2.842781133949756622e-02,2.277344185858964920e-02,8.655603975057601929e-03,6.220787949860096151e-03,1.318339127465151250e-05,1.318339127465151250e-05
2.206829786300659180e-01,2.359541267156601008e-01,2.206961661577224731e-01,2.359673142433166559e-01,4.758861660957336426e-02,5.235194191336631914e-02,9.624692797660827637e-02,9.585902765393257419e-02,5.193908512592315674e-02,5.891509763896465163e-02,2.085437811911106110e-02,2.269262373447418144e-02,4.053957760334014893e-03,6.135436333715915333e-03,1.318522936344379559e-05,1.318522936344379559e-05
2.765553295612335205e-01,2.296070367097854670e-01,2.765685021877288818e-01,2.296202242374420222e-01,7.684170454740524292e-02,5.179576352238655229e-02,1.126842722296714783e-01,9.139949306845665533e-02,4.979895427823066711e-02,5.773663893342018127e-02,3.181650862097740173e-02,2.262233737856149743e-02,5.413888022303581238e-03,6.052799429744482387e-03,1.318701833952218294e-05,1.318701833952218294e-05
2.827019989490509033e-01,2.366005703806877136e-01,2.827151715755462646e-01,2.366137579083442688e-01,7.380924373865127563e-02,5.316759757697582522e-02,1.118333265185356140e-01,9.752565696835517606e-02,6.236862018704414368e-02,5.611214153468609134e-02,2.737676165997982025e-02,2.253898922353982787e-02,7.314051501452922821e-03,7.256188755854963909e-03,1.318405611527850851e-05,1.318405611527850851e-05
2.735329568386077881e-01,2.451330244541168324e-01,2.735461294651031494e-01,2.451462075114250183e-01,6.112851947546005249e-02,5.275035165250301084e-02,1.240477189421653748e-01,1.064631536602973910e-01,5.972161516547203064e-02,5.708572454750537872e-02,2.249624021351337433e-02,2.233646921813487937e-02,6.138868164271116257e-03,6.497331755235790859e-03,1.318575050390791148e-05,1.318575050390791148e-05
5.011551380157470703e-01,3.807768523693084717e-01,5.011683106422424316e-01,3.807900249958038330e-01,8.016240596771240234e-02,5.421095937490463118e-02,3.225806355476379395e-01,2.406652420759201050e-01,6.222505122423171997e-02,5.667371414601803103e-02,2.934793382883071899e-02,2.223916798830032418e-02,6.839154753834009171e-03,6.987767759710550308e-03,1.318661088589578867e-05,1.318661088589578867e-05
2.594437897205352783e-01,3.443442612886428722e-01,2.594569921493530273e-01,3.443574637174606212e-01,5.781128257513046265e-02,5.872175730764865598e-02,1.179593279957771301e-01,1.965891480445861872e-01,5.080864951014518738e-02,5.727110318839549741e-02,2.372983843088150024e-02,2.302590794861316542e-02,9.134671650826931000e-03,8.736342843621968529e-03,1.319266084465198219e-05,1.319266084465198219e-05
